hotspot_id,event_count,latitude,longitude,hotspot_score,hotspot_category
606_3016,1,3016790.7956062946,606613.1070501306,12.5,LOW
606_3019,1,3019559.4915032582,606869.6357041583,12.5,LOW
607_3005,1,3005822.7528004996,607623.945845715,12.5,LOW
607_3006,1,3006003.9301749994,607936.1674922387,12.5,LOW
607_3017,1,3017443.67454388,607385.6403595782,12.5,LOW
607_3018,1,3018012.399393348,607317.4523224123,12.5,LOW
607_3019,1,3019006.323349923,607314.3709916667,12.5,LOW
608_3003,2,3003708.1324239755,608622.2494233223,25.0,MODERATE
608_3004,6,3004534.2959594466,608199.385572652,75.0,VERY_HIGH
608_3005,1,3005964.633799546,608016.2695639444,12.5,LOW
608_3006,1,3006163.12177024,608190.708958745,12.5,LOW
608_3019,1,3019633.5805668393,608317.8526415452,12.5,LOW
609_3004,1,3004437.872897715,609023.2517150103,12.5,LOW
609_3018,6,3018570.2125383285,609344.9823606183,75.0,VERY_HIGH
609_3019,2,3019661.828940653,609073.6573659617,25.0,MODERATE
610_3014,2,3014476.2824117495,610614.1963818029,25.0,MODERATE
611_3002,1,3002892.3888900285,611712.6913889276,12.5,LOW
612_3000,3,3000551.5182535215,612958.1119451934,37.5,MODERATE
612_3016,1,3016804.0699393423,612626.9928059548,12.5,LOW
613_3000,3,3000573.354634743,613333.3078923468,37.5,MODERATE
613_3001,2,3001186.713365852,613499.8014651998,25.0,MODERATE
613_3004,1,3004455.915763382,613102.5373695513,12.5,LOW
613_3005,3,3005175.1075074524,613234.4894624902,37.5,MODERATE
613_3015,5,3015424.5812297487,613549.8860420396,62.5,HIGH
613_3016,2,3016882.693823344,613151.553764736,25.0,MODERATE
614_3000,2,3000358.4050906487,614283.8755235679,25.0,MODERATE
614_3005,1,3005976.7456026375,614852.8943541416,12.5,LOW
614_3015,1,3015303.583172769,614450.3404441155,12.5,LOW
614_3022,1,3022294.651258729,614987.397708157,12.5,LOW
615_3005,2,3005640.1516786567,615065.2289153849,25.0,MODERATE
615_3015,1,3015478.194108547,615359.0125285825,12.5,LOW
615_3016,1,3016963.308565399,615551.4835239176,12.5,LOW
616_3002,2,3002707.467302311,616552.8628112756,25.0,MODERATE
616_3004,1,3004406.4476169064,616089.6681129964,12.5,LOW
616_3014,1,3014910.4795882036,616513.948846272,12.5,LOW
616_3015,1,3015795.097594199,616005.1466143957,12.5,LOW
616_3016,2,3016883.8634838797,616430.7826373684,25.0,MODERATE
616_3020,1,3020660.3375247084,616644.0880805542,12.5,LOW
616_3021,1,3021962.105193003,616645.4545175764,12.5,LOW
616_3022,3,3022199.54397391,616592.8772369117,37.5,MODERATE
617_3003,2,3003755.0180399474,617667.568760463,25.0,MODERATE
617_3006,1,3006852.3276572367,617979.5361313642,12.5,LOW
617_3014,3,3014482.4624729324,617252.390105869,37.5,MODERATE
617_3018,5,3018199.5565364263,617678.5860913816,62.5,HIGH
617_3021,1,3021744.6468801596,617733.391421456,12.5,LOW
617_3022,1,3022147.3365889215,617031.3165829508,12.5,LOW
618_3007,2,3007329.9591599433,618372.681548676,25.0,MODERATE
618_3010,1,3010968.464608124,618801.6309725628,12.5,LOW
618_3015,1,3015997.285795193,618508.5880053169,12.5,LOW
618_3018,3,3018493.055611586,618294.0727758617,37.5,MODERATE
618_3020,1,3020980.9787640455,618647.7925989546,12.5,LOW
618_3025,1,3025468.471599879,618382.0800672029,12.5,LOW
619_3007,2,3007643.538671567,619466.3875404559,25.0,MODERATE
619_3008,1,3008844.630556766,619718.9858615333,12.5,LOW
619_3011,1,3011326.2497750027,619843.6111754562,12.5,LOW
619_3015,2,3015402.856282939,619419.1974320419,25.0,MODERATE
619_3023,1,3023939.0834109443,619993.5938405019,12.5,LOW
619_3024,1,3024117.7555580135,619373.471278934,12.5,LOW
620_3002,1,3002631.219953066,620023.8560875288,12.5,LOW
620_3005,1,3005233.938126335,620265.7981271986,12.5,LOW
620_3012,2,3012223.375038871,620799.2155955839,25.0,MODERATE
620_3020,1,3020470.5466138353,620601.9242947095,12.5,LOW
620_3022,1,3022536.1563987494,620664.1902250656,12.5,LOW
620_3023,5,3023481.364779584,620266.3100516935,62.5,HIGH
621_3000,2,3000668.8376017013,621557.2760350285,25.0,MODERATE
621_3004,2,3004463.82766468,621923.5476693356,25.0,MODERATE
621_3005,2,3005441.6079504136,621524.4326352669,25.0,MODERATE
621_3014,2,3014284.796123335,621381.4694992956,25.0,MODERATE
621_3018,2,3018192.225176259,621597.5646665746,25.0,MODERATE
621_3024,2,3024789.836541618,621228.9082392371,25.0,MODERATE
622_3000,1,3000508.304698263,622602.4954721364,12.5,LOW
622_3011,7,3011245.3125050133,622269.4296393015,87.5,VERY_HIGH
622_3012,1,3012026.2943857736,622819.012218379,12.5,LOW
622_3013,3,3013569.5082323835,622239.8624194792,37.5,MODERATE
622_3015,1,3015930.41264556,622081.8130130115,12.5,LOW
623_3005,1,3005996.8996614004,623382.4437638276,12.5,LOW
623_3012,1,3012878.3453909047,623407.5428015535,12.5,LOW
623_3015,3,3015716.160097677,623438.8805381515,37.5,MODERATE
623_3025,1,3025267.4858571584,623311.4651842745,12.5,LOW
624_3011,1,3011466.0083390772,624956.7967101237,12.5,LOW
624_3017,1,3017618.975381107,624144.0579976626,12.5,LOW
625_3001,2,3001399.7753835963,625286.596282148,25.0,MODERATE
625_3009,1,3009416.738995975,625604.7957142724,12.5,LOW
625_3014,1,3014079.9720759634,625983.9717822282,12.5,LOW
625_3018,1,3018540.3870283146,625185.1792303228,12.5,LOW
625_3025,1,3025976.313380851,625854.5710989444,12.5,LOW
625_3026,1,3026010.829195848,625914.6646974534,12.5,LOW
626_3004,1,3004189.98566035,626398.2489579787,12.5,LOW
626_3011,5,3011466.95878015,626631.7828110732,62.5,HIGH
626_3015,1,3015006.4760465096,626002.0760269772,12.5,LOW
627_3008,1,3008347.9691410568,627627.3429920758,12.5,LOW
627_3016,1,3016879.941265401,627440.5299894308,12.5,LOW
628_3001,1,3001298.815582091,628065.896164831,12.5,LOW
628_3004,1,3004765.5442591715,628806.5714158219,12.5,LOW
628_3015,2,3015594.1329402626,628835.8488834056,25.0,MODERATE
628_3016,1,3016090.145507811,628141.7293122531,12.5,LOW
628_3019,1,3019598.64642618,628146.669509991,12.5,LOW
629_3001,1,3001198.362113278,629664.093948527,12.5,LOW
629_3003,3,3003379.711645967,629699.1191357587,37.5,MODERATE
629_3004,1,3004575.5554178967,629480.2537607942,12.5,LOW
629_3007,1,3007184.7718067407,629722.774794443,12.5,LOW
629_3012,2,3012427.7578169433,629463.0210251533,25.0,MODERATE
629_3013,2,3013611.917910205,629247.0931553207,25.0,MODERATE
629_3015,1,3015596.6933256662,629230.4459750351,12.5,LOW
629_3017,2,3017500.312479959,629239.5276500001,25.0,MODERATE
629_3029,1,3029601.672421037,629119.7697903865,12.5,LOW
629_3030,4,3030669.5851477394,629409.3352416576,50.0,HIGH
630_3000,1,3000844.132293202,630805.0289878504,12.5,LOW
630_3001,1,3001127.1239007106,630501.8898186581,12.5,LOW
630_3004,3,3004397.7886563265,630523.5842253465,37.5,MODERATE
630_3007,1,3007765.3788752304,630795.563692461,12.5,LOW
630_3010,1,3010779.5091211856,630904.066645128,12.5,LOW
630_3029,1,3029171.5884820637,630069.3233526398,12.5,LOW
631_3008,1,3008355.7648181934,631328.6988688838,12.5,LOW
631_3009,1,3009799.7832711195,631104.3040468355,12.5,LOW
631_3010,1,3010045.5528666098,631054.9514898539,12.5,LOW
631_3013,2,3013834.5633213995,631688.8585058604,25.0,MODERATE
631_3031,1,3031420.206296202,631408.05350435,12.5,LOW
632_2999,1,2999391.82278066,632871.9805106043,12.5,LOW
632_3001,2,3001370.2981852856,632837.0975659953,25.0,MODERATE
632_3009,1,3009393.18354184,632803.7025476786,12.5,LOW
633_3000,1,3000727.359085178,633146.9117447891,12.5,LOW
633_3001,1,3001966.883929207,633073.0919567703,12.5,LOW
633_3002,1,3002394.5135197914,633060.1939285955,12.5,LOW
633_3003,1,3003735.9479666846,633604.7357237879,12.5,LOW
633_3004,3,3004663.1339209154,633298.4234790708,37.5,MODERATE
633_3005,3,3005518.0077737323,633614.9888288284,37.5,MODERATE
633_3009,1,3009200.2869380973,633752.453657939,12.5,LOW
633_3013,2,3013268.2742775325,633411.440548357,25.0,MODERATE
633_3014,2,3014210.3324041693,633584.2494953284,25.0,MODERATE
634_2998,1,2998361.8232343164,634967.9707299826,12.5,LOW
634_3006,1,3006115.2190713394,634201.2728084598,12.5,LOW
634_3009,1,3009355.423733487,634155.2701759646,12.5,LOW
634_3014,1,3014066.6216423716,634096.0944509753,12.5,LOW
634_3031,2,3031341.653690704,634114.618910922,25.0,MODERATE
635_2999,1,2999065.259821863,635122.8585155974,12.5,LOW
635_3002,3,3002501.580326097,635663.7921425821,37.5,MODERATE
635_3003,1,3003243.1366289705,635834.6755632111,12.5,LOW
635_3005,1,3005940.3893639436,635111.5551793743,12.5,LOW
635_3006,2,3006526.8624229664,635801.5346173097,25.0,MODERATE
635_3011,1,3011711.535365492,635731.1064992314,12.5,LOW
635_3012,2,3012093.784922503,635929.0743171943,25.0,MODERATE
635_3018,2,3018825.164776149,635562.3873972257,25.0,MODERATE
635_3020,1,3020728.4221877772,635956.6255995345,12.5,LOW
635_3021,1,3021165.575746026,635407.4647069348,12.5,LOW
636_2998,1,2998020.1522095874,636657.3487440213,12.5,LOW
636_3001,1,3001174.5682534473,636639.31016835,12.5,LOW
636_3003,1,3003079.4624291104,636064.9280828838,12.5,LOW
636_3004,1,3004904.5510138907,636639.5829439999,12.5,LOW
636_3006,1,3006276.484768176,636858.4602047661,12.5,LOW
636_3011,1,3011711.3053861223,636275.8766303121,12.5,LOW
636_3012,2,3012775.5010970375,636488.3580764832,25.0,MODERATE
636_3016,1,3016337.501358971,636321.242840633,12.5,LOW
636_3021,1,3021166.821208936,636075.5185931486,12.5,LOW
637_3001,3,3001535.2950522783,637262.25006968,37.5,MODERATE
637_3002,2,3002126.488808012,637848.6038078691,25.0,MODERATE
637_3004,2,3004264.5039152782,637760.2499559605,25.0,MODERATE
637_3005,2,3005517.638311752,637113.2726470178,25.0,MODERATE
637_3006,3,3006442.2663688045,637283.3219365332,37.5,MODERATE
637_3008,3,3008584.6488862517,637595.4113961355,37.5,MODERATE
637_3009,1,3009620.3337938488,637826.0465154052,12.5,LOW
637_3010,3,3010667.4442928485,637708.0564445256,37.5,MODERATE
637_3011,5,3011430.4525403013,637703.0687517405,62.5,HIGH
637_3015,3,3015320.7527072546,637418.884668925,37.5,MODERATE
637_3017,2,3017392.250783179,637764.4384144356,25.0,MODERATE
637_3020,1,3020110.4236121336,637401.4329389143,12.5,LOW
638_2998,5,2998410.9295023405,638598.7332008523,62.5,HIGH
638_3001,1,3001995.3228073027,638224.558745631,12.5,LOW
638_3002,1,3002461.2428137837,638894.0203637799,12.5,LOW
638_3005,1,3005655.257420203,638836.258686675,12.5,LOW
638_3006,3,3006771.3736201436,638925.687494421,37.5,MODERATE
638_3007,1,3007335.433853412,638267.0713003144,12.5,LOW
638_3010,1,3010755.090613786,638581.1377851872,12.5,LOW
638_3011,2,3011368.1875446695,638636.2516874388,25.0,MODERATE
638_3015,1,3015469.997141525,638291.8724060869,12.5,LOW
638_3017,2,3017670.6680322504,638443.3136131656,25.0,MODERATE
639_2997,1,2997288.0948513346,639475.0012494032,12.5,LOW
639_2998,3,2998552.328922739,639137.7123666751,37.5,MODERATE
639_3002,2,3002053.634398812,639182.1222884835,25.0,MODERATE
639_3004,1,3004177.7131342096,639915.5191072241,12.5,LOW
639_3005,2,3005227.7142537883,639549.9618274551,25.0,MODERATE
640_2996,1,2996935.8552676686,640440.3773991077,12.5,LOW
640_2997,1,2997199.721557839,640101.3312551897,12.5,LOW
640_3001,1,3001627.7439390067,640032.2222266069,12.5,LOW
640_3004,3,3004902.98705621,640635.9477296062,37.5,MODERATE
640_3005,2,3005467.7595754974,640229.9147737275,25.0,MODERATE
640_3015,2,3015850.6767273163,640665.4724015712,25.0,MODERATE
640_3018,1,3018462.766962876,640048.6846403938,12.5,LOW
640_3020,1,3020434.5091688097,640496.5130670966,12.5,LOW
640_3021,1,3021753.4077023696,640366.0186664273,12.5,LOW
640_3022,1,3022087.9704676853,640293.5331576795,12.5,LOW
641_3004,2,3004696.6923521347,641580.676339916,25.0,MODERATE
641_3006,2,3006853.63084389,641669.0207477682,25.0,MODERATE
641_3013,1,3013371.7849783967,641902.7333903951,12.5,LOW
641_3016,1,3016270.732921101,641605.4522412571,12.5,LOW
641_3017,2,3017241.317535911,641570.9824442493,25.0,MODERATE
641_3020,1,3020818.886859279,641817.3672725719,12.5,LOW
642_2996,1,2996411.6525369585,642256.1905605829,12.5,LOW
642_2997,1,2997927.1024427074,642099.7817029449,12.5,LOW
642_2999,1,2999090.729189449,642123.6990772825,12.5,LOW
642_3001,2,3001526.614783958,642920.6470989953,25.0,MODERATE
642_3003,1,3003952.1166443354,642539.0062366454,12.5,LOW
642_3004,1,3004394.224008551,642985.486980582,12.5,LOW
642_3005,1,3005617.861638441,642338.2615605919,12.5,LOW
642_3009,1,3009963.0890740324,642828.8777284987,12.5,LOW
642_3010,1,3010142.349637602,642895.3672793885,12.5,LOW
642_3018,1,3018253.117915397,642173.9940576511,12.5,LOW
643_2996,2,2996613.970384863,643263.4581680598,25.0,MODERATE
643_2998,1,2998995.313203398,643196.2386234709,12.5,LOW
643_2999,1,2999080.812292292,643674.4631949863,12.5,LOW
643_3001,1,3001079.275366905,643224.5312164621,12.5,LOW
643_3004,1,3004891.1302076564,643109.1077049586,12.5,LOW
643_3005,1,3005534.4276589467,643109.9284296283,12.5,LOW
643_3006,1,3006583.2410979937,643849.3767984037,12.5,LOW
643_3010,1,3010194.165591301,643276.4659011455,12.5,LOW
643_3023,1,3023922.310764003,643499.6845042754,12.5,LOW
643_3027,1,3027912.744324079,643381.8409487552,12.5,LOW
644_2997,1,2997603.7947455198,644490.2633193857,12.5,LOW
644_2998,1,2998571.4401131757,644600.3188318274,12.5,LOW
644_3005,2,3005409.850487835,644709.4480762566,25.0,MODERATE
644_3006,1,3006062.7117697503,644879.382506504,12.5,LOW
644_3015,1,3015081.8747598436,644540.6954237267,12.5,LOW
644_3028,1,3028234.8173484,644073.2081737197,12.5,LOW
645_3004,1,3004848.6605493724,645284.5136264146,12.5,LOW
646_3013,2,3013875.5771736004,646753.4804898734,25.0,MODERATE
647_3004,2,3004648.448099561,647878.7923334627,25.0,MODERATE
647_3005,3,3005418.199209122,647454.8826897121,37.5,MODERATE
647_3006,1,3006029.1424226114,647255.3810637404,12.5,LOW
647_3009,1,3009179.0904711033,647630.8875846579,12.5,LOW
647_3012,3,3012353.716044637,647839.8128113368,37.5,MODERATE
647_3013,3,3013931.728424786,647162.5952201998,37.5,MODERATE
647_3023,1,3023955.595064259,647627.9320281808,12.5,LOW
647_3046,1,3046624.6171762017,647921.0512684002,12.5,LOW
648_3004,2,3004364.9821286914,648368.115427425,25.0,MODERATE
648_3005,1,3005653.4411278595,648272.9638448624,12.5,LOW
648_3008,1,3008206.970533864,648702.0411614474,12.5,LOW
648_3013,1,3013177.2511427966,648672.786894534,12.5,LOW
649_3004,2,3004792.4090671926,649875.8437486362,25.0,MODERATE
649_3005,5,3005203.218763626,649641.5563073128,62.5,HIGH
649_3007,2,3007411.6646476695,649497.4462519512,25.0,MODERATE
649_3013,6,3013511.09449836,649394.2742578144,75.0,VERY_HIGH
649_3022,1,3022233.2131695827,649014.922576614,12.5,LOW
649_3024,1,3024119.796892159,649285.4616355236,12.5,LOW
649_3032,1,3032906.1654520263,649929.6888282462,12.5,LOW
649_3033,1,3033871.6570352213,649851.9667048322,12.5,LOW
649_3034,1,3034530.944085413,649651.7213650132,12.5,LOW
649_3035,3,3035618.0980879324,649707.1620742838,37.5,MODERATE
649_3036,1,3036198.606922177,649601.1630509235,12.5,LOW
650_3004,4,3004843.101559924,650634.3754349241,50.0,HIGH
650_3007,2,3007292.9292096063,650496.6749423768,25.0,MODERATE
650_3014,2,3014500.2667865087,650926.4209847577,25.0,MODERATE
650_3031,2,3031247.9329115367,650121.6348267067,25.0,MODERATE
650_3035,3,3035856.7059026863,650924.4543477581,37.5,MODERATE
650_3037,1,3037009.0296630827,650181.7445372979,12.5,LOW
650_3038,2,3038494.9574900838,650536.5983210986,25.0,MODERATE
651_3007,2,3007183.533303129,651877.7144303259,25.0,MODERATE
651_3015,2,3015176.0775253205,651699.4285618127,25.0,MODERATE
651_3016,1,3016823.600446848,651902.0792517876,12.5,LOW
651_3040,5,3040670.4272150532,651130.6450526507,62.5,HIGH
651_3041,1,3041204.2617138475,651417.3452948481,12.5,LOW
651_3042,1,3042979.457277354,651870.6760096997,12.5,LOW
651_3043,1,3043767.268529602,651957.7344548441,12.5,LOW
652_3015,2,3015624.573546112,652755.6924711901,25.0,MODERATE
652_3028,6,3028799.9256075635,652624.4430886009,75.0,VERY_HIGH
652_3029,1,3029295.8720027865,652452.1134711856,12.5,LOW
652_3032,3,3032765.925277202,652611.9643986129,37.5,MODERATE
652_3044,2,3044678.297024495,652222.8539659521,25.0,MODERATE
652_3067,2,3067684.674306304,652806.8541989385,25.0,MODERATE
652_3068,2,3068463.765875947,652831.3115740895,25.0,MODERATE
652_3069,3,3069611.5367904343,652275.039801338,37.5,MODERATE
652_3070,1,3070364.1350016315,652069.3058058164,12.5,LOW
653_3015,2,3015894.1892359853,653564.1708865097,25.0,MODERATE
653_3016,1,3016150.5526728374,653480.92998094,12.5,LOW
653_3018,1,3018846.9266342805,653021.0916566707,12.5,LOW
653_3065,2,3065407.29436585,653931.3508459057,25.0,MODERATE
653_3066,1,3066485.7072767816,653536.9211450826,12.5,LOW
653_3067,1,3067618.844455064,653078.8545534622,12.5,LOW
654_3008,2,3008242.981238201,654749.93650665,25.0,MODERATE
654_3016,2,3016581.387906111,654463.0126178882,25.0,MODERATE
654_3022,5,3022330.637922195,654239.4386503584,62.5,HIGH
654_3044,4,3044441.081354686,654592.8648273894,50.0,HIGH
654_3047,1,3047239.941728583,654957.9962681789,12.5,LOW
654_3064,1,3064639.9464987065,654831.5313962072,12.5,LOW
654_3065,3,3065159.992223392,654256.8703816881,37.5,MODERATE
655_3032,1,3032634.523046486,655328.0519560688,12.5,LOW
655_3048,1,3048743.661544562,655719.3946080373,12.5,LOW
656_3034,2,3034655.910274158,656475.2875114265,25.0,MODERATE
656_3044,1,3044641.7788645565,656776.0628302643,12.5,LOW
656_3047,3,3047838.032420734,656548.5440931882,37.5,MODERATE
656_3048,3,3048542.1739270687,656224.9786857328,37.5,MODERATE
657_3009,1,3009935.580133559,657347.4623438455,12.5,LOW
657_3010,3,3010645.9658393674,657383.3707835738,37.5,MODERATE
657_3011,1,3011224.301699251,657273.2661500559,12.5,LOW
657_3019,1,3019882.7404566156,657295.3981332926,12.5,LOW
657_3045,2,3045916.697825767,657539.0684014454,25.0,MODERATE
657_3046,1,3046117.360839737,657821.8651836172,12.5,LOW
657_3062,1,3062411.9972184366,657517.9912527185,12.5,LOW
658_3008,4,3008575.889740278,658292.9535900017,50.0,HIGH
658_3009,1,3009953.207535971,658497.5952391316,12.5,LOW
658_3013,4,3013679.008005129,658551.7786535725,50.0,HIGH
658_3018,1,3018731.4564619013,658250.5870179747,12.5,LOW
658_3026,1,3026076.431943746,658318.675146148,12.5,LOW
658_3035,2,3035956.738895356,658304.1627244155,25.0,MODERATE
658_3045,3,3045900.7700428856,658451.1961471444,37.5,MODERATE
658_3046,3,3046318.558336519,658544.5643144505,37.5,MODERATE
658_3048,2,3048117.617988282,658510.4949353575,25.0,MODERATE
658_3059,1,3059780.8902097517,658519.656450241,12.5,LOW
658_3060,1,3060836.9327279264,658067.4318070852,12.5,LOW
659_3011,1,3011185.230282701,659282.6034421083,12.5,LOW
659_3014,1,3014198.6944043217,659090.2765200655,12.5,LOW
659_3028,1,3028714.0120482515,659966.5354215002,12.5,LOW
659_3031,1,3031563.0617866362,659635.4899805749,12.5,LOW
659_3033,2,3033835.1575718094,659788.6979006176,25.0,MODERATE
659_3035,2,3035484.6949301474,659410.2283420151,25.0,MODERATE
659_3046,1,3046732.9379366906,659004.7204562762,12.5,LOW
659_3056,2,3056239.8987184525,659728.2219489174,25.0,MODERATE
659_3057,1,3057258.3576855934,659819.0494535868,12.5,LOW
659_3058,1,3058488.5888673263,659029.9067471882,12.5,LOW
660_3012,1,3012919.5944435447,660349.9004992568,12.5,LOW
660_3014,2,3014741.9301148234,660956.3024074989,25.0,MODERATE
660_3024,1,3024826.440023431,660440.2203158059,12.5,LOW
660_3025,1,3025302.9176990828,660865.5613879096,12.5,LOW
660_3029,1,3029108.72952475,660725.2935121295,12.5,LOW
660_3031,4,3031249.1277541127,660522.888862969,50.0,HIGH
660_3033,8,3033588.9431060175,660500.574364757,100.0,VERY_HIGH
660_3047,1,3047691.855538454,660781.2385960318,12.5,LOW
660_3048,2,3048736.437632677,660149.7891457216,25.0,MODERATE
660_3055,1,3055912.259332569,660212.3782492375,12.5,LOW
661_3009,3,3009131.9632463553,661507.0459409737,37.5,MODERATE
661_3013,1,3013345.7394586504,661874.2078761925,12.5,LOW
661_3025,1,3025247.3646646943,661083.490460856,12.5,LOW
661_3029,3,3029440.3850254435,661296.1218760383,37.5,MODERATE
661_3030,1,3030005.1564680743,661485.6374061565,12.5,LOW
661_3047,1,3047944.9491174566,661537.8631793864,12.5,LOW
662_3009,2,3009571.6875540814,662455.8288682775,25.0,MODERATE
662_3013,1,3013636.157336359,662896.6509209833,12.5,LOW
662_3020,1,3020017.9342473047,662504.7029958924,12.5,LOW
662_3029,3,3029760.43307659,662166.4610094278,37.5,MODERATE
662_3030,1,3030084.324659482,662130.3231349268,12.5,LOW
662_3048,3,3048382.652520273,662351.5000175881,37.5,MODERATE
662_3049,1,3049018.8264186163,662664.9922758674,12.5,LOW
663_3008,1,3008976.360508483,663489.056588355,12.5,LOW
663_3010,1,3010164.3649947904,663145.8632987931,12.5,LOW
663_3011,1,3011980.485273973,663622.8365826638,12.5,LOW
663_3023,1,3023994.219032949,663167.1301270253,12.5,LOW
663_3024,1,3024006.044705716,663131.2472319537,12.5,LOW
663_3027,1,3027956.641464886,663697.3412687174,12.5,LOW
663_3048,2,3048856.5017410037,663302.2153849772,25.0,MODERATE
663_3049,1,3049677.385819155,663344.7555915617,12.5,LOW
663_3050,1,3050595.2163048107,663154.1846713396,12.5,LOW
663_3051,2,3051239.9564781925,663145.59098249,25.0,MODERATE
663_3052,1,3052908.133889106,663243.9606548151,12.5,LOW
663_3054,1,3054986.1414651405,663026.9782197973,12.5,LOW
663_3055,2,3055360.4484846983,663401.7246001286,25.0,MODERATE
664_3009,3,3009775.105819221,664517.3899898077,37.5,MODERATE
664_3010,1,3010102.7715763547,664247.517360373,12.5,LOW
664_3011,1,3011983.7084877794,664101.5610801072,12.5,LOW
664_3015,1,3015323.2805753457,664326.9198766876,12.5,LOW
664_3016,1,3016000.211571482,664309.7175072003,12.5,LOW
665_3009,1,3009893.616002339,665136.5494785609,12.5,LOW
665_3010,2,3010519.060348185,665837.0071475478,25.0,MODERATE
665_3028,1,3028733.5886851964,665863.4514413904,12.5,LOW
666_3010,1,3010439.7428923855,666385.0648199208,12.5,LOW
666_3028,4,3028600.032154391,666350.2565371477,50.0,HIGH
666_3057,1,3057138.610617998,666282.7332702496,12.5,LOW
667_3010,1,3010273.933453899,667288.8938721095,12.5,LOW
667_3015,1,3015556.684579828,667726.760910339,12.5,LOW
667_3016,1,3016049.1465524714,667956.6780672715,12.5,LOW
667_3028,2,3028638.752028219,667160.3734668469,25.0,MODERATE
667_3029,3,3029710.060423897,667432.103815555,37.5,MODERATE
667_3057,2,3057299.627374312,667137.2512186356,25.0,MODERATE
668_3012,1,3012028.128607689,668333.1503546922,12.5,LOW
668_3015,1,3015942.0680962047,668907.2659564053,12.5,LOW
668_3016,2,3016121.5152616203,668409.6563305192,25.0,MODERATE
668_3029,2,3029334.08202185,668491.9819361733,25.0,MODERATE
668_3030,1,3030047.9460559003,668362.6640537272,12.5,LOW
668_3058,2,3058265.726936619,668888.1341590087,25.0,MODERATE
669_3015,2,3015599.244484153,669610.649243969,25.0,MODERATE
669_3016,2,3016420.701716777,669582.8985128503,25.0,MODERATE
669_3028,5,3028540.7983288923,669256.6441073478,62.5,HIGH
670_3017,2,3017053.69080289,670732.2859604547,25.0,MODERATE
670_3028,2,3028955.73317427,670195.4276811848,25.0,MODERATE
670_3029,3,3029401.0306153907,670784.2238809078,37.5,MODERATE
670_3062,1,3062488.8544514403,670956.2605041158,12.5,LOW
671_3028,2,3028960.213561507,671624.3721894983,25.0,MODERATE
671_3063,1,3063671.950542349,671465.7341957574,12.5,LOW
674_3029,1,3029415.317478978,674658.7467378627,12.5,LOW
675_3028,1,3028348.924765526,675649.4964247171,12.5,LOW
675_3029,1,3029580.915725369,675043.8018283497,12.5,LOW
676_3015,1,3015778.698244064,676826.945544773,12.5,LOW
676_3016,1,3016859.7334867967,676866.5673506941,12.5,LOW
676_3028,1,3028084.8222095203,676771.7909144596,12.5,LOW
676_3029,1,3029204.989794291,676316.0654141203,12.5,LOW
677_3016,1,3016665.7285340717,677078.3982015722,12.5,LOW
677_3017,3,3017067.7785828672,677210.1996340493,37.5,MODERATE
677_3028,1,3028575.3622398525,677484.824110442,12.5,LOW
677_3029,1,3029391.9472550293,677973.2592991934,12.5,LOW
678_3018,1,3018734.3934776657,678583.5611526382,12.5,LOW
678_3030,1,3030238.9619304384,678854.0192981524,12.5,LOW
679_3019,1,3019714.7351324135,679740.9916964243,12.5,LOW
679_3029,1,3029924.1412189896,679221.3618215529,12.5,LOW
680_3020,1,3020154.8177613337,680160.9185045679,12.5,LOW
681_3022,1,3022606.4634916508,681717.2030378864,12.5,LOW
681_3027,1,3027827.2443315894,681917.9717341731,12.5,LOW
681_3028,1,3028168.638569815,681478.6666597212,12.5,LOW
682_3027,1,3027496.1468204455,682010.72565775,12.5,LOW
