cell_id,susceptibility_probability,neighbor_count,neighbor_mean_risk,neighbor_max_risk,neighbor_risk_std,neighbor_high_risk_fraction,spatial_pressure_score,spatial_category
3_1656,0.0100098936032178,0,0.0,0.0,0.0,0.0,0.0,LOW
4_988,0.016950869485096,0,0.0,0.0,0.0,0.0,0.0,LOW
5_1571,0.0141702832136074,0,0.0,0.0,0.0,0.0,0.0,LOW
10_680,0.028521037330115,0,0.0,0.0,0.0,0.0,0.0,LOW
12_491,0.0007432595523372,0,0.0,0.0,0.0,0.0,0.0,LOW
13_1255,0.0012717983651226,0,0.0,0.0,0.0,0.0,0.0,LOW
15_652,0.2646531801531802,0,0.0,0.0,0.0,0.0,0.0,LOW
15_1456,0.0052932269365511,0,0.0,0.0,0.0,0.0,0.0,LOW
16_317,0.0220009300177836,0,0.0,0.0,0.0,0.0,0.0,LOW
17_355,0.1212580213903743,0,0.0,0.0,0.0,0.0,0.0,LOW
20_1290,2.1798365122615804e-05,0,0.0,0.0,0.0,0.0,0.0,LOW
20_1453,0.0030122024055266,0,0.0,0.0,0.0,0.0,0.0,LOW
23_244,0.1526538406038406,0,0.0,0.0,0.0,0.0,0.0,LOW
27_1200,0.0099023539206781,0,0.0,0.0,0.0,0.0,0.0,LOW
29_729,0.0211548351491634,0,0.0,0.0,0.0,0.0,0.0,LOW
31_874,0.01915013636699,0,0.0,0.0,0.0,0.0,0.0,LOW
31_1025,0.002457848943546,0,0.0,0.0,0.0,0.0,0.0,LOW
32_1418,6.220240552665621e-05,0,0.0,0.0,0.0,0.0,0.0,LOW
33_13,0.4260781725964528,0,0.0,0.0,0.0,0.0,0.0,LOW
33_708,0.0023055357388599,0,0.0,0.0,0.0,0.0,0.0,LOW
39_194,0.1300831612831613,0,0.0,0.0,0.0,0.0,0.0,LOW
40_15,0.0928772099880795,0,0.0,0.0,0.0,0.0,0.0,LOW
41_966,0.0448966596305199,0,0.0,0.0,0.0,0.0,0.0,LOW
44_642,0.04196158579991,0,0.0,0.0,0.0,0.0,0.0,LOW
44_777,0.0154936309769552,0,0.0,0.0,0.0,0.0,0.0,LOW
44_843,0.0023868492959269,0,0.0,0.0,0.0,0.0,0.0,LOW
44_1523,0.0986740981240981,0,0.0,0.0,0.0,0.0,0.0,LOW
47_1039,7.659288567056101e-05,0,0.0,0.0,0.0,0.0,0.0,LOW
51_586,0.00637540240948,0,0.0,0.0,0.0,0.0,0.0,LOW
51_1520,0.0140601257382325,0,0.0,0.0,0.0,0.0,0.0,LOW
52_235,0.3170483753834816,0,0.0,0.0,0.0,0.0,0.0,LOW
53_566,0.3586772402235446,0,0.0,0.0,0.0,0.0,0.0,LOW
53_801,0.0006665180522151,0,0.0,0.0,0.0,0.0,0.0,LOW
59_1544,0.0123489023345994,0,0.0,0.0,0.0,0.0,0.0,LOW
61_1203,6.220240552665621e-05,0,0.0,0.0,0.0,0.0,0.0,LOW
62_218,0.7532799020424019,0,0.0,0.0,0.0,0.0,0.0,LOW
62_993,0.126005266955267,0,0.0,0.0,0.0,0.0,0.0,LOW
62_1076,0.0058813547904324,0,0.0,0.0,0.0,0.0,0.0,LOW
67_1132,2.1798365122615804e-05,0,0.0,0.0,0.0,0.0,0.0,LOW
69_27,0.4316771766880461,0,0.0,0.0,0.0,0.0,0.0,LOW
70_593,0.0077376713809956,0,0.0,0.0,0.0,0.0,0.0,LOW
80_1256,0.0018538690721933,0,0.0,0.0,0.0,0.0,0.0,LOW
83_532,0.0999959750054757,0,0.0,0.0,0.0,0.0,0.0,LOW
84_1435,0.0279374458874458,0,0.0,0.0,0.0,0.0,0.0,LOW
85_1002,0.020893154786479,0,0.0,0.0,0.0,0.0,0.0,LOW
87_1024,0.1951306794654621,0,0.0,0.0,0.0,0.0,0.0,LOW
92_891,0.00014438949584,0,0.0,0.0,0.0,0.0,0.0,LOW
93_93,0.6908721354125281,0,0.0,0.0,0.0,0.0,0.0,LOW
93_428,0.0016535159625936,0,0.0,0.0,0.0,0.0,0.0,LOW
94_580,0.0238975061227602,0,0.0,0.0,0.0,0.0,0.0,LOW
96_631,0.0066060301151077,0,0.0,0.0,0.0,0.0,0.0,LOW
97_1012,0.0818039398196932,0,0.0,0.0,0.0,0.0,0.0,LOW
101_401,0.1135609575846148,0,0.0,0.0,0.0,0.0,0.0,LOW
102_554,0.0124385979380986,0,0.0,0.0,0.0,0.0,0.0,LOW
102_1442,0.0015932269365511,0,0.0,0.0,0.0,0.0,0.0,LOW
104_1297,0.0125535159625936,0,0.0,0.0,0.0,0.0,0.0,LOW
105_74,0.2038334733893556,0,0.0,0.0,0.0,0.0,0.0,LOW
107_1391,2.1798365122615804e-05,0,0.0,0.0,0.0,0.0,0.0,LOW
110_97,0.272133116883117,0,0.0,0.0,0.0,0.0,0.0,LOW
110_951,2.1798365122615804e-05,0,0.0,0.0,0.0,0.0,0.0,LOW
111_1425,6.220240552665621e-05,0,0.0,0.0,0.0,0.0,0.0,LOW
112_1345,0.0046649801833044,0,0.0,0.0,0.0,0.0,0.0,LOW
114_1106,0.0111932595523372,0,0.0,0.0,0.0,0.0,0.0,LOW
118_1383,2.1798365122615804e-05,0,0.0,0.0,0.0,0.0,0.0,LOW
122_433,0.359889707756012,0,0.0,0.0,0.0,0.0,0.0,LOW
125_958,0.0022217983651226,0,0.0,0.0,0.0,0.0,0.0,LOW
126_1544,0.0191353015286257,0,0.0,0.0,0.0,0.0,0.0,LOW
130_1126,0.0142587031270273,0,0.0,0.0,0.0,0.0,0.0,LOW
132_516,0.075386444829769,0,0.0,0.0,0.0,0.0,0.0,LOW
134_1295,0.0005765928856705,0,0.0,0.0,0.0,0.0,0.0,LOW
138_675,0.0629670364603607,0,0.0,0.0,0.0,0.0,0.0,LOW
140_27,0.0299422937248946,0,0.0,0.0,0.0,0.0,0.0,LOW
141_1564,7.659288567056101e-05,0,0.0,0.0,0.0,0.0,0.0,LOW
142_942,0.0041991187848159,0,0.0,0.0,0.0,0.0,0.0,LOW
149_687,0.1174324210757453,1,0.1580890755323997,0.1580890755323997,0.0,0.0,11.066235287267979,LOW
150_686,0.1580890755323997,1,0.1174324210757453,0.1174324210757453,0.0,0.0,8.220269475302171,LOW
150_1110,0.0116832173346678,0,0.0,0.0,0.0,0.0,0.0,LOW
154_105,0.1493187978687979,1,0.3337698688284899,0.3337698688284899,0.0,0.0,23.363890817994296,LOW
156_103,0.3337698688284899,1,0.1493187978687979,0.1493187978687979,0.0,0.0,10.452315850815854,LOW
156_878,0.0158654207244984,0,0.0,0.0,0.0,0.0,0.0,LOW
158_1490,0.0028645833579076,0,0.0,0.0,0.0,0.0,0.0,LOW
159_757,0.0028991187848159,0,0.0,0.0,0.0,0.0,0.0,LOW
160_1535,6.220240552665621e-05,0,0.0,0.0,0.0,0.0,0.0,LOW
162_836,0.0034717983651226,0,0.0,0.0,0.0,0.0,0.0,LOW
163_823,2.1798365122615804e-05,0,0.0,0.0,0.0,0.0,0.0,LOW
165_1205,0.0028955357388599,0,0.0,0.0,0.0,0.0,0.0,LOW
167_997,6.220240552665621e-05,0,0.0,0.0,0.0,0.0,0.0,LOW
169_250,0.0911606631930161,0,0.0,0.0,0.0,0.0,0.0,LOW
171_726,0.0028099262190038,0,0.0,0.0,0.0,0.0,0.0,LOW
173_1302,2.1798365122615804e-05,0,0.0,0.0,0.0,0.0,0.0,LOW
175_1422,2.1798365122615804e-05,0,0.0,0.0,0.0,0.0,0.0,LOW
176_65,0.1560743867243867,0,0.0,0.0,0.0,0.0,0.0,LOW
177_441,0.0070864431803034,0,0.0,0.0,0.0,0.0,0.0,LOW
179_140,0.1249192346301042,0,0.0,0.0,0.0,0.0,0.0,LOW
179_393,0.0312525326463929,0,0.0,0.0,0.0,0.0,0.0,LOW
181_409,0.0672457882641125,0,0.0,0.0,0.0,0.0,0.0,LOW
182_1213,0.0170154491587734,0,0.0,0.0,0.0,0.0,0.0,LOW
183_57,0.0520562092440987,0,0.0,0.0,0.0,0.0,0.0,LOW
183_521,0.6647050316350318,0,0.0,0.0,0.0,0.0,0.0,LOW
185_39,0.7379189114806763,0,0.0,0.0,0.0,0.0,0.0,LOW
186_549,0.8318299940064043,0,0.0,0.0,0.0,0.0,0.0,LOW
186_772,0.0005217983651226,0,0.0,0.0,0.0,0.0,0.0,LOW
188_63,0.716601564818437,0,0.0,0.0,0.0,0.0,0.0,LOW
189_1397,0.0012217983651226,0,0.0,0.0,0.0,0.0,0.0,LOW
190_534,0.7198054390553639,0,0.0,0.0,0.0,0.0,0.0,LOW
190_544,0.9086839068025796,0,0.0,0.0,0.0,0.0,0.0,LOW
191_528,0.8439483245313933,0,0.0,0.0,0.0,0.0,0.0,LOW
191_1609,0.0171528640441683,0,0.0,0.0,0.0,0.0,0.0,LOW
193_412,0.9118066859066865,2,0.9437543920906957,0.9583068586443588,0.02058029556617137,1.0,96.4993814429586,EXTREME
194_1163,0.0006884650317892,0,0.0,0.0,0.0,0.0,0.0,LOW
196_414,0.9583068586443588,3,0.9112172684289708,0.9292019255370324,0.018286491612329675,1.0,94.3247485032698,EXTREME
197_397,0.9303940767409482,5,0.9617567790433471,0.9959666666666668,0.03407751058035946,1.0,98.3492711617339,EXTREME
197_413,0.9292019255370324,3,0.9209189127980796,0.9583068586443588,0.033766902848353174,1.0,95.58596227125395,EXTREME
198_373,0.1033490178065174,0,0.0,0.0,0.0,0.0,0.0,LOW
198_399,0.9959666666666668,5,0.9486422610582034,0.9955194444444444,0.029993568827389835,1.0,97.81127377566148,EXTREME
199_37,0.0581358758335478,0,0.0,0.0,0.0,0.0,0.0,LOW
199_399,0.9347888774739838,5,0.96087781889674,0.9959666666666668,0.0349914112153806,1.0,98.3141127558696,EXTREME
199_400,0.9955194444444444,5,0.9487317055026478,0.9959666666666668,0.030168467505150832,1.0,97.82826822010591,EXTREME
199_415,0.8926431938431935,2,0.9437543920906957,0.9583068586443588,0.02058029556617137,1.0,96.4993814429586,EXTREME
199_995,2.1798365122615804e-05,0,0.0,0.0,0.0,0.0,0.0,LOW
200_397,0.9216723889749324,6,0.9649480994242524,0.9959666666666668,0.028529167143758295,1.0,98.4769239769701,EXTREME
200_550,0.8970103923888393,0,0.0,0.0,0.0,0.0,0.0,LOW
201_401,0.960836517656708,5,0.9556682908601951,0.9959666666666668,0.036886754676730825,1.0,98.1057316344078,EXTREME
202_1166,0.0006884650317892,0,0.0,0.0,0.0,0.0,0.0,LOW
202_1269,0.0018122024055266,0,0.0,0.0,0.0,0.0,0.0,LOW
203_393,0.9721830135627628,2,0.9484217794129258,0.9751711698509192,0.03782935074262346,1.0,97.19200627204461,EXTREME
204_389,0.9751711698509192,1,0.9721830135627628,0.9721830135627628,0.0,1.0,98.0528109493934,EXTREME
204_786,0.0077163871097113,0,0.0,0.0,0.0,0.0,0.0,LOW
206_941,0.0012217983651226,0,0.0,0.0,0.0,0.0,0.0,LOW
206_1313,0.0006884650317892,0,0.0,0.0,0.0,0.0,0.0,LOW
207_398,0.930032690263682,0,0.0,0.0,0.0,0.0,0.0,LOW
207_551,0.9497190121862924,1,0.9671664480202272,0.9671664480202272,0.0,1.0,97.70165136141591,EXTREME
208_541,0.9723897574682052,2,0.9785401542936014,0.9818262654047124,0.004647262900798082,1.0,98.59639413388543,EXTREME
208_542,0.9752540431824904,2,0.9771080114364588,0.9818262654047124,0.006672618752624908,1.0,98.53910841959973,EXTREME
208_550,0.9671664480202272,1,0.9497190121862924,0.9497190121862924,0.0,1.0,96.48033085304047,EXTREME
209_1184,2.1798365122615804e-05,0,0.0,0.0,0.0,0.0,0.0,LOW
209_1258,2.1798365122615804e-05,0,0.0,0.0,0.0,0.0,0.0,LOW
209_1337,6.220240552665621e-05,0,0.0,0.0,0.0,0.0,0.0,LOW
212_536,0.8797771307981845,2,0.9168985588057559,0.9818262654047124,0.0918216432460255,1.0,96.1307303143716,EXTREME
212_538,0.9818262654047124,4,0.9198479459139199,0.9752540431824904,0.06335994436578211,1.0,96.05153913203151,EXTREME
213_922,0.0012217983651226,1,6.220240552665621e-05,6.220240552665621e-05,0.0,0.0,0.004354168386865935,LOW
214_536,0.8519708522067992,2,0.9308016981014484,0.9818262654047124,0.07215963509449463,1.0,96.68685588619931,EXTREME
214_923,6.220240552665621e-05,1,0.0012217983651226,0.0012217983651226,0.0,0.0,0.08552588555858201,LOW
216_668,0.0155551316984559,0,0.0,0.0,0.0,0.0,0.0,LOW
218_793,0.0008201826292603,0,0.0,0.0,0.0,0.0,0.0,LOW
221_1601,7.659288567056101e-05,0,0.0,0.0,0.0,0.0,0.0,LOW
222_1036,0.0035622024055266,0,0.0,0.0,0.0,0.0,0.0,LOW
223_498,0.9461307780371888,0,0.0,0.0,0.0,0.0,0.0,LOW
223_591,0.0115480214570991,0,0.0,0.0,0.0,0.0,0.0,LOW
224_1401,6.220240552665621e-05,0,0.0,0.0,0.0,0.0,0.0,LOW
225_41,0.1555020668873609,0,0.0,0.0,0.0,0.0,0.0,LOW
225_934,0.0010217983651226,0,0.0,0.0,0.0,0.0,0.0,LOW
226_699,7.659288567056101e-05,0,0.0,0.0,0.0,0.0,0.0,LOW
227_1644,0.0110131403564646,0,0.0,0.0,0.0,0.0,0.0,LOW
228_721,0.00114438949584,0,0.0,0.0,0.0,0.0,0.0,LOW
231_1310,6.220240552665621e-05,0,0.0,0.0,0.0,0.0,0.0,LOW
234_382,0.93871240981241,0,0.0,0.0,0.0,0.0,0.0,LOW
236_1344,0.0008789412222654,0,0.0,0.0,0.0,0.0,0.0,LOW
237_46,0.0419939607188798,0,0.0,0.0,0.0,0.0,0.0,LOW
240_1004,0.0019733135166377,1,0.0030983135166377,0.0030983135166377,0.0,0.0,0.21688194616463902,LOW
243_522,0.932701219598091,1,0.9877476190476192,0.9877476190476192,0.0,1.0,99.14233333333334,EXTREME
244_467,0.0008217983651226,0,0.0,0.0,0.0,0.0,0.0,LOW
244_1007,0.0030983135166377,2,0.0025733135166377003,0.0031733135166377,0.0008485281374238571,0.0,0.19813194616463903,LOW
244_1230,2.1798365122615804e-05,0,0.0,0.0,0.0,0.0,0.0,LOW
245_766,0.1213520202020202,0,0.0,0.0,0.0,0.0,0.0,LOW
246_43,0.0734460777784307,0,0.0,0.0,0.0,0.0,0.0,LOW
246_358,0.9733938285091674,4,0.9753779997653478,0.996582622139765,0.018018228783276108,1.0,98.91259865480686,EXTREME
246_1003,0.0031733135166377,1,0.0030983135166377,0.0030983135166377,0.0,0.0,0.21688194616463902,LOW
247_358,0.996582622139765,5,0.97322321251473,0.9877928571428573,0.012837287235027842,1.0,98.56271421487492,EXTREME
247_361,0.9612636739737804,5,0.9790357323066573,0.996582622139765,0.013690549976701681,1.0,99.05890795645924,EXTREME
247_523,0.9877476190476192,2,0.9629070723840796,0.993112925170068,0.04271752667299004,1.0,98.30967065046522,EXTREME
248_366,0.981536507936508,2,0.9604247083020828,0.9612636739737804,0.0011864766312802153,1.0,97.25489855129672,EXTREME
248_398,0.9888934704184702,0,0.0,0.0,0.0,0.0,0.0,LOW
248_404,0.896082554602955,2,0.9574849602993626,0.9608540239953284,0.004764575571333646,1.0,97.12501913183436,EXTREME
249_358,0.9840799603174604,5,0.975723744879191,0.996582622139765,0.0162458726209762,1.0,98.9264284593606,EXTREME
250_362,0.9595857426303852,6,0.9807749083365898,0.996582622139765,0.012213168544293435,1.0,99.12847499765654,EXTREME
250_404,0.9541158966033968,2,0.9284682892991417,0.9608540239953284,0.04580034523476409,1.0,95.96435229182552,EXTREME
250_522,0.993112925170068,1,0.9877476190476192,0.9877476190476192,0.0,1.0,99.14233333333334,EXTREME
250_1510,2.1798365122615804e-05,0,0.0,0.0,0.0,0.0,0.0,LOW
251_407,0.9608540239953284,2,0.9250992256031759,0.9541158966033968,0.04103576966343044,1.0,95.62744592222894,EXTREME
251_505,0.9215285226705202,3,0.9456925788029319,0.966933257157106,0.0258285844235852,1.0,96.83570086683045,EXTREME
251_510,0.9169410245364704,3,0.9472217448476151,0.966933257157106,0.02328589955648013,1.0,96.89686750861779,EXTREME
252_358,0.9877928571428573,3,0.9800827750292035,0.996582622139765,0.018819548109064266,1.0,99.10078966536109,EXTREME
252_509,0.9532034547152192,3,0.9351342681213656,0.966933257157106,0.02763409239605733,1.0,96.4133684395678,EXTREME
252_875,0.0017432595523372,0,0.0,0.0,0.0,0.0,0.0,LOW
254_507,0.966933257157106,3,0.9305576673074033,0.9532034547152192,0.01974550709079087,1.0,95.81841033375271,EXTREME
256_365,0.9961,0,0.0,0.0,0.0,0.0,0.0,LOW
256_1265,2.1798365122615804e-05,0,0.0,0.0,0.0,0.0,0.0,LOW
258_206,0.0944180819180819,0,0.0,0.0,0.0,0.0,0.0,LOW
258_678,0.0007288690721933,0,0.0,0.0,0.0,0.0,0.0,LOW
258_1217,0.0013955357388599,0,0.0,0.0,0.0,0.0,0.0,LOW
260_357,0.9772920230877205,1,0.9519036811887877,0.9519036811887877,0.0,1.0,96.63325768321513,EXTREME
260_358,0.9519036811887877,1,0.9772920230877205,0.9772920230877205,0.0,1.0,98.41044161614043,EXTREME
262_507,0.9847492346938778,0,0.0,0.0,0.0,0.0,0.0,LOW
262_1643,2.1798365122615804e-05,0,0.0,0.0,0.0,0.0,0.0,LOW
263_1026,0.0010622024055266,0,0.0,0.0,0.0,0.0,0.0,LOW
264_864,0.0052432595523372,0,0.0,0.0,0.0,0.0,0.0,LOW
264_1413,6.220240552665621e-05,0,0.0,0.0,0.0,0.0,0.0,LOW
266_413,0.9517215449675211,1,0.9645329430982824,0.9645329430982824,0.0,1.0,97.51730601687977,EXTREME
266_545,0.0238764881198123,0,0.0,0.0,0.0,0.0,0.0,LOW
267_413,0.9645329430982824,1,0.9517215449675211,0.9517215449675211,0.0,1.0,96.62050814772648,EXTREME
267_576,0.0599114430682456,0,0.0,0.0,0.0,0.0,0.0,LOW
268_406,0.9199433507479472,0,0.0,0.0,0.0,0.0,0.0,LOW
270_329,0.1212406462250452,0,0.0,0.0,0.0,0.0,0.0,LOW
271_508,0.9948079365079364,0,0.0,0.0,0.0,0.0,0.0,LOW
272_1254,0.0044098936032178,0,0.0,0.0,0.0,0.0,0.0,LOW
273_523,0.95994175643478,0,0.0,0.0,0.0,0.0,0.0,LOW
273_611,0.1956066642095434,0,0.0,0.0,0.0,0.0,0.0,LOW
274_964,6.220240552665621e-05,0,0.0,0.0,0.0,0.0,0.0,LOW
275_1336,2.1798365122615804e-05,0,0.0,0.0,0.0,0.0,0.0,LOW
277_511,0.930057553619319,0,0.0,0.0,0.0,0.0,0.0,LOW
278_398,0.992749248536624,0,0.0,0.0,0.0,0.0,0.0,LOW
278_421,0.6625715520152793,0,0.0,0.0,0.0,0.0,0.0,LOW
279_381,0.913585364950578,0,0.0,0.0,0.0,0.0,0.0,LOW
279_1125,0.0020217983651226,0,0.0,0.0,0.0,0.0,0.0,LOW
280_522,0.921705042016807,1,0.9684201213818864,0.9684201213818864,0.0,1.0,97.78940849673205,EXTREME
282_49,0.1380020881079705,0,0.0,0.0,0.0,0.0,0.0,LOW
282_503,0.9742312352818682,0,0.0,0.0,0.0,0.0,0.0,LOW
282_578,0.8911859082210146,3,0.9093052945532664,0.9735652736770384,0.09268820571549548,1.0,95.57916999244182,EXTREME
282_1317,0.0010217983651226,0,0.0,0.0,0.0,0.0,0.0,LOW
283_447,0.0058312937403714,0,0.0,0.0,0.0,0.0,0.0,LOW
283_522,0.9684201213818864,1,0.921705042016807,0.921705042016807,0.0,1.0,94.51935294117649,EXTREME
283_560,0.9145758816550162,0,0.0,0.0,0.0,0.0,0.0,LOW
283_573,0.9735652736770384,4,0.888762416156719,0.9512974662592312,0.062431770738741274,1.0,94.0894206340457,EXTREME
283_574,0.9512974662592312,4,0.8943293680111708,0.9735652736770384,0.07035648828931368,1.0,94.98013293075797,EXTREME
283_575,0.8030531437235294,4,0.9313904486450962,0.9735652736770384,0.03772720786553807,1.0,96.462576156115,EXTREME
283_1089,6.220240552665621e-05,0,0.0,0.0,0.0,0.0,0.0,LOW
283_1342,2.1798365122615804e-05,0,0.0,0.0,0.0,0.0,0.0,LOW
286_916,0.0048467983651226,1,0.0026706078889321,0.0026706078889321,0.0,0.0,0.186942552225247,LOW
287_381,0.967474508657706,0,0.0,0.0,0.0,0.0,0.0,LOW
287_575,0.9095131464231008,3,0.9093052945532664,0.9735652736770384,0.09268820571549548,1.0,95.57916999244182,EXTREME
287_915,0.0026706078889321,1,0.0048467983651226,0.0048467983651226,0.0,0.0,0.339275885558582,LOW
288_502,0.985561485421592,1,0.9958462585034016,0.9958462585034016,0.0,1.0,99.7092380952381,EXTREME
289_1159,2.1798365122615804e-05,0,0.0,0.0,0.0,0.0,0.0,LOW
290_389,0.9730592025352572,0,0.0,0.0,0.0,0.0,0.0,LOW
290_496,0.9772243381372612,1,0.9958462585034016,0.9958462585034016,0.0,1.0,99.7092380952381,EXTREME
290_497,0.9958462585034016,2,0.9813929117794267,0.985561485421592,0.005895253380501375,1.0,98.82256103382483,EXTREME
292_192,0.16308371260737,0,0.0,0.0,0.0,0.0,0.0,LOW
292_534,0.9846765124918516,4,0.9068839941597039,0.9929699633699636,0.1460094800984866,1.0,96.06445866748706,EXTREME
293_535,0.9538859821888214,5,0.925495331477328,0.9929699633699636,0.13223460089971403,1.0,96.80891216019202,EXTREME
294_537,0.9929699633699636,5,0.9176785352410995,0.9911380952380952,0.12834684480170166,1.0,96.44128426678684,EXTREME
294_571,0.8960453905571558,0,0.0,0.0,0.0,0.0,0.0,LOW
295_538,0.9911380952380952,6,0.9272372551489158,0.9929699633699636,0.11721642225687334,1.0,96.87858910705553,EXTREME
295_704,0.0029408459841702,0,0.0,0.0,0.0,0.0,0.0,LOW
296_126,0.1872241171099183,0,0.0,0.0,0.0,0.0,0.0,LOW
296_534,0.6895419358419356,5,0.978364140746705,0.9929699633699636,0.016586348818891195,1.0,98.9236645309671,EXTREME
296_640,0.0092399801833044,0,0.0,0.0,0.0,0.0,0.0,LOW
297_393,0.8930097497652418,0,0.0,0.0,0.0,0.0,0.0,LOW
297_422,0.9683542483660132,1,0.965708938120703,0.965708938120703,0.0,1.0,97.59962566844922,EXTREME
297_537,0.9691501504447936,6,0.9286672069283944,0.9929699633699636,0.11802734340418163,1.0,96.93578717823468,EXTREME
298_424,0.965708938120703,1,0.9683542483660132,0.9683542483660132,0.0,1.0,97.78479738562093,EXTREME
300_218,0.6347898050315699,0,0.0,0.0,0.0,0.0,0.0,LOW
300_539,0.9731989865561294,3,0.9771855080194367,0.9911380952380952,0.012129618050595392,1.0,98.82156317792032,EXTREME
301_14,0.0164104694042284,0,0.0,0.0,0.0,0.0,0.0,LOW
301_608,0.9589627340682576,0,0.0,0.0,0.0,0.0,0.0,LOW
301_865,0.0218792335783112,0,0.0,0.0,0.0,0.0,0.0,LOW
302_513,0.9404491280038776,0,0.0,0.0,0.0,0.0,0.0,LOW
302_539,0.9712682783754214,2,0.9711745685004615,0.9731989865561294,0.002862959470238497,1.0,98.04295233670234,EXTREME
302_874,0.0248930431021207,0,0.0,0.0,0.0,0.0,0.0,LOW
302_1466,6.220240552665621e-05,0,0.0,0.0,0.0,0.0,0.0,LOW
304_429,0.8360817541935189,0,0.0,0.0,0.0,0.0,0.0,LOW
304_563,0.9842318877204425,0,0.0,0.0,0.0,0.0,0.0,LOW
305_463,0.9583711603429254,0,0.0,0.0,0.0,0.0,0.0,LOW
306_907,0.0010217983651226,0,0.0,0.0,0.0,0.0,0.0,LOW
308_510,0.995377435064935,0,0.0,0.0,0.0,0.0,0.0,LOW
311_430,0.9055127287744934,1,0.958510644662642,0.958510644662642,0.0,1.0,97.09574512638494,EXTREME
311_595,0.9450576460056476,0,0.0,0.0,0.0,0.0,0.0,LOW
312_430,0.958510644662642,1,0.9055127287744934,0.9055127287744934,0.0,1.0,93.38589101421454,EXTREME
312_903,0.0009250777341554,0,0.0,0.0,0.0,0.0,0.0,LOW
313_1582,0.0030448468539245,0,0.0,0.0,0.0,0.0,0.0,LOW
314_442,0.9882483268983268,0,0.0,0.0,0.0,0.0,0.0,LOW
314_1575,0.0028891254824497,0,0.0,0.0,0.0,0.0,0.0,LOW
315_269,0.5998713565366959,0,0.0,0.0,0.0,0.0,0.0,LOW
315_467,0.9062769900687552,0,0.0,0.0,0.0,0.0,0.0,LOW
315_505,0.9940257936507938,0,0.0,0.0,0.0,0.0,0.0,LOW
315_1482,0.0004622024055266,0,0.0,0.0,0.0,0.0,0.0,LOW
316_50,0.5113534633188022,0,0.0,0.0,0.0,0.0,0.0,LOW
316_298,0.528459966236175,0,0.0,0.0,0.0,0.0,0.0,LOW
317_380,0.9251392544492548,0,0.0,0.0,0.0,0.0,0.0,LOW
317_593,0.9103067787639222,2,0.9483794156461534,0.992902976190476,0.06296582316692065,1.0,97.72226591156041,EXTREME
318_526,0.8061313212930866,0,0.0,0.0,0.0,0.0,0.0,LOW
318_584,0.972290476190476,1,0.9961333333333332,0.9961333333333332,0.0,1.0,99.72933333333333,EXTREME
318_593,0.9038558551018308,2,0.951604877477199,0.992902976190476,0.05840433130053904,1.0,97.85128438480224,EXTREME
320_406,0.9989642857142856,0,0.0,0.0,0.0,0.0,0.0,LOW
320_590,0.992902976190476,2,0.9070813169328764,0.9103067787639222,0.00456149186638161,1.0,93.59245604023273,EXTREME
321_1016,6.220240552665621e-05,0,0.0,0.0,0.0,0.0,0.0,LOW
323_558,0.9872716265646498,0,0.0,0.0,0.0,0.0,0.0,LOW
323_585,0.9961333333333332,1,0.972290476190476,0.972290476190476,0.0,1.0,98.06033333333332,EXTREME
324_579,0.9897261904761906,0,0.0,0.0,0.0,0.0,0.0,LOW
325_476,0.9517067039631149,0,0.0,0.0,0.0,0.0,0.0,LOW
328_603,0.913143519305444,1,0.9120028266134595,0.9120028266134595,0.0,1.0,93.84019786294218,EXTREME
328_1011,0.0075598936032178,0,0.0,0.0,0.0,0.0,0.0,LOW
330_410,0.6611975117905355,1,0.9578325863678804,0.9578325863678804,0.0,1.0,97.04828104575162,EXTREME
330_497,0.9918833333333332,1,0.8469123967083725,0.8469123967083725,0.0,1.0,89.28386776958607,EXTREME
331_361,0.9970557823129252,1,0.9868896222318716,0.9868896222318716,0.0,1.0,99.08227355623102,EXTREME
331_600,0.9120028266134595,1,0.913143519305444,0.913143519305444,0.0,1.0,93.92004635138109,EXTREME
331_1374,0.0475604617604617,0,0.0,0.0,0.0,0.0,0.0,LOW
332_495,0.8469123967083725,1,0.9918833333333332,0.9918833333333332,0.0,1.0,99.43183333333332,EXTREME
332_535,0.8859106060606062,1,0.9778497831303066,0.9778497831303066,0.0,1.0,98.44948481912147,EXTREME
333_646,0.0504019193707796,0,0.0,0.0,0.0,0.0,0.0,LOW
334_359,0.9868896222318716,1,0.9970557823129252,0.9970557823129252,0.0,1.0,99.79390476190477,EXTREME
334_406,0.9578325863678804,1,0.6611975117905355,0.6611975117905355,0.0,1.0,76.28382582533749,EXTREME
334_536,0.9778497831303066,1,0.8859106060606062,0.8859106060606062,0.0,1.0,92.01374242424244,EXTREME
334_764,0.0021551316984559,0,0.0,0.0,0.0,0.0,0.0,LOW
335_896,0.0032932269365511,0,0.0,0.0,0.0,0.0,0.0,LOW
336_399,0.8654599343185548,1,0.9214503603308836,0.9214503603308836,0.0,1.0,94.50152522316185,EXTREME
337_398,0.9214503603308836,1,0.8654599343185548,0.8654599343185548,0.0,1.0,90.58219540229884,EXTREME
337_820,0.0010622024055266,0,0.0,0.0,0.0,0.0,0.0,LOW
338_294,0.616845311013591,0,0.0,0.0,0.0,0.0,0.0,LOW
338_466,0.9398256235827664,6,0.9380949540491642,0.992595238095238,0.06516330739780318,1.0,97.30165530482371,EXTREME
338_513,0.8762137821988886,0,0.0,0.0,0.0,0.0,0.0,LOW
338_924,0.0027995761429003,0,0.0,0.0,0.0,0.0,0.0,LOW
338_1072,0.0039134650317892,0,0.0,0.0,0.0,0.0,0.0,LOW
338_1406,0.2779641774891775,0,0.0,0.0,0.0,0.0,0.0,LOW
338_1654,0.0142437430870673,0,0.0,0.0,0.0,0.0,0.0,LOW
339_465,0.965255425262568,6,0.9338566537691974,0.992595238095238,0.06385735359380994,1.0,97.13212329362504,EXTREME
339_466,0.9797985673057102,6,0.931432796762007,0.992595238095238,0.062014161245917056,1.0,97.03516901333742,EXTREME
339_467,0.992595238095238,6,0.9293000182970856,0.9797985673057102,0.05966555462196868,1.0,96.56595775105474,EXTREME
339_490,0.976298446113785,2,0.9893778318903318,0.992222619047619,0.00402313657990036,1.0,99.34179184704183,EXTREME
339_491,0.9865330447330446,2,0.984260532580702,0.992222619047619,0.011260090666301278,1.0,99.13709987465666,EXTREME
340_465,0.9350853397924822,6,0.938885001347545,0.992595238095238,0.0651482548434897,1.0,97.33325719675895,EXTREME
341_486,0.992222619047619,2,0.9814157454234148,0.9865330447330446,0.00723695408640092,1.0,98.85262115892793,EXTREME
342_465,0.8126013139200411,6,0.9592990056596186,0.992595238095238,0.0236133599095375,1.0,98.14981736924189,EXTREME
342_468,0.9432338399189464,6,0.9375269179931344,0.992595238095238,0.06512439517475636,1.0,97.27893386258252,EXTREME
343_359,0.9144244439290868,0,0.0,0.0,0.0,0.0,0.0,LOW
345_474,0.96556304727019,0,0.0,0.0,0.0,0.0,0.0,LOW
346_836,0.0006884650317892,0,0.0,0.0,0.0,0.0,0.0,LOW
348_1302,0.0005622024055266,0,0.0,0.0,0.0,0.0,0.0,LOW
350_510,0.9357853517276016,2,0.962120474266172,0.97057153246723,0.011951601124340615,1.0,97.60196494466379,EXTREME
350_606,0.99317934662237,0,0.0,0.0,0.0,0.0,0.0,LOW
351_413,0.9899768398268396,0,0.0,0.0,0.0,0.0,0.0,LOW
351_482,0.9374376847902284,0,0.0,0.0,0.0,0.0,0.0,LOW
351_510,0.97057153246723,2,0.9447273838963578,0.953669416065114,0.012645943168231547,1.0,96.39917783780774,EXTREME
353_512,0.953669416065114,2,0.9531784420974159,0.97057153246723,0.024597544292572163,1.0,97.24428365791354,EXTREME
355_106,0.0378020512040711,0,0.0,0.0,0.0,0.0,0.0,LOW
355_852,0.0010217983651226,0,0.0,0.0,0.0,0.0,0.0,LOW
356_608,0.4653155844155846,0,0.0,0.0,0.0,0.0,0.0,LOW
358_530,0.9262548853486128,0,0.0,0.0,0.0,0.0,0.0,LOW
358_1363,0.0042442847299818,0,0.0,0.0,0.0,0.0,0.0,LOW
360_264,0.5113533686619894,0,0.0,0.0,0.0,0.0,0.0,LOW
360_519,0.8926428142779207,0,0.0,0.0,0.0,0.0,0.0,LOW
360_1070,0.0222803120736363,0,0.0,0.0,0.0,0.0,0.0,LOW
363_189,0.1574280021485515,0,0.0,0.0,0.0,0.0,0.0,LOW
363_966,0.0022217983651226,0,0.0,0.0,0.0,0.0,0.0,LOW
364_545,0.7484782188399836,0,0.0,0.0,0.0,0.0,0.0,LOW
367_468,0.0672695072786764,0,0.0,0.0,0.0,0.0,0.0,LOW
368_367,0.9950622222222224,1,0.9786853535353536,0.9786853535353536,0.0,1.0,98.50797474747475,EXTREME
368_829,6.220240552665621e-05,0,0.0,0.0,0.0,0.0,0.0,LOW
369_539,0.9612759655377304,0,0.0,0.0,0.0,0.0,0.0,LOW
370_476,0.157538771470018,0,0.0,0.0,0.0,0.0,0.0,LOW
372_119,0.0346443715321448,0,0.0,0.0,0.0,0.0,0.0,LOW
372_368,0.9786853535353536,1,0.9950622222222224,0.9950622222222224,0.0,1.0,99.65435555555557,EXTREME
373_448,0.8864971058971061,0,0.0,0.0,0.0,0.0,0.0,LOW
373_717,0.0026884650317892,0,0.0,0.0,0.0,0.0,0.0,LOW
376_613,0.9450858044733044,1,0.983265003052503,0.983265003052503,0.0,1.0,98.82855021367521,EXTREME
376_614,0.983265003052503,1,0.9450858044733044,0.9450858044733044,0.0,1.0,96.15600631313131,EXTREME
377_494,0.8505763748183722,0,0.0,0.0,0.0,0.0,0.0,LOW
377_504,0.9399769094544528,0,0.0,0.0,0.0,0.0,0.0,LOW
379_464,0.9913277777777778,1,0.9963905982905984,0.9963905982905984,0.0,1.0,99.74734188034189,EXTREME
381_395,0.938739660024766,0,0.0,0.0,0.0,0.0,0.0,LOW
381_468,0.9963905982905984,3,0.9776451349018723,0.9940729933580996,0.026112559621758152,1.0,98.92799519681788,EXTREME
382_638,0.0064723565423037,0,0.0,0.0,0.0,0.0,0.0,LOW
383_922,2.1798365122615804e-05,0,0.0,0.0,0.0,0.0,0.0,LOW
384_469,0.94753463356974,3,0.9950587347537702,0.9963905982905984,0.001196943423155546,1.0,99.69406733886876,EXTREME
384_549,0.0745249453188971,0,0.0,0.0,0.0,0.0,0.0,LOW
384_1393,0.0150666666666666,0,0.0,0.0,0.0,0.0,0.0,LOW
386_469,0.9940729933580996,3,0.9795459481576504,0.9963905982905984,0.027735304310904933,1.0,99.07355587502397,EXTREME
386_471,0.9947126126126126,2,0.9708038134639199,0.9940729933580996,0.032907589791648435,1.0,98.65434233929979,EXTREME
386_685,0.0032884650317892,0,0.0,0.0,0.0,0.0,0.0,LOW
388_927,0.0012134650317892,0,0.0,0.0,0.0,0.0,0.0,LOW
391_315,0.1404023809523809,0,0.0,0.0,0.0,0.0,0.0,LOW
391_522,0.9644786172161176,0,0.0,0.0,0.0,0.0,0.0,LOW
393_437,0.9842256235827664,0,0.0,0.0,0.0,0.0,0.0,LOW
394_671,0.0358970766815774,0,0.0,0.0,0.0,0.0,0.0,LOW
394_1262,0.0070765602698845,0,0.0,0.0,0.0,0.0,0.0,LOW
394_1503,0.0280388888888888,0,0.0,0.0,0.0,0.0,0.0,LOW
395_1491,6.220240552665621e-05,0,0.0,0.0,0.0,0.0,0.0,LOW
396_198,0.0216931985022761,0,0.0,0.0,0.0,0.0,0.0,LOW
396_1282,0.0030551316984559,0,0.0,0.0,0.0,0.0,0.0,LOW
396_1560,0.0332272096205338,0,0.0,0.0,0.0,0.0,0.0,LOW
397_969,0.0018134650317892,0,0.0,0.0,0.0,0.0,0.0,LOW
398_366,0.9696499815430047,0,0.0,0.0,0.0,0.0,0.0,LOW
398_393,0.5222474451904688,0,0.0,0.0,0.0,0.0,0.0,LOW
398_514,0.9746569902319904,0,0.0,0.0,0.0,0.0,0.0,LOW
398_612,0.1291596808420338,0,0.0,0.0,0.0,0.0,0.0,LOW
398_636,0.1797190570299267,0,0.0,0.0,0.0,0.0,0.0,LOW
398_724,0.0027884650317892,0,0.0,0.0,0.0,0.0,0.0,LOW
399_176,0.1978131440454968,0,0.0,0.0,0.0,0.0,0.0,LOW
399_549,0.9145399267399272,0,0.0,0.0,0.0,0.0,0.0,LOW
400_148,0.6996757908757913,0,0.0,0.0,0.0,0.0,0.0,LOW
404_506,0.8026797389406084,0,0.0,0.0,0.0,0.0,0.0,LOW
405_401,0.8950329541259777,0,0.0,0.0,0.0,0.0,0.0,LOW
406_394,0.6975130686916433,0,0.0,0.0,0.0,0.0,0.0,LOW
406_456,0.9268661811887878,0,0.0,0.0,0.0,0.0,0.0,LOW
406_513,0.9804149350649356,1,0.9644715284715286,0.9644715284715286,0.0,1.0,97.51300699300701,EXTREME
407_527,0.989468253968254,0,0.0,0.0,0.0,0.0,0.0,LOW
407_1330,6.220240552665621e-05,0,0.0,0.0,0.0,0.0,0.0,LOW
408_650,0.7694379055230122,0,0.0,0.0,0.0,0.0,0.0,LOW
409_488,0.9823366337796572,1,0.9351501438806678,0.9351501438806678,0.0,1.0,95.46051007164675,EXTREME
409_509,0.9644715284715286,1,0.9804149350649356,0.9804149350649356,0.0,1.0,98.62904545454549,EXTREME
409_663,0.9178297313797312,2,0.8448906371983068,0.9098061660561664,0.09180442131940703,1.0,91.08981046961726,EXTREME
410_480,0.91864205500382,1,0.90737091503268,0.90737091503268,0.0,1.0,93.5159640522876,EXTREME
410_491,0.9351501438806678,1,0.9823366337796572,0.9823366337796572,0.0,1.0,98.76356436457601,EXTREME
410_662,0.9098061660561664,2,0.8489024198600892,0.9178297313797312,0.09747793876899297,1.0,91.4909887357955,EXTREME
410_712,0.0025217983651226,0,0.0,0.0,0.0,0.0,0.0,LOW
411_386,0.939573860817588,1,0.9596771250842676,0.9596771250842676,0.0,1.0,97.17739875589874,EXTREME
412_399,0.941414677757958,0,0.0,0.0,0.0,0.0,0.0,LOW
412_530,0.6059922448352686,0,0.0,0.0,0.0,0.0,0.0,LOW
412_660,0.7799751083404473,3,0.9062774318274318,0.9178297313797312,0.013662817610357468,1.0,93.78598921448922,EXTREME
413_231,0.034496483583286,0,0.0,0.0,0.0,0.0,0.0,LOW
413_476,0.90737091503268,1,0.91864205500382,0.91864205500382,0.0,1.0,94.30494385026739,EXTREME
413_656,0.8911963980463978,1,0.7799751083404473,0.7799751083404473,0.0,1.0,84.59825758383131,EXTREME
413_847,6.220240552665621e-05,0,0.0,0.0,0.0,0.0,0.0,LOW
414_365,0.9627665109567438,0,0.0,0.0,0.0,0.0,0.0,LOW
414_425,0.9853988095238096,0,0.0,0.0,0.0,0.0,0.0,LOW
415_392,0.9864543425644487,1,0.9764887605042016,0.9764887605042016,0.0,1.0,98.35421323529411,EXTREME
416_384,0.9596771250842676,1,0.939573860817588,0.939573860817588,0.0,1.0,95.77017025723116,EXTREME
418_645,0.8449511599511602,0,0.0,0.0,0.0,0.0,0.0,LOW
419_394,0.9764887605042016,1,0.9864543425644487,0.9864543425644487,0.0,1.0,99.05180397951142,EXTREME
419_1157,0.0037400523333765,0,0.0,0.0,0.0,0.0,0.0,LOW
420_476,0.0622253212587467,0,0.0,0.0,0.0,0.0,0.0,LOW
422_365,0.9797979974160208,1,0.8973909003464239,0.8973909003464239,0.0,1.0,92.81736302424967,EXTREME
424_174,0.7264452494411777,0,0.0,0.0,0.0,0.0,0.0,LOW
424_402,0.954893231453338,0,0.0,0.0,0.0,0.0,0.0,LOW
425_362,0.8973909003464239,1,0.9797979974160208,0.9797979974160208,0.0,1.0,98.58585981912147,EXTREME
425_396,0.5739506882006883,0,0.0,0.0,0.0,0.0,0.0,LOW
425_431,0.9297824899574902,0,0.0,0.0,0.0,0.0,0.0,LOW
426_225,0.0404168364188563,0,0.0,0.0,0.0,0.0,0.0,LOW
426_461,0.9787394159900492,0,0.0,0.0,0.0,0.0,0.0,LOW
426_780,0.0056217983651226,0,0.0,0.0,0.0,0.0,0.0,LOW
427_810,0.0013955357388599,0,0.0,0.0,0.0,0.0,0.0,LOW
427_1149,6.220240552665621e-05,0,0.0,0.0,0.0,0.0,0.0,LOW
428_451,0.988978013993353,1,0.9358014942952212,0.9358014942952212,0.0,1.0,95.50610460066548,EXTREME
428_454,0.9358014942952212,1,0.988978013993353,0.988978013993353,0.0,1.0,99.2284609795347,EXTREME
429_1090,2.1798365122615804e-05,0,0.0,0.0,0.0,0.0,0.0,LOW
430_437,0.860498456944433,0,0.0,0.0,0.0,0.0,0.0,LOW
431_493,0.9674848458734008,0,0.0,0.0,0.0,0.0,0.0,LOW
431_668,0.6687956685450929,0,0.0,0.0,0.0,0.0,0.0,LOW
435_1590,0.1168833333333333,0,0.0,0.0,0.0,0.0,0.0,LOW
437_491,0.9716939984399746,0,0.0,0.0,0.0,0.0,0.0,LOW
441_401,0.6312118665648082,0,0.0,0.0,0.0,0.0,0.0,LOW
443_1108,2.1798365122615804e-05,0,0.0,0.0,0.0,0.0,0.0,LOW
445_369,0.9793625,2,0.9489126608222,0.9490832806672524,0.00024129289888302148,1.0,96.42900485290558,EXTREME
445_447,0.9080366385092448,0,0.0,0.0,0.0,0.0,0.0,LOW
446_347,0.8587774170274173,0,0.0,0.0,0.0,0.0,0.0,LOW
446_365,0.9490832806672524,2,0.9617345694611343,0.9793625,0.02492965844463464,1.0,97.85025777844538,EXTREME
447_1052,0.0041051316984559,1,0.0013955357388599,0.0013955357388599,0.0,0.0,0.097687501720193,LOW
448_373,0.9487420409771478,2,0.9803281371983067,0.9812937743966134,0.001365617222177248,1.0,98.65193871983067,EXTREME
448_377,0.9812937743966134,1,0.9487420409771478,0.9487420409771478,0.0,1.0,96.41194286840036,EXTREME
448_400,0.963721861471862,2,0.9288107220337045,0.9575456709956714,0.04063735453611225,1.0,95.87879901121832,EXTREME
449_361,0.9441066389222688,1,0.9490832806672524,0.9490832806672524,0.0,1.0,96.43582964670767,EXTREME
449_400,0.9575456709956714,2,0.9318988172717999,0.963721861471862,0.04500458070372636,1.0,96.18760853502786,EXTREME
449_1054,0.0013955357388599,1,0.0041051316984559,0.0041051316984559,0.0,0.0,0.28735921889191296,LOW
450_489,0.8378530943890174,1,0.9657817515817516,0.9657817515817516,0.0,1.0,97.60472261072262,EXTREME
450_532,0.0313834960876899,1,0.0173714581256519,0.0173714581256519,0.0,0.0,1.2160020687956332,LOW
450_1086,0.0006884650317892,0,0.0,0.0,0.0,0.0,0.0,LOW
451_746,0.0024884650317892,0,0.0,0.0,0.0,0.0,0.0,LOW
452_484,0.9657817515817516,1,0.8378530943890174,0.8378530943890174,0.0,1.0,88.64971660723123,EXTREME
452_495,0.9613717948717948,1,0.947336784049284,0.947336784049284,0.0,1.0,96.31357488344989,EXTREME
452_529,0.0173714581256519,1,0.0313834960876899,0.0313834960876899,0.0,0.0,2.196844726138293,LOW
452_784,2.1798365122615804e-05,0,0.0,0.0,0.0,0.0,0.0,LOW
453_391,0.973505392798416,0,0.0,0.0,0.0,0.0,0.0,LOW
453_400,0.9000757730717377,2,0.9606337662337667,0.963721861471862,0.004367226167614115,1.0,97.33700649350652,EXTREME
453_407,0.882109595540119,2,0.9727887445887449,0.973631601731602,0.0011919800025716905,1.0,98.12049783549786,EXTREME
453_408,0.9719458874458876,2,0.9278705986358605,0.973631601731602,0.0647158312057948,1.0,96.32377199738248,EXTREME
453_411,0.973631601731602,2,0.9270277414930033,0.9719458874458876,0.06352385120322313,1.0,96.23948628309677,EXTREME
453_1353,0.0026884650317892,0,0.0,0.0,0.0,0.0,0.0,LOW
454_496,0.947336784049284,2,0.9559569115878114,0.9613717948717948,0.007657801378876729,1.0,97.0794303096663,EXTREME
455_445,0.9407807944307948,1,0.955881673881674,0.955881673881674,0.0,1.0,96.91171717171717,EXTREME
456_342,0.8560244201397593,0,0.0,0.0,0.0,0.0,0.0,LOW
457_503,0.1161597266331424,0,0.0,0.0,0.0,0.0,0.0,LOW
457_1000,2.1798365122615804e-05,0,0.0,0.0,0.0,0.0,0.0,LOW
458_197,0.126801781495004,0,0.0,0.0,0.0,0.0,0.0,LOW
458_494,0.950542028303828,1,0.947336784049284,0.947336784049284,0.0,1.0,96.31357488344989,EXTREME
458_665,0.1554197776931935,1,0.076022059178478,0.076022059178478,0.0,0.0,5.32154414249346,LOW
459_415,0.9454656561461798,0,0.0,0.0,0.0,0.0,0.0,LOW
459_447,0.955881673881674,1,0.9407807944307948,0.9407807944307948,0.0,1.0,95.85465561015565,EXTREME
459_669,0.076022059178478,1,0.1554197776931935,0.1554197776931935,0.0,0.0,10.879384438523545,LOW
459_1218,0.0025749119182361,0,0.0,0.0,0.0,0.0,0.0,LOW
460_1285,6.220240552665621e-05,0,0.0,0.0,0.0,0.0,0.0,LOW
463_1201,0.010050369793694,0,0.0,0.0,0.0,0.0,0.0,LOW
464_214,0.4776560837005739,0,0.0,0.0,0.0,0.0,0.0,LOW
464_647,0.7796880634731701,0,0.0,0.0,0.0,0.0,0.0,LOW
466_1167,0.0006884650317892,0,0.0,0.0,0.0,0.0,0.0,LOW
467_337,0.8523422159539807,0,0.0,0.0,0.0,0.0,0.0,LOW
468_344,0.8399647420067391,0,0.0,0.0,0.0,0.0,0.0,LOW
468_413,0.7883281169810583,0,0.0,0.0,0.0,0.0,0.0,LOW
471_565,0.8450619129236778,0,0.0,0.0,0.0,0.0,0.0,LOW
472_104,0.0722973048385283,0,0.0,0.0,0.0,0.0,0.0,LOW
472_500,0.0606902319902319,0,0.0,0.0,0.0,0.0,0.0,LOW
472_543,0.967843861351762,1,0.9783780094380092,0.9783780094380092,0.0,1.0,98.48646066066064,EXTREME
472_912,0.0176824119926098,0,0.0,0.0,0.0,0.0,0.0,LOW
473_380,0.9843313568538388,1,0.9914848603271096,0.9914848603271096,0.0,1.0,99.40394022289767,EXTREME
473_381,0.9914848603271096,2,0.9903054743452867,0.9962795918367346,0.008448677979616008,1.0,99.50060672891351,EXTREME
473_540,0.9783780094380092,1,0.967843861351762,0.967843861351762,0.0,1.0,97.74907029462335,EXTREME
474_421,0.7476859344789578,1,0.6688483793983796,0.6688483793983796,0.0,1.0,76.81938655788657,EXTREME
474_471,0.9906702620553686,2,0.989768253968254,0.9922063492063492,0.003447987352071469,1.0,99.35692063492064,EXTREME
475_374,0.9773327664399092,0,0.0,0.0,0.0,0.0,0.0,LOW
475_386,0.9962795918367346,2,0.9820257231598128,0.9914848603271096,0.013377240070338544,1.0,99.02557473620581,EXTREME
475_1305,0.0006884650317892,0,0.0,0.0,0.0,0.0,0.0,LOW
476_163,0.0302564935064935,0,0.0,0.0,0.0,0.0,0.0,LOW
476_416,0.6688483793983796,1,0.7476859344789578,0.7476859344789578,0.0,1.0,82.33801541352705,EXTREME
476_474,0.9922063492063492,3,0.9902834074576097,0.9928498015873016,0.002780082135019981,1.0,99.39683034592343,EXTREME
477_475,0.9873301587301588,3,0.9919088042830064,0.9928498015873016,0.0011198204672491139,1.0,99.46184621893931,EXTREME
477_561,0.893690498196022,1,0.9820071428571432,0.9820071428571432,0.0,1.0,98.74050000000003,EXTREME
477_1226,2.1798365122615804e-05,0,0.0,0.0,0.0,0.0,0.0,LOW
478_384,0.972566585992516,1,0.9962795918367346,0.9962795918367346,0.0,1.0,99.73957142857142,EXTREME
478_565,0.9820071428571432,1,0.893690498196022,0.893690498196022,0.0,1.0,92.55833487372153,EXTREME
480_471,0.9928498015873016,2,0.989768253968254,0.9922063492063492,0.003447987352071469,1.0,99.35692063492064,EXTREME
480_517,0.9484731547867096,0,0.0,0.0,0.0,0.0,0.0,LOW
480_1139,2.1798365122615804e-05,0,0.0,0.0,0.0,0.0,0.0,LOW
482_479,0.8974921922521921,1,0.6246043493973732,0.6246043493973732,0.0,1.0,73.72230445781612,HIGH
482_483,0.6246043493973732,1,0.8974921922521921,0.8974921922521921,0.0,1.0,92.82445345765345,EXTREME
483_365,0.9962682823129252,0,0.0,0.0,0.0,0.0,0.0,LOW
483_403,0.952010625633232,0,0.0,0.0,0.0,0.0,0.0,LOW
484_334,0.8618685036660038,0,0.0,0.0,0.0,0.0,0.0,LOW
486_416,0.9480674603174608,4,0.950582176460839,0.970576676695464,0.03313396518741976,1.0,97.14058735929748,EXTREME
488_406,0.9777339285714288,0,0.0,0.0,0.0,0.0,0.0,LOW
488_504,0.978127152597553,1,0.9812729933581,0.9812729933581,0.0,1.0,98.68910953506699,EXTREME
489_364,0.9270922077922078,0,0.0,0.0,0.0,0.0,0.0,LOW
489_371,0.9583993369064796,1,0.9966794871794872,0.9966794871794872,0.0,1.0,99.76756410256411,EXTREME
489_412,0.963666700082039,2,0.9593220685064624,0.970576676695464,0.01591641954008135,1.0,97.4901830411224,EXTREME
489_418,0.967023592654116,3,0.9399019578082205,0.970576676695464,0.03546954051131542,1.0,96.71337861319273,EXTREME
489_419,0.9010617364117368,3,0.9618892432223469,0.970576676695464,0.012101130672526928,1.0,97.59287002975779,EXTREME
489_470,0.9590125788100792,1,0.8739502801120449,0.8739502801120449,0.0,1.0,91.17651960784315,EXTREME
491_371,0.9966794871794872,2,0.961862489263382,0.9653256416202844,0.0048976370316957535,1.0,97.43426881914381,EXTREME
491_416,0.970576676695464,4,0.9449548723663382,0.967023592654116,0.030405353143182087,1.0,96.80890267427702,EXTREME
491_442,0.9630881669686904,1,0.8892918618848854,0.8892918618848854,0.0,1.0,92.25043033194197,EXTREME
491_456,0.9658139160356444,0,0.0,0.0,0.0,0.0,0.0,LOW
491_555,0.9689166441517506,0,0.0,0.0,0.0,0.0,0.0,LOW
491_1386,0.0018217983651226,0,0.0,0.0,0.0,0.0,0.0,LOW
492_301,0.7140058062002969,0,0.0,0.0,0.0,0.0,0.0,LOW
492_508,0.9812729933581,2,0.9764484566998943,0.978127152597553,0.0023740345055689002,1.0,98.40175284592236,EXTREME
492_528,0.9978095238095236,1,0.9663494243345306,0.9663494243345306,0.0,1.0,97.64445970341714,EXTREME
492_909,0.0166911624493142,0,0.0,0.0,0.0,0.0,0.0,LOW
493_355,0.1011751209574738,0,0.0,0.0,0.0,0.0,0.0,LOW
493_441,0.8892918618848854,1,0.9630881669686904,0.9630881669686904,0.0,1.0,97.41617168780832,EXTREME
494_471,0.8739502801120449,2,0.9684015939454604,0.9777906090808416,0.013278072541782364,1.0,98.06978203024366,EXTREME
494_508,0.9747697608022358,1,0.9812729933581,0.9812729933581,0.0,1.0,98.68910953506699,EXTREME
495_374,0.9653256416202844,3,0.971739531699448,0.9966794871794872,0.0327676822419067,1.0,98.76996588336254,EXTREME
495_395,0.9960367346938778,1,0.991386475231118,0.991386475231118,0.0,1.0,99.39705326617826,EXTREME
495_397,0.991386475231118,1,0.9960367346938778,0.9960367346938778,0.0,1.0,99.72257142857144,EXTREME
495_435,0.9706817460317464,0,0.0,0.0,0.0,0.0,0.0,LOW
495_450,0.9635898282863,0,0.0,0.0,0.0,0.0,0.0,LOW
495_461,0.9974444444444444,3,0.9798755702580951,0.9934241269841272,0.018046331419565353,1.0,98.99774661984762,EXTREME
495_469,0.9777906090808416,3,0.9422548265516774,0.9934241269841272,0.06155251833514566,1.0,97.49291687159091,EXTREME
495_1418,2.1798365122615804e-05,0,0.0,0.0,0.0,0.0,0.0,LOW
496_376,0.983911387596494,2,0.9499766809713237,0.9653256416202844,0.0217067083180913,1.0,96.95883648746148,EXTREME
496_463,0.9868125112312984,3,0.9834195479958104,0.9974444444444444,0.020906996566979412,1.0,99.26011525316575,EXTREME
496_465,0.9934241269841272,4,0.9803594093288612,0.9974444444444444,0.01612299360490992,1.0,99.13770970648778,EXTREME
496_1659,0.0357035244948288,0,0.0,0.0,0.0,0.0,0.0,LOW
497_464,0.95939007255886,4,0.988867922935178,0.9974444444444444,0.008587729929662979,1.0,99.47805025074045,EXTREME
497_527,0.9663494243345306,3,0.9868291412183853,0.9978095238095236,0.009517889662339424,1.0,99.40745136302112,EXTREME
497_916,0.0024384650317892,0,0.0,0.0,0.0,0.0,0.0,LOW
499_373,0.9346277203223629,2,0.9746185146083892,0.983911387596494,0.013142107013188358,1.0,98.50208221223039,EXTREME
499_1383,2.1798365122615804e-05,0,0.0,0.0,0.0,0.0,0.0,LOW
500_338,0.9874196969696968,2,0.9115132413717328,0.978739353669586,0.09507207975724069,1.0,95.8227102649569,EXTREME
500_339,0.978739353669586,2,0.9158534130217881,0.9874196969696968,0.10121000936777627,1.0,96.25672742996244,EXTREME
500_427,0.9718918466223702,0,0.0,0.0,0.0,0.0,0.0,LOW
500_508,0.980224396089735,0,0.0,0.0,0.0,0.0,0.0,LOW
501_470,0.9888028205128208,0,0.0,0.0,0.0,0.0,0.0,LOW
501_529,0.98093444746468,2,0.9740464383577415,0.9817434523809524,0.010885221621400726,1.0,98.41416110573823,EXTREME
501_531,0.9817434523809524,2,0.9736419358996053,0.98093444746468,0.010313168759091223,1.0,98.37371085992461,EXTREME
503_461,0.9899611111111112,1,0.9651863850749398,0.9651863850749398,0.0,1.0,97.5630469552458,EXTREME
505_335,0.9127878081729146,3,0.9086883261940842,0.9609193362193365,0.05926088951703139,1.0,95.17511313434346,EXTREME
505_338,0.8442871290738796,7,0.9493416764140921,0.9874196969696968,0.02815795571154098,1.0,97.59625796565459,EXTREME
505_410,0.7915765021709924,0,0.0,0.0,0.0,0.0,0.0,LOW
505_647,0.0015622024055266,0,0.0,0.0,0.0,0.0,0.0,LOW
506_339,0.9609193362193365,5,0.9125200954227809,0.947960100590624,0.040516463685950875,1.0,94.93960683462996,EXTREME
506_378,0.9953367346938776,1,0.9851379251700682,0.9851379251700682,0.0,1.0,98.95965476190477,EXTREME
506_420,0.9216906533711768,2,0.9594365706483439,0.9753880767811,0.02255883631322126,1.0,97.63910512936675,EXTREME
506_422,0.9753880767811,2,0.9325878589433823,0.9434850645155878,0.01541097591218064,1.0,95.60806629320292,EXTREME
506_464,0.9651863850749398,1,0.9899611111111112,0.9899611111111112,0.0,1.0,99.29727777777778,EXTREME
507_422,0.9434850645155878,2,0.9485393650761385,0.9753880767811,0.037969812225401904,1.0,97.20321690647853,EXTREME
508_338,0.9208585132890368,5,0.9205322600088408,0.9609193362193365,0.046147369125606755,1.0,95.64887048693373,EXTREME
508_340,0.947960100590624,4,0.9156929761424255,0.9609193362193365,0.05037356285289991,1.0,95.4552991322771,EXTREME
508_349,0.9561103896103896,0,0.0,0.0,0.0,0.0,0.0,LOW
508_1254,2.1798365122615804e-05,0,0.0,0.0,0.0,0.0,0.0,LOW
509_340,0.9367069259874494,4,0.9185062697932191,0.9609193362193365,0.05221880328926588,1.0,95.56783087830885,EXTREME
509_374,0.9851379251700682,1,0.9953367346938776,0.9953367346938776,0.0,1.0,99.67357142857144,EXTREME
509_731,6.220240552665621e-05,0,0.0,0.0,0.0,0.0,0.0,LOW
510_407,0.7828883458828361,1,0.9953333333333334,0.9953333333333334,0.0,1.0,99.67333333333335,EXTREME
512_326,0.7061318650793652,0,0.0,0.0,0.0,0.0,0.0,LOW
512_511,0.7091497128461843,0,0.0,0.0,0.0,0.0,0.0,LOW
515_405,0.9953333333333334,3,0.9123810661466459,0.9983461538461538,0.11413372792728334,1.0,96.44562726125045,EXTREME
516_395,0.999,0,0.0,0.0,0.0,0.0,0.0,LOW
517_370,0.9418056941563272,0,0.0,0.0,0.0,0.0,0.0,LOW
517_406,0.9983461538461538,3,0.9734036286562766,0.9953333333333334,0.020082974729059178,1.0,98.79614514625106,EXTREME
518_325,0.5426971500721501,1,0.7557944836116264,0.7557944836116264,0.0,1.0,82.90561385281384,EXTREME
518_538,0.9777140873015872,0,0.0,0.0,0.0,0.0,0.0,LOW
519_403,0.955908698710948,3,0.9948810483167625,0.9983461538461538,0.0037119716294461078,1.0,99.74562654805511,EXTREME
520_446,0.2232557997557998,0,0.0,0.0,0.0,0.0,0.0,LOW
520_574,0.8917697482634758,1,0.944052356902357,0.944052356902357,0.0,1.0,96.083664983165,EXTREME
521_323,0.7557944836116264,1,0.5426971500721501,0.5426971500721501,0.0,1.0,67.9888005050505,HIGH
521_410,0.9689688539245483,1,0.9983461538461538,0.9983461538461538,0.0,1.0,99.88423076923077,EXTREME
521_571,0.944052356902357,1,0.8917697482634758,0.8917697482634758,0.0,1.0,92.4238823784433,EXTREME
521_736,0.0048329094762337,0,0.0,0.0,0.0,0.0,0.0,LOW
522_511,0.9881912513842748,1,0.984304761904762,0.984304761904762,0.0,1.0,98.90133333333334,EXTREME
522_558,0.9206399626517277,0,0.0,0.0,0.0,0.0,0.0,LOW
523_1106,6.220240552665621e-05,0,0.0,0.0,0.0,0.0,0.0,LOW
524_401,0.9909636577708004,2,0.9758475041173786,0.9957863095238094,0.028197729023292324,1.0,98.90748945040943,EXTREME
524_1025,2.1798365122615804e-05,0,0.0,0.0,0.0,0.0,0.0,LOW
526_513,0.984304761904762,1,0.9881912513842748,0.9881912513842748,0.0,1.0,99.17338759689923,EXTREME
527_361,0.2856982905415129,0,0.0,0.0,0.0,0.0,0.0,LOW
527_403,0.9957863095238094,2,0.9933144819466246,0.995665306122449,0.0033245674322052404,1.0,99.60253846153844,EXTREME
527_479,0.6253707374325019,0,0.0,0.0,0.0,0.0,0.0,LOW
527_1427,0.021515873015873,0,0.0,0.0,0.0,0.0,0.0,LOW
531_260,0.2407370257193787,0,0.0,0.0,0.0,0.0,0.0,LOW
531_402,0.995665306122449,2,0.9786762313258637,0.9957863095238094,0.024197304640799156,1.0,99.02063853874884,EXTREME
533_95,0.0163920643726806,0,0.0,0.0,0.0,0.0,0.0,LOW
533_421,0.9886202844774272,1,0.6969173944483862,0.6969173944483862,0.0,1.0,78.78421761138704,EXTREME
533_516,0.969119608720242,0,0.0,0.0,0.0,0.0,0.0,LOW
533_525,0.9812802328623758,1,0.9956333333333336,0.9956333333333336,0.0,1.0,99.69433333333336,EXTREME
533_527,0.9956333333333336,1,0.9812802328623758,0.9812802328623758,0.0,1.0,98.68961630036631,EXTREME
534_423,0.6969173944483862,1,0.9886202844774272,0.9886202844774272,0.0,1.0,99.2034199134199,EXTREME
535_207,0.0313390387276253,0,0.0,0.0,0.0,0.0,0.0,LOW
535_399,0.9615661531279178,1,0.995665306122449,0.995665306122449,0.0,1.0,99.69657142857143,EXTREME
535_562,0.978956188806822,0,0.0,0.0,0.0,0.0,0.0,LOW
535_1002,2.1798365122615804e-05,1,0.0014217983651226,0.0014217983651226,0.0,0.0,0.09952588555858201,LOW
535_1337,2.1798365122615804e-05,0,0.0,0.0,0.0,0.0,0.0,LOW
536_487,0.9633488936988938,0,0.0,0.0,0.0,0.0,0.0,LOW
536_1256,0.0067027507460749,0,0.0,0.0,0.0,0.0,0.0,LOW
538_333,0.9740619047619048,0,0.0,0.0,0.0,0.0,0.0,LOW
538_344,0.8790947828034034,0,0.0,0.0,0.0,0.0,0.0,LOW
539_87,0.0127653101962696,0,0.0,0.0,0.0,0.0,0.0,LOW
539_536,0.977144662429769,0,0.0,0.0,0.0,0.0,0.0,LOW
539_999,0.0014217983651226,1,2.1798365122615804e-05,2.1798365122615804e-05,0.0,0.0,0.0015258855585831062,LOW
540_318,0.9304626799557034,0,0.0,0.0,0.0,0.0,0.0,LOW
540_410,0.9793034920634922,0,0.0,0.0,0.0,0.0,0.0,LOW
540_1507,6.220240552665621e-05,0,0.0,0.0,0.0,0.0,0.0,LOW
542_393,0.91598110484287,0,0.0,0.0,0.0,0.0,0.0,LOW
542_1302,0.0023487214420456,0,0.0,0.0,0.0,0.0,0.0,LOW
542_1519,2.1798365122615804e-05,0,0.0,0.0,0.0,0.0,0.0,LOW
544_1333,0.0040907849341091,0,0.0,0.0,0.0,0.0,0.0,LOW
545_453,0.9957666666666668,2,0.9645877647369884,0.9987727272727271,0.04834483764725792,1.0,98.54669240766135,EXTREME
546_369,0.7174367715617715,1,0.9768973595848596,0.9768973595848596,0.0,1.0,98.38281517094018,EXTREME
546_455,0.9987727272727271,2,0.9630847344339581,0.9957666666666668,0.04621923180805491,1.0,98.39638937735833,EXTREME
547_369,0.9768973595848596,2,0.8053162171162176,0.8931956626706636,0.12428030375692559,1.0,89.00851856476862,EXTREME
547_397,0.9466581308198958,1,0.9689189309056956,0.9689189309056956,0.0,1.0,97.8243251633987,EXTREME
548_402,0.9689189309056956,1,0.9466581308198958,0.9466581308198958,0.0,1.0,96.2660691573927,EXTREME
548_409,0.995075,0,0.0,0.0,0.0,0.0,0.0,LOW
548_1170,0.0013551316984559,0,0.0,0.0,0.0,0.0,0.0,LOW
549_320,0.9317069259874492,1,0.7121449490754724,0.7121449490754724,0.0,1.0,79.85014643528308,EXTREME
549_343,0.9493563687789748,1,0.9671465383316448,0.9671465383316448,0.0,1.0,97.70025768321514,EXTREME
549_364,0.8931956626706636,1,0.9768973595848596,0.9768973595848596,0.0,1.0,98.38281517094018,EXTREME
549_640,0.0250414769580436,0,0.0,0.0,0.0,0.0,0.0,LOW
550_455,0.9304028022012496,2,0.997269696969697,0.9987727272727271,0.002125605839203013,1.0,99.8539696969697,EXTREME
551_319,0.7121449490754724,1,0.9317069259874492,0.9317069259874492,0.0,1.0,95.21948481912145,EXTREME
551_633,0.9729055934672368,0,0.0,0.0,0.0,0.0,0.0,LOW
552_593,0.9872401891252954,0,0.0,0.0,0.0,0.0,0.0,LOW
553_61,0.0023996628001875,0,0.0,0.0,0.0,0.0,0.0,LOW
554_344,0.9671465383316448,1,0.9493563687789748,0.9493563687789748,0.0,1.0,96.45494581452823,EXTREME
556_419,0.929896492322903,0,0.0,0.0,0.0,0.0,0.0,LOW
558_636,0.9754558870303114,0,0.0,0.0,0.0,0.0,0.0,LOW
558_1664,0.0093146555079797,0,0.0,0.0,0.0,0.0,0.0,LOW
559_21,0.0390404761904761,0,0.0,0.0,0.0,0.0,0.0,LOW
559_258,0.0519104132991926,0,0.0,0.0,0.0,0.0,0.0,LOW
559_826,0.1507498214089907,0,0.0,0.0,0.0,0.0,0.0,LOW
561_186,0.1391608200536993,0,0.0,0.0,0.0,0.0,0.0,LOW
562_330,0.7947068624186272,0,0.0,0.0,0.0,0.0,0.0,LOW
562_407,0.9665256235827664,1,0.9603194099045168,0.9603194099045168,0.0,1.0,97.22235869331618,EXTREME
562_504,0.8606751381048874,0,0.0,0.0,0.0,0.0,0.0,LOW
563_339,0.9557217505870894,0,0.0,0.0,0.0,0.0,0.0,LOW
564_748,0.0134073531612037,0,0.0,0.0,0.0,0.0,0.0,LOW
566_408,0.9603194099045168,1,0.9665256235827664,0.9665256235827664,0.0,1.0,97.65679365079365,EXTREME
566_414,0.9815152691056084,0,0.0,0.0,0.0,0.0,0.0,LOW
566_970,0.0096299990156961,0,0.0,0.0,0.0,0.0,0.0,LOW
568_890,0.0148050595483837,0,0.0,0.0,0.0,0.0,0.0,LOW
570_402,0.983587031217264,0,0.0,0.0,0.0,0.0,0.0,LOW
577_896,0.0083622024055266,0,0.0,0.0,0.0,0.0,0.0,LOW
583_493,0.9753179570429572,1,0.573838486322107,0.573838486322107,0.0,1.0,70.16869404254749,HIGH
587_470,0.2291925548925549,0,0.0,0.0,0.0,0.0,0.0,LOW
587_492,0.573838486322107,3,0.9782846870721871,0.9844045565545566,0.005300781921495955,1.0,98.66352417952417,EXTREME
588_407,0.9829015647866712,1,0.967342554799698,0.967342554799698,0.0,1.0,97.71397883597886,EXTREME
589_492,0.9844045565545566,2,0.7744850169705773,0.9751315476190476,0.2837570448861756,1.0,90.23334710739452,EXTREME
589_493,0.9751315476190476,2,0.7791215214383318,0.9844045565545566,0.29031405238647745,1.0,90.69699755416997,EXTREME
589_500,0.2025267415590944,0,0.0,0.0,0.0,0.0,0.0,LOW
590_414,0.971661507936508,1,0.967342554799698,0.967342554799698,0.0,1.0,97.71397883597886,EXTREME
590_952,0.0310074754437086,0,0.0,0.0,0.0,0.0,0.0,LOW
590_1117,0.0033217983651226,0,0.0,0.0,0.0,0.0,0.0,LOW
592_410,0.967342554799698,3,0.9778323182765144,0.9829015647866712,0.00570042118199614,1.0,98.60033967466072,EXTREME
592_748,0.0379118639103246,0,0.0,0.0,0.0,0.0,0.0,LOW
593_445,0.939387465460072,0,0.0,0.0,0.0,0.0,0.0,LOW
593_593,0.9732230492883884,0,0.0,0.0,0.0,0.0,0.0,LOW
593_607,0.6401917261337232,0,0.0,0.0,0.0,0.0,0.0,LOW
594_452,0.0449131678651877,0,0.0,0.0,0.0,0.0,0.0,LOW
594_475,0.7161852207967833,2,0.8117670762244296,0.8731157923775572,0.08676018641793057,1.0,88.6641568203039,EXTREME
594_1271,2.1798365122615804e-05,0,0.0,0.0,0.0,0.0,0.0,LOW
595_402,0.993071511028654,2,0.9780276695112318,0.978933882106364,0.001281578142429409,1.0,98.4891232436402,EXTREME
595_406,0.978933882106364,2,0.980207032914176,0.993071511028654,0.018193119422346644,1.0,99.00042664742666,EXTREME
596_477,0.8731157923775572,2,0.7333017904340425,0.7504183600713018,0.02420648492231559,1.0,81.84462241950075,EXTREME
596_480,0.7504183600713018,2,0.7946505065871703,0.8731157923775572,0.11096667134024615,1.0,87.97949403481353,EXTREME
596_820,0.965596031746032,0,0.0,0.0,0.0,0.0,0.0,LOW
597_398,0.9771214569160994,2,0.9777320947384226,0.993071511028654,0.02169321055653202,1.0,98.90142912039653,EXTREME
597_790,0.026345258278249,0,0.0,0.0,0.0,0.0,0.0,LOW
597_841,0.0756074895948184,0,0.0,0.0,0.0,0.0,0.0,LOW
598_397,0.9623926784481912,1,0.9771214569160994,0.9771214569160994,0.0,1.0,98.39850198412697,EXTREME
600_410,0.2910662069585807,0,0.0,0.0,0.0,0.0,0.0,LOW
600_634,0.4843695108531316,0,0.0,0.0,0.0,0.0,0.0,LOW
601_1438,6.220240552665621e-05,0,0.0,0.0,0.0,0.0,0.0,LOW
601_1652,0.0023201826292603,0,0.0,0.0,0.0,0.0,0.0,LOW
603_1213,0.0231098214531457,0,0.0,0.0,0.0,0.0,0.0,LOW
604_398,0.9739877525252524,0,0.0,0.0,0.0,0.0,0.0,LOW
604_436,0.7909692640692646,0,0.0,0.0,0.0,0.0,0.0,LOW
604_485,0.8334987649605301,1,0.9175057923775572,0.9175057923775572,0.0,1.0,94.22540546642901,EXTREME
604_932,0.0161187266279531,0,0.0,0.0,0.0,0.0,0.0,LOW
607_142,0.4598745658596721,0,0.0,0.0,0.0,0.0,0.0,LOW
607_576,0.947020412771046,0,0.0,0.0,0.0,0.0,0.0,LOW
608_488,0.9175057923775572,5,0.9417240898372569,0.979965854558878,0.061907306297261724,1.0,97.06793923025661,EXTREME
609_405,0.9804147922998986,2,0.9591968995091403,0.977824480313035,0.026343377407068613,1.0,97.70261038975667,EXTREME
609_488,0.979965854558878,4,0.9531654055111085,0.9792467395967396,0.027189556160939522,1.0,97.50401840834652,EXTREME
610_488,0.9474640688445922,4,0.9612908519396799,0.979965854558878,0.029661890271353485,1.0,97.85060971435354,EXTREME
610_595,0.5664906870906873,0,0.0,0.0,0.0,0.0,0.0,LOW
610_1049,0.0054298902732145,0,0.0,0.0,0.0,0.0,0.0,LOW
611_429,0.827450865800866,1,0.913651319073084,0.913651319073084,0.0,1.0,93.95559233511588,EXTREME
611_489,0.9684450212255448,5,0.9620543815634439,0.9860894524394525,0.02911845074567295,1.0,98.06485883572134,EXTREME
611_737,0.0590423203552098,0,0.0,0.0,0.0,0.0,0.0,LOW
612_489,0.9792467395967396,5,0.9598940378892049,0.9860894524394525,0.0278992131246761,1.0,97.97844508875177,EXTREME
613_406,0.977824480313035,5,0.9686642596970427,0.9912455209961542,0.02191243742400768,1.0,98.48393601776633,EXTREME
613_427,0.913651319073084,1,0.827450865800866,0.827450865800866,0.0,1.0,87.92156060606062,EXTREME
613_715,0.9763453823953824,2,0.9499568087662025,0.9521776146464018,0.0031406937951757616,1.0,96.56360079004016,EXTREME
614_407,0.9405693187052456,6,0.9770138834344978,0.9912455209961542,0.013869665969607928,1.0,98.81792096726454,EXTREME
614_699,0.9651080601108988,0,0.0,0.0,0.0,0.0,0.0,LOW
614_707,0.9765585858585858,1,0.9477360028860032,0.9477360028860032,0.0,1.0,96.34152020202022,EXTREME
614_713,0.9521776146464018,2,0.9620406926406928,0.9763453823953824,0.020229886256621452,1.0,97.77198917748919,EXTREME
614_1649,0.0794452882865926,0,0.0,0.0,0.0,0.0,0.0,LOW
615_710,0.9477360028860032,3,0.9683605276334566,0.9765585858585858,0.014015219173781108,1.0,98.03117868109584,EXTREME
616_401,0.98065806706521,4,0.9759610069985134,0.9912455209961542,0.01774993640340194,1.0,98.77580590982515,EXTREME
616_402,0.9807750223321654,6,0.9703534786242298,0.9912455209961542,0.020057149562404654,1.0,98.55150477485381,EXTREME
616_405,0.9503166441517508,6,0.9754298749876322,0.9912455209961542,0.01768593384694199,1.0,98.75456062938991,EXTREME
616_406,0.9912455209961542,6,0.968608395513565,0.9815068405139832,0.018249961595853893,1.0,98.1895410359621,EXTREME
616_490,0.9860894524394525,2,0.9738458804111422,0.9792467395967396,0.007637968308739161,1.0,98.33123740434787,EXTREME
616_683,0.903351731601732,0,0.0,0.0,0.0,0.0,0.0,LOW
616_692,0.9850037254412256,0,0.0,0.0,0.0,0.0,0.0,LOW
617_665,0.9384502801120448,1,0.9463145047762695,0.9463145047762695,0.0,1.0,96.24201533433887,EXTREME
617_1559,0.0100130397721174,0,0.0,0.0,0.0,0.0,0.0,LOW
618_403,0.9815068405139832,5,0.9687129146501052,0.9912455209961542,0.021945296863199678,1.0,98.48588221588884,EXTREME
619_667,0.9463145047762695,1,0.9384502801120448,0.9384502801120448,0.0,1.0,95.69151960784313,EXTREME
619_724,0.9710644634298023,0,0.0,0.0,0.0,0.0,0.0,LOW
620_413,0.7214203740703746,0,0.0,0.0,0.0,0.0,0.0,LOW
621_427,0.9557007751937984,1,0.97474184662237,0.97474184662237,0.0,1.0,98.2319292635659,EXTREME
622_738,0.9378175320480552,0,0.0,0.0,0.0,0.0,0.0,LOW
623_426,0.97474184662237,1,0.9557007751937984,0.9557007751937984,0.0,1.0,96.89905426356589,EXTREME
623_1379,6.220240552665621e-05,0,0.0,0.0,0.0,0.0,0.0,LOW
624_377,0.0586636176200364,0,0.0,0.0,0.0,0.0,0.0,LOW
625_402,0.9937089743589744,1,0.988340521978022,0.988340521978022,0.0,1.0,99.18383653846155,EXTREME
626_401,0.988340521978022,1,0.9937089743589744,0.9937089743589744,0.0,1.0,99.5596282051282,EXTREME
626_498,0.9894666666666664,1,0.9847445680474072,0.9847445680474072,0.0,1.0,98.9321197633185,EXTREME
626_499,0.9847445680474072,1,0.9894666666666664,0.9894666666666664,0.0,1.0,99.26266666666665,EXTREME
626_533,0.0708681902930178,0,0.0,0.0,0.0,0.0,0.0,LOW
626_711,0.9878729351988654,2,0.8484594380533373,0.9890547298200464,0.19883176842228226,1.0,93.61001941673489,EXTREME
626_712,0.9890547298200464,2,0.8478685407427469,0.9878729351988654,0.19799611343167545,1.0,93.55092968567584,EXTREME
627_713,0.7078641462866283,2,0.9884638325094559,0.9890547298200464,0.0008356549906068395,1.0,99.21019519497963,EXTREME
627_758,0.8794931168885624,4,0.9349632838501551,0.978960554282319,0.03474566701888752,1.0,96.76734798247577,EXTREME
627_762,0.9181663173315304,5,0.9064659581315017,0.978960554282319,0.0573003609653194,1.0,95.62745495372963,EXTREME
627_1306,0.0006884650317892,0,0.0,0.0,0.0,0.0,0.0,LOW
628_762,0.898625959976467,5,0.9103740296025142,0.978960554282319,0.0572983271750791,1.0,95.78377781257014,EXTREME
628_1374,0.0004622024055266,0,0.0,0.0,0.0,0.0,0.0,LOW
629_760,0.978960554282319,4,0.9100964245017158,0.944100303810304,0.02762559786145216,1.0,94.72686609437775,EXTREME
629_1017,0.0070608426541669,0,0.0,0.0,0.0,0.0,0.0,LOW
630_759,0.944100303810304,4,0.9188114871197196,0.978960554282319,0.04309569301091013,1.0,96.12127611325835,EXTREME
631_766,0.8311498556998559,2,0.9083961386539987,0.9181663173315304,0.013817119192573783,1.0,93.88083506610586,EXTREME
633_506,0.9025320859258128,1,0.9807557823129252,0.9807557823129252,0.0,1.0,98.65290476190476,EXTREME
634_1356,0.0010467983651226,0,0.0,0.0,0.0,0.0,0.0,LOW
635_505,0.9807557823129252,1,0.9025320859258128,0.9025320859258128,0.0,1.0,93.1772460148069,EXTREME
636_425,0.95627091503268,0,0.0,0.0,0.0,0.0,0.0,LOW
636_522,0.9696307029478456,0,0.0,0.0,0.0,0.0,0.0,LOW
636_783,0.7971090269207918,0,0.0,0.0,0.0,0.0,0.0,LOW
637_791,0.8846607655733473,0,0.0,0.0,0.0,0.0,0.0,LOW
638_800,0.9580521598112932,1,0.965615651874785,0.965615651874785,0.0,1.0,97.59309563123495,EXTREME
638_1057,0.8778471861471859,1,0.8579909128882806,0.8579909128882806,0.0,1.0,90.05936390217964,EXTREME
638_1523,0.0004622024055266,0,0.0,0.0,0.0,0.0,0.0,LOW
639_392,0.2360948603683899,0,0.0,0.0,0.0,0.0,0.0,LOW
639_1053,0.8579909128882806,2,0.8585270098746567,0.8778471861471859,0.027322855312049806,1.0,90.67649597940184,EXTREME
639_1151,0.1002211901624944,0,0.0,0.0,0.0,0.0,0.0,LOW
640_1048,0.8392068336021273,1,0.8579909128882806,0.8579909128882806,0.0,1.0,90.05936390217964,EXTREME
641_800,0.965615651874785,1,0.9580521598112932,0.9580521598112932,0.0,1.0,97.06365118679052,EXTREME
641_823,0.7146956537941016,0,0.0,0.0,0.0,0.0,0.0,LOW
642_642,0.991331746031746,3,0.8483705724489488,0.9817180555555558,0.20640954696545918,1.0,93.38636456462463,EXTREME
642_646,0.9527779158826652,3,0.8612218491653091,0.991331746031746,0.21708447665198852,1.0,94.18882634756474,EXTREME
643_643,0.9817180555555558,3,0.8515751359410122,0.991331746031746,0.20956543175909528,1.0,93.80295781859287,EXTREME
643_681,0.995712925170068,0,0.0,0.0,0.0,0.0,0.0,LOW
644_509,0.9817396825396826,1,0.9816955555555557,0.9816955555555557,0.0,1.0,98.71868888888889,EXTREME
644_1042,0.8276129870129866,0,0.0,0.0,0.0,0.0,0.0,LOW
645_138,0.006129485237637,0,0.0,0.0,0.0,0.0,0.0,LOW
645_173,0.0717632850241545,0,0.0,0.0,0.0,0.0,0.0,LOW
645_510,0.9816955555555557,1,0.9817396825396826,0.9817396825396826,0.0,1.0,98.72177777777779,EXTREME
645_637,0.5876225971654765,1,0.6106157459086252,0.6106157459086252,0.0,1.0,72.74310221360376,HIGH
645_642,0.6106157459086252,4,0.8783625786588609,0.991331746031746,0.19451800827890134,1.0,94.87445552730682,EXTREME
645_1029,0.8623609328579911,3,0.8296118692853985,0.8705778881249464,0.06921053278940857,1.0,89.30181141516434,EXTREME
645_1032,0.8685547534165182,3,0.827547262432556,0.8705778881249464,0.06754021333268456,1.0,89.21922714105064,EXTREME
647_542,0.983301668817008,0,0.0,0.0,0.0,0.0,0.0,LOW
647_1034,0.7497029663147308,3,0.8671645247998185,0.8705778881249464,0.004281254508879861,1.0,90.80391763574113,EXTREME
648_1030,0.8705778881249464,3,0.8268728841964134,0.8685547534165182,0.06690282522193688,1.0,89.13155797035208,EXTREME
649_1368,0.0004217983651226,0,0.0,0.0,0.0,0.0,0.0,LOW
650_513,0.99425,2,0.988023617652189,0.9935583333333332,0.007827269980153198,1.0,99.32769470608756,EXTREME
650_1051,0.0550428797502694,0,0.0,0.0,0.0,0.0,0.0,LOW
651_1624,2.1798365122615804e-05,0,0.0,0.0,0.0,0.0,0.0,LOW
652_418,0.2822350236279028,0,0.0,0.0,0.0,0.0,0.0,LOW
652_515,0.9935583333333332,2,0.9883694509855223,0.99425,0.008316352170473959,1.0,99.36227803942089,EXTREME
652_1018,0.8569548422166068,0,0.0,0.0,0.0,0.0,0.0,LOW
654_952,0.0006884650317892,0,0.0,0.0,0.0,0.0,0.0,LOW
655_512,0.9824889019710448,2,0.9939041666666666,0.99425,0.0004890821903207592,1.0,99.58366666666666,EXTREME
655_1178,0.0061702832136074,0,0.0,0.0,0.0,0.0,0.0,LOW
656_324,0.4112890735741796,0,0.0,0.0,0.0,0.0,0.0,LOW
656_1008,0.916316883116883,2,0.8914353354978355,0.8916674783549784,0.00032829957697945477,1.0,92.40743777056277,EXTREME
657_85,0.0453717171717171,0,0.0,0.0,0.0,0.0,0.0,LOW
657_1007,0.8912031926406927,3,0.912538606812809,0.9296314589665656,0.01926194395282283,1.0,94.39048804150933,EXTREME
658_575,0.9418474488632664,3,0.8858257660054806,0.9700613756613756,0.09660336632998721,1.0,94.5348719100605,EXTREME
659_576,0.7803795952132161,3,0.9396483838888309,0.9700613756613756,0.03157001901002702,1.0,96.68777662539449,EXTREME
659_1047,0.0216900238991015,0,0.0,0.0,0.0,0.0,0.0,LOW
660_520,0.5832368934705146,1,0.8896079716038232,0.8896079716038232,0.0,1.0,92.27255801226764,EXTREME
660_577,0.9700613756613756,3,0.8764211237394445,0.9418474488632664,0.08497608457746535,1.0,93.31226841547577,EXTREME
660_681,0.062731233133253,0,0.0,0.0,0.0,0.0,0.0,LOW
660_1004,0.8916674783549784,3,0.9123838449080471,0.9296314589665656,0.019513700452942723,1.0,94.38429756531886,EXTREME
661_579,0.9070363271418505,3,0.8974294732459528,0.9700613756613756,0.10234506278737218,1.0,94.99902019967938,EXTREME
661_798,0.9432456991115594,3,0.7807409484180715,0.9580248193960368,0.26114255894801386,1.0,89.97038251860397,EXTREME
661_1004,0.9296314589665656,3,0.9133473682998599,0.9571714339039088,0.037953464069266515,1.0,95.24903774911166,EXTREME
661_1267,0.0043002365935608,0,0.0,0.0,0.0,0.0,0.0,LOW
662_496,0.018709450821997,0,0.0,0.0,0.0,0.0,0.0,LOW
662_798,0.9580248193960368,3,0.7758145749899125,0.9432456991115594,0.25621893744549173,1.0,89.32995397294329,EXTREME
663_192,0.1982892496392496,1,0.5461340191599953,0.5461340191599953,0.0,1.0,68.22938134119967,HIGH
663_798,0.9033411912747452,3,0.794042451030343,0.9580248193960368,0.271327345398541,1.0,90.50244262309482,EXTREME
664_436,0.9533429756751186,1,0.8988075971934665,0.8988075971934665,0.0,1.0,92.91653180354265,EXTREME
664_518,0.8896079716038232,1,0.5832368934705146,0.5832368934705146,0.0,1.0,70.82658254293602,HIGH
664_552,0.5265509768009766,0,0.0,0.0,0.0,0.0,0.0,LOW
665_191,0.5461340191599953,1,0.1982892496392496,0.1982892496392496,0.0,0.0,13.880247474747472,LOW
665_436,0.8988075971934665,1,0.9533429756751186,0.9533429756751186,0.0,1.0,96.7340082972583,EXTREME
665_797,0.4808568345834327,3,0.9348705699274471,0.9580248193960368,0.0282874864165209,1.0,96.13556737897899,EXTREME
665_1000,0.9571714339039088,1,0.9296314589665656,0.9296314589665656,0.0,1.0,95.07420212765959,EXTREME
666_786,0.0351980730372934,0,0.0,0.0,0.0,0.0,0.0,LOW
666_1210,0.0033201826292603,0,0.0,0.0,0.0,0.0,0.0,LOW
667_826,0.98733658286503,0,0.0,0.0,0.0,0.0,0.0,LOW
668_1439,0.006757988841313,0,0.0,0.0,0.0,0.0,0.0,LOW
670_680,0.841540278114938,0,0.0,0.0,0.0,0.0,0.0,LOW
670_1073,8.959497529210732e-05,0,0.0,0.0,0.0,0.0,0.0,LOW
674_841,0.8723540964590963,2,0.9410776489165065,0.9618002866215908,0.029306235290674384,1.0,96.49711455530799,EXTREME
675_428,0.0127558660172603,0,0.0,0.0,0.0,0.0,0.0,LOW
675_1528,0.0135049152482395,1,0.0072557921491163,0.0072557921491163,0.0,0.0,0.507905450438141,LOW
676_677,0.1679576882182145,0,0.0,0.0,0.0,0.0,0.0,LOW
677_766,0.008594356880054,0,0.0,0.0,0.0,0.0,0.0,LOW
677_822,0.0379426103165155,0,0.0,0.0,0.0,0.0,0.0,LOW
678_841,0.920355011211422,2,0.9170771915403435,0.9618002866215908,0.06324800761520127,1.0,95.53709626026148,EXTREME
678_1443,0.0026241071674314,0,0.0,0.0,0.0,0.0,0.0,LOW
679_840,0.9618002866215908,3,0.9069351642127358,0.9280963849676892,0.03019718367902727,1.0,94.1202981175401,EXTREME
679_1526,0.0072557921491163,1,0.0135049152482395,0.0135049152482395,0.0,0.0,0.9453440673767649,LOW
681_836,0.9280963849676892,3,0.9414500732070085,0.974682614611062,0.04684893066093001,1.0,96.8984813666122,EXTREME
681_945,0.0019733135166377,0,0.0,0.0,0.0,0.0,0.0,LOW
681_1322,0.1491619047619048,0,0.0,0.0,0.0,0.0,0.0,LOW
682_700,0.7372021922521924,0,0.0,0.0,0.0,0.0,0.0,LOW
682_830,0.8071810288445828,2,0.9312749664997171,0.974682614611062,0.06138768466978274,1.0,96.49147709832054,EXTREME
682_832,0.8878673183883723,3,0.9033200094744447,0.974682614611062,0.08645575108405447,1.0,95.37327881730965,EXTREME
682_889,0.0024801316984559,0,0.0,0.0,0.0,0.0,0.0,LOW
683_833,0.974682614611062,3,0.8743815774002147,0.9280963849676892,0.061575398854527674,1.0,92.81815464503927,EXTREME
683_1168,0.0015432595523372,0,0.0,0.0,0.0,0.0,0.0,LOW
684_539,0.1376798828622358,0,0.0,0.0,0.0,0.0,0.0,LOW
685_800,0.8234409794782599,0,0.0,0.0,0.0,0.0,0.0,LOW
685_1307,2.1798365122615804e-05,0,0.0,0.0,0.0,0.0,0.0,LOW
686_1225,0.0045372024055266,0,0.0,0.0,0.0,0.0,0.0,LOW
688_812,0.9013692080176552,0,0.0,0.0,0.0,0.0,0.0,LOW
688_1274,0.0071623071713848,0,0.0,0.0,0.0,0.0,0.0,LOW
688_1556,0.0206001533434775,0,0.0,0.0,0.0,0.0,0.0,LOW
688_1616,0.0002717983651226,0,0.0,0.0,0.0,0.0,0.0,LOW
689_462,0.9713334569362958,2,0.9617398435475131,0.9937587301587304,0.04528154369766993,1.0,98.28235564666244,EXTREME
690_463,0.9937587301587304,2,0.9505272069362958,0.9713334569362958,0.029424480932125324,1.0,97.16109198554071,EXTREME
690_466,0.9297209569362956,2,0.9825460935475131,0.9937587301587304,0.0158570627655446,1.0,99.11460564666244,EXTREME
690_552,0.811287886949652,0,0.0,0.0,0.0,0.0,0.0,LOW
690_1038,0.0070451505308476,0,0.0,0.0,0.0,0.0,0.0,LOW
691_75,0.0650570818070818,0,0.0,0.0,0.0,0.0,0.0,LOW
691_421,0.0168439355216525,0,0.0,0.0,0.0,0.0,0.0,LOW
691_453,0.9850132049983114,1,0.9947166666666668,0.9947166666666668,0.0,1.0,99.63016666666667,EXTREME
692_978,0.7835802856953923,0,0.0,0.0,0.0,0.0,0.0,LOW
693_857,0.0043036165469407,0,0.0,0.0,0.0,0.0,0.0,LOW
694_455,0.9947166666666668,1,0.9850132049983114,0.9850132049983114,0.0,1.0,98.95092434988179,EXTREME
694_1647,6.220240552665621e-05,0,0.0,0.0,0.0,0.0,0.0,LOW
695_815,0.9507397628006848,3,0.9549149736144923,0.9701322291235338,0.015192689171304176,1.0,97.3005658182857,EXTREME
697_813,0.9397469705329176,4,0.9504471157895749,0.9701322291235338,0.01827836666978298,1.0,97.12185150528902,EXTREME
698_299,0.4403008861203765,0,0.0,0.0,0.0,0.0,0.0,LOW
698_438,0.9900904761904762,1,0.9783671732522796,0.9783671732522796,0.0,1.0,98.48570212765958,EXTREME
698_814,0.9548657211870256,4,0.9466674281260479,0.9701322291235338,0.018620069314810205,1.0,96.97066399874792,EXTREME
698_962,0.740798393828394,0,0.0,0.0,0.0,0.0,0.0,LOW
699_342,0.213651404151404,0,0.0,0.0,0.0,0.0,0.0,LOW
699_439,0.9783671732522796,1,0.9900904761904762,0.9900904761904762,0.0,1.0,99.30633333333333,EXTREME
699_780,0.0040288690721933,0,0.0,0.0,0.0,0.0,0.0,LOW
699_813,0.9701322291235338,5,0.9454895130420983,0.956044360642808,0.01262661386542291,1.0,96.50091134096817,EXTREME
699_834,0.9560564897751628,0,0.0,0.0,0.0,0.0,0.0,LOW
700_491,0.9226949410067056,2,0.9508253161870808,0.9764064850182496,0.03617723590239479,1.0,97.32520719803071,EXTREME
700_541,0.8678361247947458,0,0.0,0.0,0.0,0.0,0.0,LOW
700_614,0.9463494708994712,0,0.0,0.0,0.0,0.0,0.0,LOW
700_713,0.9688256613756614,0,0.0,0.0,0.0,0.0,0.0,LOW
700_812,0.926050750047055,4,0.8936279466896976,0.9701322291235338,0.12320015102788086,1.0,94.84908474129392,EXTREME
702_453,0.996841690626797,0,0.0,0.0,0.0,0.0,0.0,LOW
702_951,0.5877794827153525,0,0.0,0.0,0.0,0.0,0.0,LOW
702_1183,6.220240552665621e-05,0,0.0,0.0,0.0,0.0,0.0,LOW
703_492,0.925244147355912,2,0.9495507130124776,0.9764064850182496,0.03797979699856245,1.0,97.27422307104659,EXTREME
703_654,0.068644457946088,0,0.0,0.0,0.0,0.0,0.0,LOW
703_817,0.956044360642808,4,0.8900999649266532,0.9701322291235338,0.12203501601792766,1.0,94.70796547077214,EXTREME
703_1649,6.220240552665621e-05,0,0.0,0.0,0.0,0.0,0.0,LOW
704_489,0.9764064850182496,2,0.9239695441813087,0.925244147355912,0.0018025610961676561,1.0,94.71610618792971,EXTREME
705_442,0.9516675239792888,0,0.0,0.0,0.0,0.0,0.0,LOW
705_813,0.7097668659153132,2,0.9410475553449315,0.956044360642808,0.021208685444525636,1.0,96.32323303308151,EXTREME
705_835,0.9296915889700362,0,0.0,0.0,0.0,0.0,0.0,LOW
706_75,0.0263194962042788,0,0.0,0.0,0.0,0.0,0.0,LOW
706_819,0.9212462148996624,2,0.9576494552054557,0.9592545497681036,0.0022699464993878957,1.0,97.08361470126134,EXTREME
707_586,0.5560602675102677,0,0.0,0.0,0.0,0.0,0.0,LOW
707_821,0.9592545497681036,2,0.9386452877712352,0.956044360642808,0.02460600482769601,1.0,96.22714233013366,EXTREME
707_938,0.5904843665288579,0,0.0,0.0,0.0,0.0,0.0,LOW
708_52,0.0409893214217761,0,0.0,0.0,0.0,0.0,0.0,LOW
708_495,0.8936522779226637,0,0.0,0.0,0.0,0.0,0.0,LOW
709_331,0.0582521893984128,0,0.0,0.0,0.0,0.0,0.0,LOW
710_465,0.9738906659310048,0,0.0,0.0,0.0,0.0,0.0,LOW
710_704,0.9148149987267636,0,0.0,0.0,0.0,0.0,0.0,LOW
712_482,0.0882123292449301,0,0.0,0.0,0.0,0.0,0.0,LOW
712_713,0.9539064949529668,0,0.0,0.0,0.0,0.0,0.0,LOW
713_669,0.8865268313385959,0,0.0,0.0,0.0,0.0,0.0,LOW
713_1038,2.1798365122615804e-05,0,0.0,0.0,0.0,0.0,0.0,LOW
714_190,0.0392570060260274,0,0.0,0.0,0.0,0.0,0.0,LOW
714_915,0.9356149267399269,2,0.7857205030123136,0.8986680375180376,0.15973193513459813,1.0,88.38886124603367,EXTREME
714_917,0.8986680375180376,1,0.9356149267399269,0.9356149267399269,0.0,1.0,95.49304487179488,EXTREME
715_692,0.9249010426610432,1,0.9063807203907204,0.9063807203907204,0.0,1.0,93.44665042735042,EXTREME
715_926,0.9795299783549783,0,0.0,0.0,0.0,0.0,0.0,LOW
716_753,0.0036372140229111,0,0.0,0.0,0.0,0.0,0.0,LOW
717_222,0.0049343585585523,0,0.0,0.0,0.0,0.0,0.0,LOW
717_641,0.9649964646464648,0,0.0,0.0,0.0,0.0,0.0,LOW
718_841,0.9961908472479902,1,0.9876159013605446,0.9876159013605446,0.0,1.0,99.13311309523812,EXTREME
719_841,0.9876159013605446,1,0.9961908472479902,0.9961908472479902,0.0,1.0,99.73335930735931,EXTREME
719_913,0.6727729685065894,1,0.9356149267399269,0.9356149267399269,0.0,1.0,95.49304487179488,EXTREME
719_1244,7.659288567056101e-05,0,0.0,0.0,0.0,0.0,0.0,LOW
720_667,0.9697854272205336,2,0.9817058909501684,0.9844404761904764,0.0038672875343088733,1.0,98.80144992372102,EXTREME
720_691,0.9063807203907204,3,0.8894019956963385,0.9249010426610432,0.032023301389795124,1.0,93.32311110768484,EXTREME
721_483,0.9810444727891158,0,0.0,0.0,0.0,0.0,0.0,LOW
721_602,0.6543338383838389,0,0.0,0.0,0.0,0.0,0.0,LOW
721_691,0.8626883726858731,2,0.8934986460664096,0.9063807203907204,0.01821800422093851,1.0,92.93136745437799,EXTREME
721_1282,7.659288567056101e-05,0,0.0,0.0,0.0,0.0,0.0,LOW
722_666,0.9789713057098604,2,0.977112951705505,0.9844404761904764,0.010362684505267441,1.0,98.61773235393449,EXTREME
722_691,0.8806165717420988,2,0.8845345465382968,0.9063807203907204,0.03089515534805802,1.0,92.57280347325349,EXTREME
723_1336,0.0051106872540115,0,0.0,0.0,0.0,0.0,0.0,LOW
724_645,0.9750873015873018,1,0.9798339285714288,0.9798339285714288,0.0,1.0,98.58837500000001,EXTREME
724_665,0.9844404761904764,2,0.974378366465197,0.9789713057098604,0.006495396970958567,1.0,98.3442738299037,EXTREME
725_685,0.8948047657251663,1,0.8424904814255881,0.8424904814255881,0.0,1.0,88.97433369979117,EXTREME
725_830,0.9781328197945848,0,0.0,0.0,0.0,0.0,0.0,LOW
726_607,0.8346823228128463,1,0.8723670995670997,0.8723670995670997,0.0,1.0,91.06569696969697,EXTREME
726_685,0.8424904814255881,1,0.8948047657251663,0.8948047657251663,0.0,1.0,92.63633360076165,EXTREME
727_445,0.9835692307692308,0,0.0,0.0,0.0,0.0,0.0,LOW
727_501,0.946377244299726,0,0.0,0.0,0.0,0.0,0.0,LOW
728_350,0.0183013547924058,0,0.0,0.0,0.0,0.0,0.0,LOW
728_606,0.8723670995670997,1,0.8346823228128463,0.8346823228128463,0.0,1.0,88.42776259689924,EXTREME
729_645,0.9798339285714288,2,0.976735912698413,0.978384523809524,0.0023314881924122763,1.0,98.42097222222225,EXTREME
730_648,0.978384523809524,2,0.9776021443672608,0.9798339285714288,0.003156219489824473,1.0,98.4991036318333,EXTREME
731_651,0.9753703601630928,2,0.908279027916528,0.978384523809524,0.09914414308876629,1.0,95.68269683094685,EXTREME
732_654,0.838173532023532,1,0.9753703601630928,0.9753703601630928,0.0,1.0,98.27592521141649,EXTREME
732_689,0.0595620781946244,0,0.0,0.0,0.0,0.0,0.0,LOW
732_833,0.9844615540899144,0,0.0,0.0,0.0,0.0,0.0,LOW
733_1560,6.220240552665621e-05,0,0.0,0.0,0.0,0.0,0.0,LOW
734_444,0.9226296152022222,1,0.9730666238017306,0.9730666238017306,0.0,1.0,98.11466366612115,EXTREME
734_749,0.0113681664038635,0,0.0,0.0,0.0,0.0,0.0,LOW
736_445,0.9730666238017306,2,0.9409513360405296,0.959273056878837,0.025910826095548088,1.0,96.4162451479863,EXTREME
736_487,0.9942666666666666,0,0.0,0.0,0.0,0.0,0.0,LOW
736_1158,0.0102324521181492,0,0.0,0.0,0.0,0.0,0.0,LOW
738_651,0.969984438009438,3,0.921919291490931,0.984557622139765,0.10073048735113942,1.0,96.41350032383019,EXTREME
738_654,0.9754762755380753,3,0.9200886789813852,0.984557622139765,0.09931041362096747,1.0,96.34027582344837,EXTREME
738_836,0.9969333333333332,2,0.9594954484880021,0.9825619047619047,0.03262089529843923,1.0,97.85667508237722,EXTREME
739_651,0.8057239767949529,3,0.9766727785624262,0.984557622139765,0.007359900715333363,1.0,98.60363980669,EXTREME
739_652,0.984557622139765,3,0.9170615634474887,0.9754762755380753,0.0964602701689583,1.0,95.94675080404181,EXTREME
739_864,0.0357633383865464,0,0.0,0.0,0.0,0.0,0.0,LOW
740_137,0.1099661616161616,0,0.0,0.0,0.0,0.0,0.0,LOW
740_449,0.959273056878837,2,0.9797666681279715,0.9864667124542126,0.009475293554670921,1.0,98.78466809874524,EXTREME
740_937,0.0164370657461434,0,0.0,0.0,0.0,0.0,0.0,LOW
741_64,0.0296769841269841,0,0.0,0.0,0.0,0.0,0.0,LOW
741_276,0.0142507366249304,0,0.0,0.0,0.0,0.0,0.0,LOW
741_837,0.9364289922140993,2,0.989747619047619,0.9969333333333332,0.010162134598195175,1.0,99.49790476190475,EXTREME
742_554,0.9221340301003343,0,0.0,0.0,0.0,0.0,0.0,LOW
742_839,0.9825619047619047,3,0.9513916624885393,0.9969333333333332,0.04020572447400282,1.0,97.96366649954157,EXTREME
743_450,0.9864667124542126,1,0.959273056878837,0.959273056878837,0.0,1.0,97.14911398151858,EXTREME
744_844,0.9208126619181856,1,0.9825619047619047,0.9825619047619047,0.0,1.0,98.77933333333334,EXTREME
745_561,0.0534570932172394,0,0.0,0.0,0.0,0.0,0.0,LOW
745_976,0.0109633323490294,0,0.0,0.0,0.0,0.0,0.0,LOW
746_490,0.9152675886006576,0,0.0,0.0,0.0,0.0,0.0,LOW
747_866,0.9978666666666668,1,0.2935126918194944,0.2935126918194944,0.0,0.0,20.54588842736461,LOW
747_903,0.916697899159664,1,0.9966571428571428,0.9966571428571428,0.0,1.0,99.766,EXTREME
748_455,0.9891552328623758,0,0.0,0.0,0.0,0.0,0.0,LOW
748_594,0.8221322592440241,1,0.8606704082182842,0.8606704082182842,0.0,1.0,90.2469285752799,EXTREME
749_593,0.8606704082182842,1,0.8221322592440241,0.8221322592440241,0.0,1.0,87.54925814708169,EXTREME
749_859,0.8228622042708248,0,0.0,0.0,0.0,0.0,0.0,LOW
749_883,0.641246253746254,0,0.0,0.0,0.0,0.0,0.0,LOW
750_433,0.0582339870218764,0,0.0,0.0,0.0,0.0,0.0,LOW
750_841,0.9822198228128464,1,0.857193415886439,0.857193415886439,0.0,1.0,90.00353911205073,EXTREME
750_843,0.857193415886439,1,0.9822198228128464,0.9822198228128464,0.0,1.0,98.75538759689924,EXTREME
750_850,0.555857954790308,0,0.0,0.0,0.0,0.0,0.0,LOW
750_866,0.2935126918194944,1,0.9978666666666668,0.9978666666666668,0.0,1.0,99.85066666666668,EXTREME
750_906,0.9966571428571428,2,0.9573720265029089,0.9980461538461538,0.05752190252650726,1.0,98.23626567550097,EXTREME
751_60,0.055594661781899,0,0.0,0.0,0.0,0.0,0.0,LOW
751_145,0.0360595238095238,0,0.0,0.0,0.0,0.0,0.0,LOW
752_443,0.993912554112554,0,0.0,0.0,0.0,0.0,0.0,LOW
752_908,0.9980461538461538,1,0.9966571428571428,0.9966571428571428,0.0,1.0,99.766,EXTREME
753_473,0.8528638319575588,1,0.8890063187593875,0.8890063187593875,0.0,1.0,92.23044231315713,EXTREME
754_633,0.9775638409209838,0,0.0,0.0,0.0,0.0,0.0,LOW
758_453,0.9856496773068204,2,0.9755646986222205,0.9960914965986396,0.029029276090344492,1.0,98.905332842848,EXTREME
758_473,0.8890063187593875,1,0.8528638319575588,0.8528638319575588,0.0,1.0,89.70046823702911,EXTREME
760_455,0.9550379006458014,1,0.9856496773068204,0.9856496773068204,0.0,1.0,98.99547741147742,EXTREME
760_507,0.7598383398301051,0,0.0,0.0,0.0,0.0,0.0,LOW
760_513,0.6394210702414554,0,0.0,0.0,0.0,0.0,0.0,LOW
760_1007,2.1798365122615804e-05,0,0.0,0.0,0.0,0.0,0.0,LOW
761_541,0.0793709472554479,0,0.0,0.0,0.0,0.0,0.0,LOW
762_449,0.9960914965986396,1,0.9856496773068204,0.9856496773068204,0.0,1.0,98.99547741147742,EXTREME
765_413,0.0666624815949362,0,0.0,0.0,0.0,0.0,0.0,LOW
765_1047,6.220240552665621e-05,0,0.0,0.0,0.0,0.0,0.0,LOW
766_129,0.0209261904761904,0,0.0,0.0,0.0,0.0,0.0,LOW
767_452,0.9827170031842528,1,0.9525858523906018,0.9525858523906018,0.0,1.0,96.68100966734212,EXTREME
768_452,0.9525858523906018,1,0.9827170031842528,0.9827170031842528,0.0,1.0,98.7901902228977,EXTREME
770_182,0.0321047619047619,0,0.0,0.0,0.0,0.0,0.0,LOW
771_992,0.0042728561585532,0,0.0,0.0,0.0,0.0,0.0,LOW
772_208,0.0105483084830833,0,0.0,0.0,0.0,0.0,0.0,LOW
774_458,0.9186470379370816,1,0.9715950251622748,0.9715950251622748,0.0,1.0,98.01165176135925,EXTREME
776_641,0.8277443326828875,2,0.8627096681096682,0.9043510101010104,0.058889750599572445,1.0,91.63891702741704,EXTREME
777_459,0.9715950251622748,2,0.9307915530916284,0.9429360682461752,0.01717493804000565,1.0,95.51974417105039,EXTREME
778_639,0.9043510101010104,3,0.8481532094993943,0.8956469696969697,0.04126602972410974,1.0,90.79553747088487,EXTREME
778_640,0.8210683261183259,3,0.8759141041602891,0.9043510101010104,0.041942642298472554,1.0,92.16709446944188,EXTREME
780_730,0.0108100081945089,0,0.0,0.0,0.0,0.0,0.0,LOW
780_925,0.8750027472527472,0,0.0,0.0,0.0,0.0,0.0,LOW
780_1405,0.1469357142857142,0,0.0,0.0,0.0,0.0,0.0,LOW
781_458,0.9429360682461752,1,0.9715950251622748,0.9715950251622748,0.0,1.0,98.01165176135925,EXTREME
782_640,0.8956469696969697,4,0.7869225122100124,0.9096858585858584,0.18733871163467783,1.0,88.76747624597625,EXTREME
784_1110,0.0370909049590118,0,0.0,0.0,0.0,0.0,0.0,LOW
784_1298,0.0066884650317892,0,0.0,0.0,0.0,0.0,0.0,LOW
785_639,0.9096858585858584,3,0.7760597036297038,0.9199472871572868,0.22849917644039616,1.0,88.64080675990675,EXTREME
787_642,0.5125848540348547,3,0.908426705146705,0.9199472871572868,0.012198994126793707,1.0,93.9354868205868,EXTREME
787_927,0.8244372349872353,1,0.8718863555363557,0.8718863555363557,0.0,1.0,91.03204488754491,EXTREME
788_1433,0.0067813221746464,0,0.0,0.0,0.0,0.0,0.0,LOW
789_652,0.840075468975469,1,0.8339953102453103,0.8339953102453103,0.0,1.0,88.37967171717172,EXTREME
790_456,0.147419597069597,0,0.0,0.0,0.0,0.0,0.0,LOW
790_638,0.9199472871572868,2,0.7111353563103565,0.9096858585858584,0.28079281313400484,1.0,85.73599000999002,EXTREME
790_652,0.8339953102453103,1,0.840075468975469,0.840075468975469,0.0,1.0,88.80528282828283,EXTREME
790_926,0.8718863555363557,1,0.8244372349872353,0.8244372349872353,0.0,1.0,87.71060644910648,EXTREME
792_684,0.0057337031270273,0,0.0,0.0,0.0,0.0,0.0,LOW
792_1040,0.0032967983651226,0,0.0,0.0,0.0,0.0,0.0,LOW
794_509,0.7771534310038686,0,0.0,0.0,0.0,0.0,0.0,LOW
795_648,0.8751764538239536,1,0.9179774458874452,0.9179774458874452,0.0,1.0,94.25842121212116,EXTREME
797_514,0.7683808528726179,1,0.7183318907236558,0.7183318907236558,0.0,1.0,80.28323235065591,EXTREME
798_514,0.7183318907236558,1,0.7683808528726179,0.7683808528726179,0.0,1.0,83.78665970108325,EXTREME
798_649,0.9179774458874452,1,0.8751764538239536,0.8751764538239536,0.0,1.0,91.26235176767676,EXTREME
798_1474,0.0159168200101442,0,0.0,0.0,0.0,0.0,0.0,LOW
799_786,0.0005622024055266,0,0.0,0.0,0.0,0.0,0.0,LOW
800_474,0.0803604054229516,0,0.0,0.0,0.0,0.0,0.0,LOW
801_438,0.1418452862354458,0,0.0,0.0,0.0,0.0,0.0,LOW
801_654,0.9237790331890332,0,0.0,0.0,0.0,0.0,0.0,LOW
802_101,0.050347619047619,0,0.0,0.0,0.0,0.0,0.0,LOW
805_515,0.7093820982938631,1,0.8193837721755372,0.8193837721755372,0.0,1.0,87.3568640522876,EXTREME
806_513,0.8193837721755372,2,0.8008439784398609,0.8923058585858588,0.12934663134261262,1.0,88.8029348951702,EXTREME
806_645,0.8707674603174607,2,0.8796052945420596,0.8920168746286395,0.01755262488892127,1.0,91.94471802054157,EXTREME
806_935,0.8442517956517962,1,0.675294749540726,0.675294749540726,0.0,1.0,77.27063246785082,EXTREME
806_937,0.675294749540726,1,0.8442517956517962,0.8442517956517962,0.0,1.0,89.09762569562574,EXTREME
807_217,0.3163547922998987,0,0.0,0.0,0.0,0.0,0.0,LOW
807_722,0.0043551316984559,0,0.0,0.0,0.0,0.0,0.0,LOW
808_640,0.8671937144554795,4,0.8149299622762861,0.8920168746286395,0.07801648808721325,1.0,89.35770472991064,EXTREME
808_641,0.8920168746286395,4,0.8087241722329961,0.8707674603174607,0.07046223020401308,1.0,88.47199069884367,EXTREME
809_637,0.7619779302396953,3,0.831389391001156,0.8920168746286395,0.08442965938011796,1.0,90.01608187890542,EXTREME
811_512,0.8923058585858588,2,0.8533094667388502,0.8872351613021633,0.04797817736436452,1.0,90.7494335086189,EXTREME
811_613,0.4401820096570098,0,0.0,0.0,0.0,0.0,0.0,LOW
812_517,0.8872351613021633,2,0.8867977349057086,0.8923058585858588,0.007789663211696803,1.0,92.24108515380411,EXTREME
813_639,0.7349575839193488,3,0.8403961731079382,0.8920168746286395,0.06903704028384058,1.0,90.37635316317672,EXTREME
813_1458,0.0171834866768109,0,0.0,0.0,0.0,0.0,0.0,LOW
813_1533,0.0020217983651226,0,0.0,0.0,0.0,0.0,0.0,LOW
814_518,0.8812896112255584,1,0.8872351613021633,0.8872351613021633,0.0,1.0,92.10646129115143,EXTREME
814_1297,0.0043884650317892,0,0.0,0.0,0.0,0.0,0.0,LOW
814_1408,0.0028987214420456,0,0.0,0.0,0.0,0.0,0.0,LOW
815_14,0.0631340548340548,0,0.0,0.0,0.0,0.0,0.0,LOW
815_507,0.5207085886835139,0,0.0,0.0,0.0,0.0,0.0,LOW
816_878,2.1798365122615804e-05,0,0.0,0.0,0.0,0.0,0.0,LOW
817_215,0.1112599335447161,0,0.0,0.0,0.0,0.0,0.0,LOW
818_643,0.7732903607503607,1,0.8177918037518037,0.8177918037518037,0.0,1.0,87.24542626262627,EXTREME
820_643,0.8177918037518037,1,0.7732903607503607,0.7732903607503607,0.0,1.0,84.13032525252525,EXTREME
820_1220,0.0003955357388599,0,0.0,0.0,0.0,0.0,0.0,LOW
821_178,0.0152858676291918,0,0.0,0.0,0.0,0.0,0.0,LOW
822_524,0.3164946349848655,1,0.2842266517276356,0.2842266517276356,0.0,0.0,19.895865620934494,LOW
824_651,0.0532614524705301,1,0.6715238816738817,0.6715238816738817,0.0,1.0,77.00667171717171,EXTREME
825_466,0.2628303879127407,0,0.0,0.0,0.0,0.0,0.0,LOW
825_646,0.6715238816738817,2,0.4558026337338966,0.8583438149972631,0.5692791979563393,0.5,58.98241979927376,HIGH
826_645,0.8583438149972631,2,0.5760373196248196,0.6715238816738817,0.1350383910741636,1.0,73.18720923520924,HIGH
826_1489,0.0024622024055266,0,0.0,0.0,0.0,0.0,0.0,LOW
827_524,0.2842266517276356,1,0.3164946349848655,0.3164946349848655,0.0,0.0,22.154624448940588,LOW
827_978,0.8839013888888885,0,0.0,0.0,0.0,0.0,0.0,LOW
828_97,0.0725864468864468,0,0.0,0.0,0.0,0.0,0.0,LOW
830_286,0.0319662735345169,0,0.0,0.0,0.0,0.0,0.0,LOW
830_643,0.4805507575757576,1,0.8583438149972631,0.8583438149972631,0.0,1.0,90.08406704980843,EXTREME
831_375,0.002466242809567,0,0.0,0.0,0.0,0.0,0.0,LOW
832_990,0.9114270477888124,0,0.0,0.0,0.0,0.0,0.0,LOW
837_643,0.9477310245310248,0,0.0,0.0,0.0,0.0,0.0,LOW
840_198,0.0072589550828603,0,0.0,0.0,0.0,0.0,0.0,LOW
842_1240,7.659288567056101e-05,0,0.0,0.0,0.0,0.0,0.0,LOW
846_1668,0.0032598936032178,0,0.0,0.0,0.0,0.0,0.0,LOW
848_85,0.1630200577200576,0,0.0,0.0,0.0,0.0,0.0,LOW
851_953,0.0030622024055266,0,0.0,0.0,0.0,0.0,0.0,LOW
854_110,0.0600380952380952,0,0.0,0.0,0.0,0.0,0.0,LOW
854_858,0.0056856872540115,0,0.0,0.0,0.0,0.0,0.0,LOW
856_147,0.0108295667320214,0,0.0,0.0,0.0,0.0,0.0,LOW
856_1234,0.0028765602698845,0,0.0,0.0,0.0,0.0,0.0,LOW
856_1274,0.0069765602698845,0,0.0,0.0,0.0,0.0,0.0,LOW
857_241,0.0158415019186496,0,0.0,0.0,0.0,0.0,0.0,LOW
858_291,0.0757370221451739,0,0.0,0.0,0.0,0.0,0.0,LOW
860_566,0.0010884650317892,0,0.0,0.0,0.0,0.0,0.0,LOW
860_711,0.0035217983651226,0,0.0,0.0,0.0,0.0,0.0,LOW
860_1568,0.142177481648786,0,0.0,0.0,0.0,0.0,0.0,LOW
864_648,0.7658296840414492,1,0.7713347345464996,0.7713347345464996,0.0,1.0,83.99343141825497,EXTREME
867_649,0.7713347345464996,1,0.7658296840414492,0.7658296840414492,0.0,1.0,83.60807788290145,EXTREME
869_1488,0.0028765602698845,0,0.0,0.0,0.0,0.0,0.0,LOW
870_1206,0.0002717983651226,0,0.0,0.0,0.0,0.0,0.0,LOW
870_1438,0.0028765602698845,0,0.0,0.0,0.0,0.0,0.0,LOW
871_353,0.0054376713809956,0,0.0,0.0,0.0,0.0,0.0,LOW
872_911,0.0068265602698845,0,0.0,0.0,0.0,0.0,0.0,LOW
874_637,0.8551258897609961,0,0.0,0.0,0.0,0.0,0.0,LOW
875_51,0.1132008658008658,0,0.0,0.0,0.0,0.0,0.0,LOW
875_463,0.0050433618258165,0,0.0,0.0,0.0,0.0,0.0,LOW
875_1630,0.1557637806637807,0,0.0,0.0,0.0,0.0,0.0,LOW
877_266,0.0596692631628824,0,0.0,0.0,0.0,0.0,0.0,LOW
877_1645,2.1798365122615804e-05,0,0.0,0.0,0.0,0.0,0.0,LOW
878_1496,0.0026122024055266,0,0.0,0.0,0.0,0.0,0.0,LOW
880_646,0.7357035624506212,0,0.0,0.0,0.0,0.0,0.0,LOW
882_411,0.0365397811848629,0,0.0,0.0,0.0,0.0,0.0,LOW
885_511,0.907055619217384,0,0.0,0.0,0.0,0.0,0.0,LOW
885_634,0.8725347943722948,0,0.0,0.0,0.0,0.0,0.0,LOW
886_522,0.9703996495567924,3,0.9571591745996509,0.976628220985364,0.021889174751466248,1.0,97.58521361354696,EXTREME
887_524,0.9334656705728136,4,0.9610831758131448,0.976628220985364,0.017904006904173493,1.0,97.74217366208671,EXTREME
887_1019,0.0072202832136074,0,0.0,0.0,0.0,0.0,0.0,LOW
888_520,0.976628220985364,4,0.9502925382100071,0.9703996495567924,0.018411836015984142,1.0,97.12369101510406,EXTREME
888_1672,0.0101170364603607,0,0.0,0.0,0.0,0.0,0.0,LOW
889_524,0.9613836322407752,4,0.9541036853961544,0.976628220985364,0.0225790726513546,1.0,97.4629940454071,EXTREME
890_1332,0.0048765602698845,0,0.0,0.0,0.0,0.0,0.0,LOW
892_524,0.9359212004696476,3,0.9571591745996509,0.976628220985364,0.021889174751466248,1.0,97.58521361354696,EXTREME
892_639,0.8704422799422799,0,0.0,0.0,0.0,0.0,0.0,LOW
894_251,0.0885343988776213,0,0.0,0.0,0.0,0.0,0.0,LOW
897_647,0.8736033910533907,0,0.0,0.0,0.0,0.0,0.0,LOW
898_1638,0.0029430104863347,0,0.0,0.0,0.0,0.0,0.0,LOW
899_269,0.0440421744807611,0,0.0,0.0,0.0,0.0,0.0,LOW
899_1425,2.1798365122615804e-05,0,0.0,0.0,0.0,0.0,0.0,LOW
903_541,0.8473577981495628,0,0.0,0.0,0.0,0.0,0.0,LOW
906_656,0.6743781163281161,1,0.7420000581118231,0.7420000581118231,0.0,1.0,81.94000406782762,EXTREME
909_653,0.7420000581118231,1,0.6743781163281161,0.6743781163281161,0.0,1.0,77.20646814296813,EXTREME
909_849,0.0118269643102885,0,0.0,0.0,0.0,0.0,0.0,LOW
910_140,0.0988795815295815,0,0.0,0.0,0.0,0.0,0.0,LOW
911_877,0.0038955357388599,0,0.0,0.0,0.0,0.0,0.0,LOW
912_1617,0.0071092442525685,0,0.0,0.0,0.0,0.0,0.0,LOW
913_280,0.0447981411731149,0,0.0,0.0,0.0,0.0,0.0,LOW
914_551,0.6384732412032416,0,0.0,0.0,0.0,0.0,0.0,LOW
914_1536,2.1798365122615804e-05,0,0.0,0.0,0.0,0.0,0.0,LOW
915_1203,2.1798365122615804e-05,0,0.0,0.0,0.0,0.0,0.0,LOW
917_1139,0.0464125342958585,0,0.0,0.0,0.0,0.0,0.0,LOW
918_987,0.0889667168580212,0,0.0,0.0,0.0,0.0,0.0,LOW
919_189,0.0137435354117435,0,0.0,0.0,0.0,0.0,0.0,LOW
919_555,0.4598388336301378,0,0.0,0.0,0.0,0.0,0.0,LOW
919_1247,0.0005932269365511,0,0.0,0.0,0.0,0.0,0.0,LOW
919_1636,0.170597113997114,0,0.0,0.0,0.0,0.0,0.0,LOW
924_413,0.0708552283757081,0,0.0,0.0,0.0,0.0,0.0,LOW
925_376,0.4159475150580413,0,0.0,0.0,0.0,0.0,0.0,LOW
925_829,0.0395414231847474,0,0.0,0.0,0.0,0.0,0.0,LOW
927_907,0.1294259240759241,0,0.0,0.0,0.0,0.0,0.0,LOW
927_1239,2.1798365122615804e-05,0,0.0,0.0,0.0,0.0,0.0,LOW
931_659,0.3204783938283937,0,0.0,0.0,0.0,0.0,0.0,LOW
932_635,0.92269204984205,1,0.9243631416202848,0.9243631416202848,0.0,1.0,94.70541991341993,EXTREME
932_842,0.1447371572871573,0,0.0,0.0,0.0,0.0,0.0,LOW
934_580,0.7705519405232446,0,0.0,0.0,0.0,0.0,0.0,LOW
936_632,0.9243631416202848,2,0.8366095530595532,0.92269204984205,0.12173903443274536,1.0,91.14514361764363,EXTREME
937_490,0.0482158133539651,0,0.0,0.0,0.0,0.0,0.0,LOW
937_628,0.7505270562770563,1,0.9243631416202848,0.9243631416202848,0.0,1.0,94.70541991341993,EXTREME
938_1524,6.220240552665621e-05,0,0.0,0.0,0.0,0.0,0.0,LOW
938_1636,0.0001391254824497,0,0.0,0.0,0.0,0.0,0.0,LOW
939_320,0.0267491466872985,0,0.0,0.0,0.0,0.0,0.0,LOW
940_32,0.0409438859683237,1,0.0676791924037825,0.0676791924037825,0.0,0.0,4.737543468264775,LOW
940_1007,0.0018891254824497,0,0.0,0.0,0.0,0.0,0.0,LOW
942_891,0.0107833135166377,0,0.0,0.0,0.0,0.0,0.0,LOW
944_107,0.0065724145305663,0,0.0,0.0,0.0,0.0,0.0,LOW
945_33,0.0676791924037825,1,0.0409438859683237,0.0409438859683237,0.0,0.0,2.866072017782659,LOW
945_584,0.007005647848972,0,0.0,0.0,0.0,0.0,0.0,LOW
946_1451,2.1798365122615804e-05,0,0.0,0.0,0.0,0.0,0.0,LOW
947_1256,0.0009217983651226,0,0.0,0.0,0.0,0.0,0.0,LOW
948_1238,0.0011884650317892,0,0.0,0.0,0.0,0.0,0.0,LOW
949_926,0.0114699262190038,0,0.0,0.0,0.0,0.0,0.0,LOW
953_463,0.0945614694965512,0,0.0,0.0,0.0,0.0,0.0,LOW
954_842,0.0137794500285277,0,0.0,0.0,0.0,0.0,0.0,LOW
955_518,0.0025066468499711,0,0.0,0.0,0.0,0.0,0.0,LOW
957_127,0.0235431133523398,0,0.0,0.0,0.0,0.0,0.0,LOW
957_226,0.0928068542568543,0,0.0,0.0,0.0,0.0,0.0,LOW
958_779,0.0104912412517209,0,0.0,0.0,0.0,0.0,0.0,LOW
964_258,0.1719723792547322,0,0.0,0.0,0.0,0.0,0.0,LOW
964_1058,0.0105030754213996,0,0.0,0.0,0.0,0.0,0.0,LOW
965_975,0.0007432595523372,0,0.0,0.0,0.0,0.0,0.0,LOW
966_677,0.2782183866168338,0,0.0,0.0,0.0,0.0,0.0,LOW
969_529,0.0658748684989461,0,0.0,0.0,0.0,0.0,0.0,LOW
970_131,0.0060825753379839,0,0.0,0.0,0.0,0.0,0.0,LOW
974_800,0.0336836487184313,0,0.0,0.0,0.0,0.0,0.0,LOW
975_590,0.0511953823953824,0,0.0,0.0,0.0,0.0,0.0,LOW
980_1051,0.0215120581053823,1,0.1258157067570111,0.1258157067570111,0.0,0.0,8.807099472990776,LOW
982_1047,0.1258157067570111,1,0.0215120581053823,0.0215120581053823,0.0,0.0,1.505844067376761,LOW
987_224,0.1222182317682317,0,0.0,0.0,0.0,0.0,0.0,LOW
988_92,0.0554069931703174,0,0.0,0.0,0.0,0.0,0.0,LOW
991_998,0.4975418552036196,0,0.0,0.0,0.0,0.0,0.0,LOW
992_1158,0.0012098325531568,0,0.0,0.0,0.0,0.0,0.0,LOW
993_19,0.0160668915907968,0,0.0,0.0,0.0,0.0,0.0,LOW
993_1052,0.0098765602698845,0,0.0,0.0,0.0,0.0,0.0,LOW
997_899,0.0186039034977637,0,0.0,0.0,0.0,0.0,0.0,LOW
999_1162,2.1798365122615804e-05,0,0.0,0.0,0.0,0.0,0.0,LOW
1001_1328,0.0008789412222654,0,0.0,0.0,0.0,0.0,0.0,LOW
1003_1062,0.0019900523333765,0,0.0,0.0,0.0,0.0,0.0,LOW
1007_87,0.0768388888888888,0,0.0,0.0,0.0,0.0,0.0,LOW
1008_81,0.0849843434343434,0,0.0,0.0,0.0,0.0,0.0,LOW
1009_1179,2.1798365122615804e-05,0,0.0,0.0,0.0,0.0,0.0,LOW
1010_457,0.0453112097562914,0,0.0,0.0,0.0,0.0,0.0,LOW
1011_1108,0.0002717983651226,1,0.0048455357388599,0.0048455357388599,0.0,0.0,0.339187501720193,LOW
1014_1107,0.0048455357388599,1,0.0002717983651226,0.0002717983651226,0.0,0.0,0.019025885558582,LOW
1016_443,0.0136238629671872,0,0.0,0.0,0.0,0.0,0.0,LOW
1016_619,0.0357825396825397,0,0.0,0.0,0.0,0.0,0.0,LOW
1016_1253,0.0034884650317892,0,0.0,0.0,0.0,0.0,0.0,LOW
1016_1530,6.220240552665621e-05,0,0.0,0.0,0.0,0.0,0.0,LOW
1020_1076,6.220240552665621e-05,0,0.0,0.0,0.0,0.0,0.0,LOW
1025_201,0.1166791597291597,0,0.0,0.0,0.0,0.0,0.0,LOW
1026_880,0.0018324236838742,0,0.0,0.0,0.0,0.0,0.0,LOW
1026_1098,0.0075717373150615,0,0.0,0.0,0.0,0.0,0.0,LOW
1026_1319,0.0008789412222654,0,0.0,0.0,0.0,0.0,0.0,LOW
1029_1610,0.0028384650317892,0,0.0,0.0,0.0,0.0,0.0,LOW
1032_360,0.0112915471869174,0,0.0,0.0,0.0,0.0,0.0,LOW
1034_1025,0.0143519809382141,0,0.0,0.0,0.0,0.0,0.0,LOW
1036_471,0.0179377039967816,0,0.0,0.0,0.0,0.0,0.0,LOW
1039_973,0.0635066468499711,0,0.0,0.0,0.0,0.0,0.0,LOW
1041_497,0.0217955794546571,0,0.0,0.0,0.0,0.0,0.0,LOW
1043_279,0.2600461593961595,0,0.0,0.0,0.0,0.0,0.0,LOW
1045_181,0.1765084138084139,0,0.0,0.0,0.0,0.0,0.0,LOW
1045_618,0.0616380865214107,0,0.0,0.0,0.0,0.0,0.0,LOW
1046_339,0.0073294592748295,0,0.0,0.0,0.0,0.0,0.0,LOW
1046_1566,2.1798365122615804e-05,0,0.0,0.0,0.0,0.0,0.0,LOW
1050_433,0.0293170116172657,0,0.0,0.0,0.0,0.0,0.0,LOW
1050_1505,2.1798365122615804e-05,0,0.0,0.0,0.0,0.0,0.0,LOW
1050_1612,2.1798365122615804e-05,1,0.0024900523333765,0.0024900523333765,0.0,0.0,0.174303663336355,LOW
1051_1104,0.0082169643102885,0,0.0,0.0,0.0,0.0,0.0,LOW
1052_1614,0.0024900523333765,1,2.1798365122615804e-05,2.1798365122615804e-05,0.0,0.0,0.0015258855585831062,LOW
1057_120,0.0152880952380952,0,0.0,0.0,0.0,0.0,0.0,LOW
1057_918,0.0044550595483837,0,0.0,0.0,0.0,0.0,0.0,LOW
1058_278,0.3966679653679652,0,0.0,0.0,0.0,0.0,0.0,LOW
1059_152,0.0216284715284715,0,0.0,0.0,0.0,0.0,0.0,LOW
1066_289,0.0843831390831391,0,0.0,0.0,0.0,0.0,0.0,LOW
1068_486,0.0092207198697975,0,0.0,0.0,0.0,0.0,0.0,LOW
1068_1321,0.0026122024055266,0,0.0,0.0,0.0,0.0,0.0,LOW
1074_637,0.8279510700315069,0,0.0,0.0,0.0,0.0,0.0,LOW
1077_1335,0.0002432595523372,0,0.0,0.0,0.0,0.0,0.0,LOW
1078_1103,0.2618212343212343,0,0.0,0.0,0.0,0.0,0.0,LOW
1082_1562,0.0005622024055266,1,6.220240552665621e-05,6.220240552665621e-05,0.0,0.0,0.004354168386865935,LOW
1082_1567,6.220240552665621e-05,1,0.0005622024055266,0.0005622024055266,0.0,0.0,0.039354168386861996,LOW
1083_787,0.019644469172576,0,0.0,0.0,0.0,0.0,0.0,LOW
1083_1321,0.0037222024055266,0,0.0,0.0,0.0,0.0,0.0,LOW
1086_1067,0.0239654470380541,1,0.0252106851332922,0.0252106851332922,0.0,0.0,1.764747959330454,LOW
1087_302,0.0379418200101442,0,0.0,0.0,0.0,0.0,0.0,LOW
1087_1067,0.0252106851332922,1,0.0239654470380541,0.0239654470380541,0.0,0.0,1.677581292663787,LOW
1088_1411,6.220240552665621e-05,0,0.0,0.0,0.0,0.0,0.0,LOW
1091_321,0.5210005361305357,0,0.0,0.0,0.0,0.0,0.0,LOW
1092_1117,0.0245375992309234,0,0.0,0.0,0.0,0.0,0.0,LOW
1094_201,0.1166169095197887,0,0.0,0.0,0.0,0.0,0.0,LOW
1097_795,0.0611821067821067,0,0.0,0.0,0.0,0.0,0.0,LOW
1100_1252,0.1179082251082251,0,0.0,0.0,0.0,0.0,0.0,LOW
1101_1475,0.0019765928856705,0,0.0,0.0,0.0,0.0,0.0,LOW
1103_337,0.0597396052641059,0,0.0,0.0,0.0,0.0,0.0,LOW
1104_399,0.0083455357388599,0,0.0,0.0,0.0,0.0,0.0,LOW
1107_88,0.0073297925931168,0,0.0,0.0,0.0,0.0,0.0,LOW
1107_435,0.0036101077958049,0,0.0,0.0,0.0,0.0,0.0,LOW
1107_500,0.0535833271871777,0,0.0,0.0,0.0,0.0,0.0,LOW
1109_795,0.0767780885780886,0,0.0,0.0,0.0,0.0,0.0,LOW
1109_1267,0.0495368777302019,0,0.0,0.0,0.0,0.0,0.0,LOW
1110_199,0.6295236567354209,0,0.0,0.0,0.0,0.0,0.0,LOW
1111_515,0.0249220828759334,0,0.0,0.0,0.0,0.0,0.0,LOW
1111_1100,0.0101571065352133,0,0.0,0.0,0.0,0.0,0.0,LOW
1121_1124,0.0176899990156961,0,0.0,0.0,0.0,0.0,0.0,LOW
1123_788,0.0152035159625936,0,0.0,0.0,0.0,0.0,0.0,LOW
1123_1591,0.0038192009625252,0,0.0,0.0,0.0,0.0,0.0,LOW
1124_781,0.6940805833836522,0,0.0,0.0,0.0,0.0,0.0,LOW
1135_1482,6.220240552665621e-05,1,6.220240552665621e-05,6.220240552665621e-05,0.0,0.0,0.004354168386865935,LOW
1138_1485,6.220240552665621e-05,1,6.220240552665621e-05,6.220240552665621e-05,0.0,0.0,0.004354168386865935,LOW
1139_1010,0.4726927774640816,0,0.0,0.0,0.0,0.0,0.0,LOW
1140_819,0.3162812076812079,0,0.0,0.0,0.0,0.0,0.0,LOW
1146_1185,2.1798365122615804e-05,0,0.0,0.0,0.0,0.0,0.0,LOW
1148_459,0.0154615553365353,0,0.0,0.0,0.0,0.0,0.0,LOW
1151_1077,7.659288567056101e-05,0,0.0,0.0,0.0,0.0,0.0,LOW
1152_1100,0.0230549152482395,0,0.0,0.0,0.0,0.0,0.0,LOW
1162_368,0.0316955631792976,0,0.0,0.0,0.0,0.0,0.0,LOW
1163_290,6.220240552665621e-05,0,0.0,0.0,0.0,0.0,0.0,LOW
1165_587,0.0032551316984559,0,0.0,0.0,0.0,0.0,0.0,LOW
1166_1096,0.055709934751239,0,0.0,0.0,0.0,0.0,0.0,LOW
1166_1256,0.0202944444444444,0,0.0,0.0,0.0,0.0,0.0,LOW
1167_1345,0.0018891254824497,0,0.0,0.0,0.0,0.0,0.0,LOW
1167_1471,2.1798365122615804e-05,0,0.0,0.0,0.0,0.0,0.0,LOW
1169_1408,0.001472458815783,0,0.0,0.0,0.0,0.0,0.0,LOW
1170_1438,0.1306349206349206,0,0.0,0.0,0.0,0.0,0.0,LOW
1172_572,2.1798365122615804e-05,0,0.0,0.0,0.0,0.0,0.0,LOW
1177_1024,0.1295839826839827,0,0.0,0.0,0.0,0.0,0.0,LOW
1180_41,0.0086719282352524,0,0.0,0.0,0.0,0.0,0.0,LOW
1181_470,0.0067218309809086,0,0.0,0.0,0.0,0.0,0.0,LOW
1182_108,0.0255566824096731,0,0.0,0.0,0.0,0.0,0.0,LOW
1192_259,0.0320809192442434,0,0.0,0.0,0.0,0.0,0.0,LOW
1193_167,0.0244266273672998,0,0.0,0.0,0.0,0.0,0.0,LOW
1196_88,0.0463468253968253,0,0.0,0.0,0.0,0.0,0.0,LOW
1200_189,0.0212532209222423,0,0.0,0.0,0.0,0.0,0.0,LOW
