cell_id,label,susceptibility_probability,susceptibility_category,susceptibility_alert,decision_threshold,model_name
3_1656,0,0.010009893603217855,LOW,0,0.45,RandomForest
4_988,0,0.01695086948509603,LOW,0,0.45,RandomForest
5_1571,0,0.014170283213607467,LOW,0,0.45,RandomForest
10_680,0,0.028521037330115004,LOW,0,0.45,RandomForest
12_491,0,0.0007432595523372276,LOW,0,0.45,RandomForest
13_1255,0,0.001271798365122616,LOW,0,0.45,RandomForest
15_652,0,0.26465318015318023,MODERATE,0,0.45,RandomForest
15_1456,0,0.005293226936551187,LOW,0,0.45,RandomForest
16_317,0,0.02200093001778368,LOW,0,0.45,RandomForest
17_355,0,0.12125802139037431,LOW,0,0.45,RandomForest
20_1290,0,2.1798365122615804e-05,LOW,0,0.45,RandomForest
20_1453,0,0.0030122024055266564,LOW,0,0.45,RandomForest
23_244,0,0.15265384060384066,LOW,0,0.45,RandomForest
27_1200,0,0.009902353920678173,LOW,0,0.45,RandomForest
29_729,0,0.021154835149163456,LOW,0,0.45,RandomForest
31_874,0,0.019150136366990034,LOW,0,0.45,RandomForest
31_1025,0,0.002457848943546076,LOW,0,0.45,RandomForest
32_1418,0,6.220240552665621e-05,LOW,0,0.45,RandomForest
33_13,0,0.42607817259645286,MODERATE,0,0.45,RandomForest
33_708,0,0.002305535738859989,LOW,0,0.45,RandomForest
39_194,0,0.13008316128316133,LOW,0,0.45,RandomForest
40_15,0,0.09287720998807955,LOW,0,0.45,RandomForest
41_966,0,0.0448966596305199,LOW,0,0.45,RandomForest
44_642,0,0.041961585799910044,LOW,0,0.45,RandomForest
44_777,0,0.015493630976955228,LOW,0,0.45,RandomForest
44_843,0,0.002386849295926971,LOW,0,0.45,RandomForest
44_1523,0,0.09867409812409811,LOW,0,0.45,RandomForest
47_1039,0,7.659288567056101e-05,LOW,0,0.45,RandomForest
51_586,0,0.006375402409480086,LOW,0,0.45,RandomForest
51_1520,0,0.014060125738232598,LOW,0,0.45,RandomForest
52_235,0,0.31704837538348163,MODERATE,0,0.45,RandomForest
53_566,0,0.35867724022354464,MODERATE,0,0.45,RandomForest
53_801,0,0.0006665180522151843,LOW,0,0.45,RandomForest
59_1544,0,0.012348902334599466,LOW,0,0.45,RandomForest
61_1203,0,6.220240552665621e-05,LOW,0,0.45,RandomForest
62_218,0,0.7532799020424019,VERY_HIGH,1,0.45,RandomForest
62_993,0,0.12600526695526706,LOW,0,0.45,RandomForest
62_1076,0,0.005881354790432465,LOW,0,0.45,RandomForest
67_1132,0,2.1798365122615804e-05,LOW,0,0.45,RandomForest
69_27,0,0.4316771766880461,MODERATE,0,0.45,RandomForest
70_593,0,0.0077376713809956315,LOW,0,0.45,RandomForest
80_1256,0,0.001853869072193323,LOW,0,0.45,RandomForest
83_532,0,0.09999597500547575,LOW,0,0.45,RandomForest
84_1435,0,0.027937445887445886,LOW,0,0.45,RandomForest
85_1002,0,0.020893154786479042,LOW,0,0.45,RandomForest
87_1024,0,0.19513067946546214,LOW,0,0.45,RandomForest
92_891,0,0.00014438949584005253,LOW,0,0.45,RandomForest
93_93,0,0.6908721354125281,HIGH,1,0.45,RandomForest
93_428,0,0.0016535159625936378,LOW,0,0.45,RandomForest
94_580,0,0.023897506122760263,LOW,0,0.45,RandomForest
96_631,0,0.006606030115107789,LOW,0,0.45,RandomForest
97_1012,0,0.08180393981969322,LOW,0,0.45,RandomForest
101_401,0,0.11356095758461489,LOW,0,0.45,RandomForest
102_554,0,0.01243859793809866,LOW,0,0.45,RandomForest
102_1442,0,0.0015932269365511874,LOW,0,0.45,RandomForest
104_1297,0,0.01255351596259364,LOW,0,0.45,RandomForest
105_74,0,0.20383347338935565,LOW,0,0.45,RandomForest
107_1391,0,2.1798365122615804e-05,LOW,0,0.45,RandomForest
110_97,0,0.272133116883117,MODERATE,0,0.45,RandomForest
110_951,0,2.1798365122615804e-05,LOW,0,0.45,RandomForest
111_1425,0,6.220240552665621e-05,LOW,0,0.45,RandomForest
112_1345,0,0.004664980183304434,LOW,0,0.45,RandomForest
114_1106,0,0.011193259552337229,LOW,0,0.45,RandomForest
118_1383,0,2.1798365122615804e-05,LOW,0,0.45,RandomForest
122_433,0,0.359889707756012,MODERATE,0,0.45,RandomForest
125_958,0,0.002221798365122616,LOW,0,0.45,RandomForest
126_1544,0,0.019135301528625782,LOW,0,0.45,RandomForest
130_1126,0,0.01425870312702738,LOW,0,0.45,RandomForest
132_516,0,0.07538644482976906,LOW,0,0.45,RandomForest
134_1295,0,0.000576592885670561,LOW,0,0.45,RandomForest
138_675,0,0.06296703646036071,LOW,0,0.45,RandomForest
140_27,0,0.02994229372489464,LOW,0,0.45,RandomForest
141_1564,0,7.659288567056101e-05,LOW,0,0.45,RandomForest
142_942,0,0.004199118784815916,LOW,0,0.45,RandomForest
149_687,0,0.11743242107574532,LOW,0,0.45,RandomForest
150_686,0,0.1580890755323997,LOW,0,0.45,RandomForest
150_1110,0,0.011683217334667893,LOW,0,0.45,RandomForest
154_105,0,0.1493187978687979,LOW,0,0.45,RandomForest
156_103,0,0.3337698688284899,MODERATE,0,0.45,RandomForest
156_878,0,0.0158654207244984,LOW,0,0.45,RandomForest
158_1490,0,0.0028645833579076085,LOW,0,0.45,RandomForest
159_757,0,0.0028991187848159163,LOW,0,0.45,RandomForest
160_1535,0,6.220240552665621e-05,LOW,0,0.45,RandomForest
162_836,0,0.003471798365122616,LOW,0,0.45,RandomForest
163_823,0,2.1798365122615804e-05,LOW,0,0.45,RandomForest
165_1205,0,0.0028955357388599895,LOW,0,0.45,RandomForest
167_997,0,6.220240552665621e-05,LOW,0,0.45,RandomForest
169_250,0,0.09116066319301615,LOW,0,0.45,RandomForest
171_726,0,0.0028099262190038944,LOW,0,0.45,RandomForest
173_1302,0,2.1798365122615804e-05,LOW,0,0.45,RandomForest
175_1422,0,2.1798365122615804e-05,LOW,0,0.45,RandomForest
176_65,0,0.15607438672438675,LOW,0,0.45,RandomForest
177_441,0,0.0070864431803034636,LOW,0,0.45,RandomForest
179_140,0,0.12491923463010422,LOW,0,0.45,RandomForest
179_393,0,0.03125253264639294,LOW,0,0.45,RandomForest
181_409,0,0.06724578826411252,LOW,0,0.45,RandomForest
182_1213,0,0.01701544915877341,LOW,0,0.45,RandomForest
183_57,0,0.0520562092440987,LOW,0,0.45,RandomForest
183_521,1,0.6647050316350318,HIGH,1,0.45,RandomForest
185_39,0,0.7379189114806763,HIGH,1,0.45,RandomForest
186_549,1,0.8318299940064043,VERY_HIGH,1,0.45,RandomForest
186_772,0,0.0005217983651226158,LOW,0,0.45,RandomForest
188_63,0,0.716601564818437,HIGH,1,0.45,RandomForest
189_1397,0,0.0012217983651226158,LOW,0,0.45,RandomForest
190_534,1,0.7198054390553639,HIGH,1,0.45,RandomForest
190_544,1,0.9086839068025796,VERY_HIGH,1,0.45,RandomForest
191_528,1,0.8439483245313933,VERY_HIGH,1,0.45,RandomForest
191_1609,0,0.01715286404416839,LOW,0,0.45,RandomForest
193_412,1,0.9118066859066865,VERY_HIGH,1,0.45,RandomForest
194_1163,0,0.0006884650317892824,LOW,0,0.45,RandomForest
196_414,1,0.9583068586443587,VERY_HIGH,1,0.45,RandomForest
197_397,1,0.9303940767409482,VERY_HIGH,1,0.45,RandomForest
197_413,1,0.9292019255370325,VERY_HIGH,1,0.45,RandomForest
198_373,0,0.10334901780651745,LOW,0,0.45,RandomForest
198_399,1,0.9959666666666667,VERY_HIGH,1,0.45,RandomForest
199_37,0,0.05813587583354789,LOW,0,0.45,RandomForest
199_399,1,0.9347888774739838,VERY_HIGH,1,0.45,RandomForest
199_400,1,0.9955194444444445,VERY_HIGH,1,0.45,RandomForest
199_415,1,0.8926431938431935,VERY_HIGH,1,0.45,RandomForest
199_995,0,2.1798365122615804e-05,LOW,0,0.45,RandomForest
200_397,1,0.9216723889749325,VERY_HIGH,1,0.45,RandomForest
200_550,1,0.8970103923888393,VERY_HIGH,1,0.45,RandomForest
201_401,1,0.9608365176567081,VERY_HIGH,1,0.45,RandomForest
202_1166,0,0.0006884650317892824,LOW,0,0.45,RandomForest
202_1269,0,0.0018122024055266563,LOW,0,0.45,RandomForest
203_393,1,0.9721830135627629,VERY_HIGH,1,0.45,RandomForest
204_389,1,0.9751711698509193,VERY_HIGH,1,0.45,RandomForest
204_786,0,0.00771638710971136,LOW,0,0.45,RandomForest
206_941,0,0.0012217983651226158,LOW,0,0.45,RandomForest
206_1313,0,0.0006884650317892824,LOW,0,0.45,RandomForest
207_398,1,0.930032690263682,VERY_HIGH,1,0.45,RandomForest
207_551,1,0.9497190121862925,VERY_HIGH,1,0.45,RandomForest
208_541,1,0.9723897574682051,VERY_HIGH,1,0.45,RandomForest
208_542,1,0.9752540431824903,VERY_HIGH,1,0.45,RandomForest
208_550,1,0.9671664480202271,VERY_HIGH,1,0.45,RandomForest
209_1184,0,2.1798365122615804e-05,LOW,0,0.45,RandomForest
209_1258,0,2.1798365122615804e-05,LOW,0,0.45,RandomForest
209_1337,0,6.220240552665621e-05,LOW,0,0.45,RandomForest
212_536,1,0.8797771307981845,VERY_HIGH,1,0.45,RandomForest
212_538,1,0.9818262654047125,VERY_HIGH,1,0.45,RandomForest
213_922,0,0.0012217983651226158,LOW,0,0.45,RandomForest
214_536,1,0.8519708522067992,VERY_HIGH,1,0.45,RandomForest
214_923,0,6.220240552665621e-05,LOW,0,0.45,RandomForest
216_668,0,0.015555131698455954,LOW,0,0.45,RandomForest
218_793,0,0.0008201826292603046,LOW,0,0.45,RandomForest
221_1601,0,7.659288567056101e-05,LOW,0,0.45,RandomForest
222_1036,0,0.003562202405526656,LOW,0,0.45,RandomForest
223_498,1,0.9461307780371888,VERY_HIGH,1,0.45,RandomForest
223_591,0,0.011548021457099131,LOW,0,0.45,RandomForest
224_1401,0,6.220240552665621e-05,LOW,0,0.45,RandomForest
225_41,0,0.15550206688736098,LOW,0,0.45,RandomForest
225_934,0,0.001021798365122616,LOW,0,0.45,RandomForest
226_699,0,7.659288567056101e-05,LOW,0,0.45,RandomForest
227_1644,0,0.011013140356464609,LOW,0,0.45,RandomForest
228_721,0,0.0011443894958400526,LOW,0,0.45,RandomForest
231_1310,0,6.220240552665621e-05,LOW,0,0.45,RandomForest
234_382,1,0.9387124098124099,VERY_HIGH,1,0.45,RandomForest
236_1344,0,0.0008789412222654729,LOW,0,0.45,RandomForest
237_46,0,0.04199396071887981,LOW,0,0.45,RandomForest
240_1004,0,0.0019733135166377673,LOW,0,0.45,RandomForest
243_522,1,0.932701219598091,VERY_HIGH,1,0.45,RandomForest
244_467,0,0.0008217983651226158,LOW,0,0.45,RandomForest
244_1007,0,0.0030983135166377674,LOW,0,0.45,RandomForest
244_1230,0,2.1798365122615804e-05,LOW,0,0.45,RandomForest
245_766,0,0.12135202020202025,LOW,0,0.45,RandomForest
246_43,0,0.07344607777843074,LOW,0,0.45,RandomForest
246_358,1,0.9733938285091674,VERY_HIGH,1,0.45,RandomForest
246_1003,0,0.0031733135166377665,LOW,0,0.45,RandomForest
247_358,1,0.996582622139765,VERY_HIGH,1,0.45,RandomForest
247_361,1,0.9612636739737804,VERY_HIGH,1,0.45,RandomForest
247_523,1,0.9877476190476191,VERY_HIGH,1,0.45,RandomForest
248_366,1,0.9815365079365079,VERY_HIGH,1,0.45,RandomForest
248_398,1,0.9888934704184702,VERY_HIGH,1,0.45,RandomForest
248_404,1,0.896082554602955,VERY_HIGH,1,0.45,RandomForest
249_358,1,0.9840799603174603,VERY_HIGH,1,0.45,RandomForest
250_362,1,0.9595857426303852,VERY_HIGH,1,0.45,RandomForest
250_404,1,0.9541158966033967,VERY_HIGH,1,0.45,RandomForest
250_522,1,0.993112925170068,VERY_HIGH,1,0.45,RandomForest
250_1510,0,2.1798365122615804e-05,LOW,0,0.45,RandomForest
251_407,1,0.9608540239953283,VERY_HIGH,1,0.45,RandomForest
251_505,1,0.9215285226705202,VERY_HIGH,1,0.45,RandomForest
251_510,1,0.9169410245364703,VERY_HIGH,1,0.45,RandomForest
252_358,1,0.9877928571428571,VERY_HIGH,1,0.45,RandomForest
252_509,1,0.9532034547152192,VERY_HIGH,1,0.45,RandomForest
252_875,0,0.0017432595523372276,LOW,0,0.45,RandomForest
254_507,1,0.9669332571571061,VERY_HIGH,1,0.45,RandomForest
256_365,1,0.9961,VERY_HIGH,1,0.45,RandomForest
256_1265,0,2.1798365122615804e-05,LOW,0,0.45,RandomForest
258_206,0,0.09441808191808193,LOW,0,0.45,RandomForest
258_678,0,0.0007288690721933229,LOW,0,0.45,RandomForest
258_1217,0,0.0013955357388599895,LOW,0,0.45,RandomForest
260_357,1,0.9772920230877203,VERY_HIGH,1,0.45,RandomForest
260_358,1,0.9519036811887875,VERY_HIGH,1,0.45,RandomForest
262_507,1,0.9847492346938778,VERY_HIGH,1,0.45,RandomForest
262_1643,0,2.1798365122615804e-05,LOW,0,0.45,RandomForest
263_1026,0,0.0010622024055266562,LOW,0,0.45,RandomForest
264_864,0,0.005243259552337227,LOW,0,0.45,RandomForest
264_1413,0,6.220240552665621e-05,LOW,0,0.45,RandomForest
266_413,1,0.9517215449675213,VERY_HIGH,1,0.45,RandomForest
266_545,0,0.023876488119812377,LOW,0,0.45,RandomForest
267_413,1,0.9645329430982823,VERY_HIGH,1,0.45,RandomForest
267_576,1,0.0599114430682456,LOW,0,0.45,RandomForest
268_406,1,0.9199433507479473,VERY_HIGH,1,0.45,RandomForest
270_329,0,0.1212406462250452,LOW,0,0.45,RandomForest
271_508,1,0.9948079365079364,VERY_HIGH,1,0.45,RandomForest
272_1254,0,0.004409893603217854,LOW,0,0.45,RandomForest
273_523,1,0.9599417564347799,VERY_HIGH,1,0.45,RandomForest
273_611,0,0.19560666420954348,LOW,0,0.45,RandomForest
274_964,0,6.220240552665621e-05,LOW,0,0.45,RandomForest
275_1336,0,2.1798365122615804e-05,LOW,0,0.45,RandomForest
277_511,1,0.930057553619319,VERY_HIGH,1,0.45,RandomForest
278_398,1,0.9927492485366239,VERY_HIGH,1,0.45,RandomForest
278_421,0,0.6625715520152793,HIGH,1,0.45,RandomForest
279_381,1,0.913585364950578,VERY_HIGH,1,0.45,RandomForest
279_1125,0,0.0020217983651226157,LOW,0,0.45,RandomForest
280_522,1,0.921705042016807,VERY_HIGH,1,0.45,RandomForest
282_49,0,0.13800208810797052,LOW,0,0.45,RandomForest
282_503,1,0.9742312352818682,VERY_HIGH,1,0.45,RandomForest
282_578,1,0.8911859082210146,VERY_HIGH,1,0.45,RandomForest
282_1317,0,0.001021798365122616,LOW,0,0.45,RandomForest
283_447,0,0.0058312937403714165,LOW,0,0.45,RandomForest
283_522,1,0.9684201213818864,VERY_HIGH,1,0.45,RandomForest
283_560,1,0.9145758816550162,VERY_HIGH,1,0.45,RandomForest
283_573,1,0.9735652736770385,VERY_HIGH,1,0.45,RandomForest
283_574,1,0.9512974662592311,VERY_HIGH,1,0.45,RandomForest
283_575,1,0.8030531437235294,VERY_HIGH,1,0.45,RandomForest
283_1089,0,6.220240552665621e-05,LOW,0,0.45,RandomForest
283_1342,0,2.1798365122615804e-05,LOW,0,0.45,RandomForest
286_916,0,0.0048467983651226156,LOW,0,0.45,RandomForest
287_381,1,0.9674745086577061,VERY_HIGH,1,0.45,RandomForest
287_575,1,0.9095131464231007,VERY_HIGH,1,0.45,RandomForest
287_915,0,0.0026706078889321395,LOW,0,0.45,RandomForest
288_502,1,0.9855614854215919,VERY_HIGH,1,0.45,RandomForest
289_1159,0,2.1798365122615804e-05,LOW,0,0.45,RandomForest
290_389,1,0.9730592025352572,VERY_HIGH,1,0.45,RandomForest
290_496,1,0.9772243381372613,VERY_HIGH,1,0.45,RandomForest
290_497,1,0.9958462585034015,VERY_HIGH,1,0.45,RandomForest
292_192,0,0.16308371260737003,LOW,0,0.45,RandomForest
292_534,1,0.9846765124918515,VERY_HIGH,1,0.45,RandomForest
293_535,1,0.9538859821888214,VERY_HIGH,1,0.45,RandomForest
294_537,1,0.9929699633699635,VERY_HIGH,1,0.45,RandomForest
294_571,1,0.8960453905571558,VERY_HIGH,1,0.45,RandomForest
295_538,1,0.9911380952380953,VERY_HIGH,1,0.45,RandomForest
295_704,0,0.002940845984170235,LOW,0,0.45,RandomForest
296_126,0,0.18722411710991835,LOW,0,0.45,RandomForest
296_534,1,0.6895419358419356,HIGH,1,0.45,RandomForest
296_640,0,0.009239980183304434,LOW,0,0.45,RandomForest
297_393,1,0.8930097497652418,VERY_HIGH,1,0.45,RandomForest
297_422,1,0.9683542483660131,VERY_HIGH,1,0.45,RandomForest
297_537,1,0.9691501504447935,VERY_HIGH,1,0.45,RandomForest
298_424,1,0.965708938120703,VERY_HIGH,1,0.45,RandomForest
300_218,0,0.6347898050315699,HIGH,1,0.45,RandomForest
300_539,1,0.9731989865561294,VERY_HIGH,1,0.45,RandomForest
301_14,0,0.016410469404228436,LOW,0,0.45,RandomForest
301_608,1,0.9589627340682575,VERY_HIGH,1,0.45,RandomForest
301_865,0,0.021879233578311248,LOW,0,0.45,RandomForest
302_513,1,0.9404491280038775,VERY_HIGH,1,0.45,RandomForest
302_539,1,0.9712682783754214,VERY_HIGH,1,0.45,RandomForest
302_874,0,0.024893043102120774,LOW,0,0.45,RandomForest
302_1466,0,6.220240552665621e-05,LOW,0,0.45,RandomForest
304_429,1,0.8360817541935189,VERY_HIGH,1,0.45,RandomForest
304_563,1,0.9842318877204423,VERY_HIGH,1,0.45,RandomForest
305_463,1,0.9583711603429254,VERY_HIGH,1,0.45,RandomForest
306_907,0,0.0010217983651226157,LOW,0,0.45,RandomForest
308_510,1,0.995377435064935,VERY_HIGH,1,0.45,RandomForest
311_430,1,0.9055127287744934,VERY_HIGH,1,0.45,RandomForest
311_595,1,0.9450576460056476,VERY_HIGH,1,0.45,RandomForest
312_430,1,0.9585106446626419,VERY_HIGH,1,0.45,RandomForest
312_903,0,0.0009250777341554095,LOW,0,0.45,RandomForest
313_1582,0,0.0030448468539245295,LOW,0,0.45,RandomForest
314_442,1,0.9882483268983269,VERY_HIGH,1,0.45,RandomForest
314_1575,0,0.002889125482449733,LOW,0,0.45,RandomForest
315_269,0,0.5998713565366959,HIGH,1,0.45,RandomForest
315_467,1,0.9062769900687551,VERY_HIGH,1,0.45,RandomForest
315_505,1,0.9940257936507938,VERY_HIGH,1,0.45,RandomForest
315_1482,0,0.0004622024055266562,LOW,0,0.45,RandomForest
316_50,0,0.5113534633188022,HIGH,1,0.45,RandomForest
316_298,0,0.528459966236175,HIGH,1,0.45,RandomForest
317_380,1,0.9251392544492547,VERY_HIGH,1,0.45,RandomForest
317_593,1,0.9103067787639222,VERY_HIGH,1,0.45,RandomForest
318_526,0,0.8061313212930866,VERY_HIGH,1,0.45,RandomForest
318_584,1,0.9722904761904761,VERY_HIGH,1,0.45,RandomForest
318_593,1,0.9038558551018308,VERY_HIGH,1,0.45,RandomForest
320_406,1,0.9989642857142857,VERY_HIGH,1,0.45,RandomForest
320_590,1,0.9929029761904761,VERY_HIGH,1,0.45,RandomForest
321_1016,0,6.220240552665621e-05,LOW,0,0.45,RandomForest
323_558,1,0.9872716265646498,VERY_HIGH,1,0.45,RandomForest
323_585,1,0.9961333333333333,VERY_HIGH,1,0.45,RandomForest
324_579,1,0.9897261904761906,VERY_HIGH,1,0.45,RandomForest
325_476,1,0.9517067039631149,VERY_HIGH,1,0.45,RandomForest
328_603,1,0.9131435193054439,VERY_HIGH,1,0.45,RandomForest
328_1011,0,0.007559893603217853,LOW,0,0.45,RandomForest
330_410,1,0.6611975117905355,HIGH,1,0.45,RandomForest
330_497,1,0.9918833333333332,VERY_HIGH,1,0.45,RandomForest
331_361,1,0.9970557823129252,VERY_HIGH,1,0.45,RandomForest
331_600,1,0.9120028266134597,VERY_HIGH,1,0.45,RandomForest
331_1374,0,0.04756046176046176,LOW,0,0.45,RandomForest
332_495,1,0.8469123967083725,VERY_HIGH,1,0.45,RandomForest
332_535,1,0.8859106060606062,VERY_HIGH,1,0.45,RandomForest
333_646,0,0.050401919370779646,LOW,0,0.45,RandomForest
334_359,1,0.9868896222318715,VERY_HIGH,1,0.45,RandomForest
334_406,1,0.9578325863678805,VERY_HIGH,1,0.45,RandomForest
334_536,1,0.9778497831303066,VERY_HIGH,1,0.45,RandomForest
334_764,0,0.002155131698455949,LOW,0,0.45,RandomForest
335_896,0,0.0032932269365511875,LOW,0,0.45,RandomForest
336_399,1,0.8654599343185548,VERY_HIGH,1,0.45,RandomForest
337_398,1,0.9214503603308836,VERY_HIGH,1,0.45,RandomForest
337_820,0,0.0010622024055266562,LOW,0,0.45,RandomForest
338_294,0,0.616845311013591,HIGH,1,0.45,RandomForest
338_466,1,0.9398256235827663,VERY_HIGH,1,0.45,RandomForest
338_513,1,0.8762137821988886,VERY_HIGH,1,0.45,RandomForest
338_924,0,0.0027995761429003927,LOW,0,0.45,RandomForest
338_1072,0,0.003913465031789283,LOW,0,0.45,RandomForest
338_1406,0,0.27796417748917757,MODERATE,0,0.45,RandomForest
338_1654,0,0.01424374308706734,LOW,0,0.45,RandomForest
339_465,1,0.9652554252625681,VERY_HIGH,1,0.45,RandomForest
339_466,1,0.9797985673057102,VERY_HIGH,1,0.45,RandomForest
339_467,1,0.9925952380952381,VERY_HIGH,1,0.45,RandomForest
339_490,1,0.976298446113785,VERY_HIGH,1,0.45,RandomForest
339_491,1,0.9865330447330446,VERY_HIGH,1,0.45,RandomForest
340_465,1,0.9350853397924822,VERY_HIGH,1,0.45,RandomForest
341_486,1,0.992222619047619,VERY_HIGH,1,0.45,RandomForest
342_465,1,0.8126013139200411,VERY_HIGH,1,0.45,RandomForest
342_468,1,0.9432338399189463,VERY_HIGH,1,0.45,RandomForest
343_359,1,0.9144244439290868,VERY_HIGH,1,0.45,RandomForest
345_474,1,0.9655630472701899,VERY_HIGH,1,0.45,RandomForest
346_836,0,0.0006884650317892824,LOW,0,0.45,RandomForest
348_1302,0,0.0005622024055266562,LOW,0,0.45,RandomForest
350_510,1,0.9357853517276015,VERY_HIGH,1,0.45,RandomForest
350_606,1,0.99317934662237,VERY_HIGH,1,0.45,RandomForest
351_413,1,0.9899768398268397,VERY_HIGH,1,0.45,RandomForest
351_482,1,0.9374376847902284,VERY_HIGH,1,0.45,RandomForest
351_510,1,0.9705715324672299,VERY_HIGH,1,0.45,RandomForest
353_512,1,0.953669416065114,VERY_HIGH,1,0.45,RandomForest
355_106,0,0.037802051204071103,LOW,0,0.45,RandomForest
355_852,0,0.001021798365122616,LOW,0,0.45,RandomForest
356_608,0,0.4653155844155846,MODERATE,1,0.45,RandomForest
358_530,1,0.9262548853486127,VERY_HIGH,1,0.45,RandomForest
358_1363,0,0.004244284729981863,LOW,0,0.45,RandomForest
360_264,0,0.5113533686619894,HIGH,1,0.45,RandomForest
360_519,0,0.8926428142779207,VERY_HIGH,1,0.45,RandomForest
360_1070,0,0.022280312073636323,LOW,0,0.45,RandomForest
363_189,0,0.15742800214855154,LOW,0,0.45,RandomForest
363_966,0,0.002221798365122616,LOW,0,0.45,RandomForest
364_545,0,0.7484782188399836,HIGH,1,0.45,RandomForest
367_468,1,0.06726950727867645,LOW,0,0.45,RandomForest
368_367,1,0.9950622222222223,VERY_HIGH,1,0.45,RandomForest
368_829,0,6.220240552665621e-05,LOW,0,0.45,RandomForest
369_539,1,0.9612759655377305,VERY_HIGH,1,0.45,RandomForest
370_476,0,0.157538771470018,LOW,0,0.45,RandomForest
372_119,0,0.03464437153214485,LOW,0,0.45,RandomForest
372_368,1,0.9786853535353536,VERY_HIGH,1,0.45,RandomForest
373_448,1,0.8864971058971061,VERY_HIGH,1,0.45,RandomForest
373_717,0,0.0026884650317892823,LOW,0,0.45,RandomForest
376_613,1,0.9450858044733045,VERY_HIGH,1,0.45,RandomForest
376_614,1,0.983265003052503,VERY_HIGH,1,0.45,RandomForest
377_494,1,0.8505763748183722,VERY_HIGH,1,0.45,RandomForest
377_504,1,0.9399769094544529,VERY_HIGH,1,0.45,RandomForest
379_464,1,0.9913277777777778,VERY_HIGH,1,0.45,RandomForest
381_395,1,0.938739660024766,VERY_HIGH,1,0.45,RandomForest
381_468,1,0.9963905982905983,VERY_HIGH,1,0.45,RandomForest
382_638,0,0.006472356542303785,LOW,0,0.45,RandomForest
383_922,0,2.1798365122615804e-05,LOW,0,0.45,RandomForest
384_469,1,0.9475346335697401,VERY_HIGH,1,0.45,RandomForest
384_549,0,0.07452494531889711,LOW,0,0.45,RandomForest
384_1393,0,0.015066666666666667,LOW,0,0.45,RandomForest
386_469,1,0.9940729933580997,VERY_HIGH,1,0.45,RandomForest
386_471,1,0.9947126126126126,VERY_HIGH,1,0.45,RandomForest
386_685,0,0.003288465031789282,LOW,0,0.45,RandomForest
388_927,0,0.0012134650317892825,LOW,0,0.45,RandomForest
391_315,0,0.14040238095238092,LOW,0,0.45,RandomForest
391_522,1,0.9644786172161176,VERY_HIGH,1,0.45,RandomForest
393_437,1,0.9842256235827663,VERY_HIGH,1,0.45,RandomForest
394_671,0,0.035897076681577406,LOW,0,0.45,RandomForest
394_1262,0,0.00707656026988452,LOW,0,0.45,RandomForest
394_1503,0,0.028038888888888884,LOW,0,0.45,RandomForest
395_1491,0,6.220240552665621e-05,LOW,0,0.45,RandomForest
396_198,0,0.021693198502276172,LOW,0,0.45,RandomForest
396_1282,0,0.003055131698455949,LOW,0,0.45,RandomForest
396_1560,0,0.033227209620533875,LOW,0,0.45,RandomForest
397_969,0,0.0018134650317892826,LOW,0,0.45,RandomForest
398_366,1,0.9696499815430049,VERY_HIGH,1,0.45,RandomForest
398_393,0,0.5222474451904688,HIGH,1,0.45,RandomForest
398_514,1,0.9746569902319903,VERY_HIGH,1,0.45,RandomForest
398_612,0,0.1291596808420338,LOW,0,0.45,RandomForest
398_636,0,0.1797190570299267,LOW,0,0.45,RandomForest
398_724,0,0.0027884650317892825,LOW,0,0.45,RandomForest
399_176,0,0.19781314404549685,LOW,0,0.45,RandomForest
399_549,1,0.9145399267399273,VERY_HIGH,1,0.45,RandomForest
400_148,0,0.6996757908757913,HIGH,1,0.45,RandomForest
404_506,1,0.8026797389406084,VERY_HIGH,1,0.45,RandomForest
405_401,1,0.8950329541259777,VERY_HIGH,1,0.45,RandomForest
406_394,0,0.6975130686916433,HIGH,1,0.45,RandomForest
406_456,0,0.9268661811887878,VERY_HIGH,1,0.45,RandomForest
406_513,1,0.9804149350649355,VERY_HIGH,1,0.45,RandomForest
407_527,1,0.989468253968254,VERY_HIGH,1,0.45,RandomForest
407_1330,0,6.220240552665621e-05,LOW,0,0.45,RandomForest
408_650,1,0.7694379055230122,VERY_HIGH,1,0.45,RandomForest
409_488,1,0.9823366337796573,VERY_HIGH,1,0.45,RandomForest
409_509,1,0.9644715284715286,VERY_HIGH,1,0.45,RandomForest
409_663,1,0.9178297313797311,VERY_HIGH,1,0.45,RandomForest
410_480,1,0.9186420550038201,VERY_HIGH,1,0.45,RandomForest
410_491,1,0.9351501438806678,VERY_HIGH,1,0.45,RandomForest
410_662,1,0.9098061660561664,VERY_HIGH,1,0.45,RandomForest
410_712,0,0.0025217983651226157,LOW,0,0.45,RandomForest
411_386,1,0.939573860817588,VERY_HIGH,1,0.45,RandomForest
412_399,1,0.941414677757958,VERY_HIGH,1,0.45,RandomForest
412_530,1,0.6059922448352686,HIGH,1,0.45,RandomForest
412_660,1,0.7799751083404473,VERY_HIGH,1,0.45,RandomForest
413_231,0,0.03449648358328609,LOW,0,0.45,RandomForest
413_476,1,0.90737091503268,VERY_HIGH,1,0.45,RandomForest
413_656,1,0.8911963980463978,VERY_HIGH,1,0.45,RandomForest
413_847,0,6.220240552665621e-05,LOW,0,0.45,RandomForest
414_365,1,0.9627665109567438,VERY_HIGH,1,0.45,RandomForest
414_425,1,0.9853988095238095,VERY_HIGH,1,0.45,RandomForest
415_392,1,0.9864543425644489,VERY_HIGH,1,0.45,RandomForest
416_384,1,0.9596771250842677,VERY_HIGH,1,0.45,RandomForest
418_645,1,0.8449511599511602,VERY_HIGH,1,0.45,RandomForest
419_394,1,0.9764887605042016,VERY_HIGH,1,0.45,RandomForest
419_1157,0,0.003740052333376584,LOW,0,0.45,RandomForest
420_476,0,0.06222532125874672,LOW,0,0.45,RandomForest
422_365,1,0.9797979974160207,VERY_HIGH,1,0.45,RandomForest
424_174,0,0.7264452494411777,HIGH,1,0.45,RandomForest
424_402,1,0.954893231453338,VERY_HIGH,1,0.45,RandomForest
425_362,1,0.8973909003464239,VERY_HIGH,1,0.45,RandomForest
425_396,1,0.5739506882006883,HIGH,1,0.45,RandomForest
425_431,1,0.9297824899574902,VERY_HIGH,1,0.45,RandomForest
426_225,0,0.04041683641885632,LOW,0,0.45,RandomForest
426_461,1,0.9787394159900492,VERY_HIGH,1,0.45,RandomForest
426_780,0,0.005621798365122615,LOW,0,0.45,RandomForest
427_810,0,0.0013955357388599895,LOW,0,0.45,RandomForest
427_1149,0,6.220240552665621e-05,LOW,0,0.45,RandomForest
428_451,1,0.988978013993353,VERY_HIGH,1,0.45,RandomForest
428_454,1,0.9358014942952212,VERY_HIGH,1,0.45,RandomForest
429_1090,0,2.1798365122615804e-05,LOW,0,0.45,RandomForest
430_437,1,0.860498456944433,VERY_HIGH,1,0.45,RandomForest
431_493,1,0.9674848458734008,VERY_HIGH,1,0.45,RandomForest
431_668,1,0.6687956685450929,HIGH,1,0.45,RandomForest
435_1590,0,0.11688333333333335,LOW,0,0.45,RandomForest
437_491,1,0.9716939984399746,VERY_HIGH,1,0.45,RandomForest
441_401,0,0.6312118665648082,HIGH,1,0.45,RandomForest
443_1108,0,2.1798365122615804e-05,LOW,0,0.45,RandomForest
445_369,1,0.9793624999999999,VERY_HIGH,1,0.45,RandomForest
445_447,1,0.9080366385092449,VERY_HIGH,1,0.45,RandomForest
446_347,1,0.8587774170274173,VERY_HIGH,1,0.45,RandomForest
446_365,1,0.9490832806672523,VERY_HIGH,1,0.45,RandomForest
447_1052,0,0.004105131698455949,LOW,0,0.45,RandomForest
448_373,1,0.9487420409771478,VERY_HIGH,1,0.45,RandomForest
448_377,1,0.9812937743966134,VERY_HIGH,1,0.45,RandomForest
448_400,1,0.9637218614718619,VERY_HIGH,1,0.45,RandomForest
449_361,1,0.9441066389222688,VERY_HIGH,1,0.45,RandomForest
449_400,1,0.9575456709956714,VERY_HIGH,1,0.45,RandomForest
449_1054,0,0.0013955357388599895,LOW,0,0.45,RandomForest
450_489,1,0.8378530943890174,VERY_HIGH,1,0.45,RandomForest
450_532,0,0.0313834960876899,LOW,0,0.45,RandomForest
450_1086,0,0.0006884650317892824,LOW,0,0.45,RandomForest
451_746,0,0.0024884650317892826,LOW,0,0.45,RandomForest
452_484,1,0.9657817515817516,VERY_HIGH,1,0.45,RandomForest
452_495,1,0.9613717948717949,VERY_HIGH,1,0.45,RandomForest
452_529,0,0.017371458125651936,LOW,0,0.45,RandomForest
452_784,0,2.1798365122615804e-05,LOW,0,0.45,RandomForest
453_391,1,0.9735053927984161,VERY_HIGH,1,0.45,RandomForest
453_400,1,0.9000757730717377,VERY_HIGH,1,0.45,RandomForest
453_407,1,0.882109595540119,VERY_HIGH,1,0.45,RandomForest
453_408,1,0.9719458874458877,VERY_HIGH,1,0.45,RandomForest
453_411,1,0.9736316017316019,VERY_HIGH,1,0.45,RandomForest
453_1353,0,0.0026884650317892827,LOW,0,0.45,RandomForest
454_496,1,0.9473367840492839,VERY_HIGH,1,0.45,RandomForest
455_445,1,0.9407807944307947,VERY_HIGH,1,0.45,RandomForest
456_342,0,0.8560244201397593,VERY_HIGH,1,0.45,RandomForest
457_503,0,0.11615972663314243,LOW,0,0.45,RandomForest
457_1000,0,2.1798365122615804e-05,LOW,0,0.45,RandomForest
458_197,0,0.126801781495004,LOW,0,0.45,RandomForest
458_494,1,0.9505420283038281,VERY_HIGH,1,0.45,RandomForest
458_665,1,0.15541977769319357,LOW,0,0.45,RandomForest
459_415,1,0.9454656561461798,VERY_HIGH,1,0.45,RandomForest
459_447,1,0.9558816738816739,VERY_HIGH,1,0.45,RandomForest
459_669,1,0.07602205917847804,LOW,0,0.45,RandomForest
459_1218,0,0.0025749119182361694,LOW,0,0.45,RandomForest
460_1285,0,6.220240552665621e-05,LOW,0,0.45,RandomForest
463_1201,0,0.010050369793694044,LOW,0,0.45,RandomForest
464_214,0,0.4776560837005739,MODERATE,1,0.45,RandomForest
464_647,0,0.7796880634731701,VERY_HIGH,1,0.45,RandomForest
466_1167,0,0.0006884650317892824,LOW,0,0.45,RandomForest
467_337,1,0.8523422159539807,VERY_HIGH,1,0.45,RandomForest
468_344,1,0.8399647420067391,VERY_HIGH,1,0.45,RandomForest
468_413,1,0.7883281169810583,VERY_HIGH,1,0.45,RandomForest
471_565,1,0.8450619129236778,VERY_HIGH,1,0.45,RandomForest
472_104,0,0.07229730483852832,LOW,0,0.45,RandomForest
472_500,0,0.06069023199023198,LOW,0,0.45,RandomForest
472_543,1,0.9678438613517619,VERY_HIGH,1,0.45,RandomForest
472_912,0,0.017682411992609864,LOW,0,0.45,RandomForest
473_380,1,0.9843313568538388,VERY_HIGH,1,0.45,RandomForest
473_381,1,0.9914848603271097,VERY_HIGH,1,0.45,RandomForest
473_540,1,0.9783780094380093,VERY_HIGH,1,0.45,RandomForest
474_421,1,0.7476859344789578,HIGH,1,0.45,RandomForest
474_471,1,0.9906702620553686,VERY_HIGH,1,0.45,RandomForest
475_374,1,0.9773327664399093,VERY_HIGH,1,0.45,RandomForest
475_386,1,0.9962795918367346,VERY_HIGH,1,0.45,RandomForest
475_1305,0,0.0006884650317892824,LOW,0,0.45,RandomForest
476_163,0,0.030256493506493502,LOW,0,0.45,RandomForest
476_416,1,0.6688483793983796,HIGH,1,0.45,RandomForest
476_474,1,0.9922063492063492,VERY_HIGH,1,0.45,RandomForest
477_475,1,0.9873301587301588,VERY_HIGH,1,0.45,RandomForest
477_561,1,0.893690498196022,VERY_HIGH,1,0.45,RandomForest
477_1226,0,2.1798365122615804e-05,LOW,0,0.45,RandomForest
478_384,1,0.9725665859925159,VERY_HIGH,1,0.45,RandomForest
478_565,1,0.9820071428571431,VERY_HIGH,1,0.45,RandomForest
480_471,1,0.9928498015873015,VERY_HIGH,1,0.45,RandomForest
480_517,1,0.9484731547867097,VERY_HIGH,1,0.45,RandomForest
480_1139,0,2.1798365122615804e-05,LOW,0,0.45,RandomForest
482_479,1,0.8974921922521921,VERY_HIGH,1,0.45,RandomForest
482_483,1,0.6246043493973732,HIGH,1,0.45,RandomForest
483_365,1,0.9962682823129252,VERY_HIGH,1,0.45,RandomForest
483_403,1,0.952010625633232,VERY_HIGH,1,0.45,RandomForest
484_334,1,0.8618685036660038,VERY_HIGH,1,0.45,RandomForest
486_416,1,0.9480674603174607,VERY_HIGH,1,0.45,RandomForest
488_406,1,0.9777339285714289,VERY_HIGH,1,0.45,RandomForest
488_504,1,0.978127152597553,VERY_HIGH,1,0.45,RandomForest
489_364,1,0.9270922077922078,VERY_HIGH,1,0.45,RandomForest
489_371,1,0.9583993369064797,VERY_HIGH,1,0.45,RandomForest
489_412,1,0.963666700082039,VERY_HIGH,1,0.45,RandomForest
489_418,1,0.967023592654116,VERY_HIGH,1,0.45,RandomForest
489_419,1,0.9010617364117367,VERY_HIGH,1,0.45,RandomForest
489_470,1,0.9590125788100791,VERY_HIGH,1,0.45,RandomForest
491_371,1,0.9966794871794873,VERY_HIGH,1,0.45,RandomForest
491_416,1,0.970576676695464,VERY_HIGH,1,0.45,RandomForest
491_442,1,0.9630881669686904,VERY_HIGH,1,0.45,RandomForest
491_456,1,0.9658139160356443,VERY_HIGH,1,0.45,RandomForest
491_555,1,0.9689166441517506,VERY_HIGH,1,0.45,RandomForest
491_1386,0,0.0018217983651226159,LOW,0,0.45,RandomForest
492_301,0,0.7140058062002969,HIGH,1,0.45,RandomForest
492_508,1,0.9812729933581,VERY_HIGH,1,0.45,RandomForest
492_528,1,0.9978095238095237,VERY_HIGH,1,0.45,RandomForest
492_909,0,0.016691162449314286,LOW,0,0.45,RandomForest
493_355,0,0.10117512095747389,LOW,0,0.45,RandomForest
493_441,1,0.8892918618848854,VERY_HIGH,1,0.45,RandomForest
494_471,1,0.8739502801120449,VERY_HIGH,1,0.45,RandomForest
494_508,1,0.9747697608022358,VERY_HIGH,1,0.45,RandomForest
495_374,1,0.9653256416202844,VERY_HIGH,1,0.45,RandomForest
495_395,1,0.9960367346938778,VERY_HIGH,1,0.45,RandomForest
495_397,1,0.991386475231118,VERY_HIGH,1,0.45,RandomForest
495_435,1,0.9706817460317463,VERY_HIGH,1,0.45,RandomForest
495_450,1,0.9635898282863,VERY_HIGH,1,0.45,RandomForest
495_461,1,0.9974444444444444,VERY_HIGH,1,0.45,RandomForest
495_469,1,0.9777906090808416,VERY_HIGH,1,0.45,RandomForest
495_1418,0,2.1798365122615804e-05,LOW,0,0.45,RandomForest
496_376,1,0.9839113875964941,VERY_HIGH,1,0.45,RandomForest
496_463,1,0.9868125112312983,VERY_HIGH,1,0.45,RandomForest
496_465,1,0.9934241269841271,VERY_HIGH,1,0.45,RandomForest
496_1659,0,0.03570352449482885,LOW,0,0.45,RandomForest
497_464,1,0.9593900725588599,VERY_HIGH,1,0.45,RandomForest
497_527,1,0.9663494243345306,VERY_HIGH,1,0.45,RandomForest
497_916,0,0.0024384650317892825,LOW,0,0.45,RandomForest
499_373,1,0.9346277203223629,VERY_HIGH,1,0.45,RandomForest
499_1383,0,2.1798365122615804e-05,LOW,0,0.45,RandomForest
500_338,1,0.9874196969696969,VERY_HIGH,1,0.45,RandomForest
500_339,1,0.9787393536695861,VERY_HIGH,1,0.45,RandomForest
500_427,1,0.9718918466223702,VERY_HIGH,1,0.45,RandomForest
500_508,1,0.980224396089735,VERY_HIGH,1,0.45,RandomForest
501_470,1,0.9888028205128208,VERY_HIGH,1,0.45,RandomForest
501_529,1,0.98093444746468,VERY_HIGH,1,0.45,RandomForest
501_531,1,0.9817434523809525,VERY_HIGH,1,0.45,RandomForest
503_461,1,0.9899611111111113,VERY_HIGH,1,0.45,RandomForest
505_335,1,0.9127878081729146,VERY_HIGH,1,0.45,RandomForest
505_338,1,0.8442871290738796,VERY_HIGH,1,0.45,RandomForest
505_410,1,0.7915765021709924,VERY_HIGH,1,0.45,RandomForest
505_647,0,0.0015622024055266563,LOW,0,0.45,RandomForest
506_339,1,0.9609193362193363,VERY_HIGH,1,0.45,RandomForest
506_378,1,0.9953367346938775,VERY_HIGH,1,0.45,RandomForest
506_420,1,0.9216906533711768,VERY_HIGH,1,0.45,RandomForest
506_422,1,0.9753880767811001,VERY_HIGH,1,0.45,RandomForest
506_464,1,0.9651863850749398,VERY_HIGH,1,0.45,RandomForest
507_422,1,0.9434850645155878,VERY_HIGH,1,0.45,RandomForest
508_338,1,0.9208585132890368,VERY_HIGH,1,0.45,RandomForest
508_340,1,0.9479601005906241,VERY_HIGH,1,0.45,RandomForest
508_349,0,0.9561103896103897,VERY_HIGH,1,0.45,RandomForest
508_1254,0,2.1798365122615804e-05,LOW,0,0.45,RandomForest
509_340,1,0.9367069259874494,VERY_HIGH,1,0.45,RandomForest
509_374,1,0.9851379251700682,VERY_HIGH,1,0.45,RandomForest
509_731,0,6.220240552665621e-05,LOW,0,0.45,RandomForest
510_407,1,0.7828883458828361,VERY_HIGH,1,0.45,RandomForest
512_326,1,0.7061318650793652,HIGH,1,0.45,RandomForest
512_511,0,0.7091497128461843,HIGH,1,0.45,RandomForest
515_405,1,0.9953333333333334,VERY_HIGH,1,0.45,RandomForest
516_395,1,0.999,VERY_HIGH,1,0.45,RandomForest
517_370,1,0.9418056941563273,VERY_HIGH,1,0.45,RandomForest
517_406,1,0.9983461538461538,VERY_HIGH,1,0.45,RandomForest
518_325,1,0.5426971500721501,HIGH,1,0.45,RandomForest
518_538,1,0.9777140873015873,VERY_HIGH,1,0.45,RandomForest
519_403,1,0.9559086987109479,VERY_HIGH,1,0.45,RandomForest
520_446,0,0.22325579975579984,LOW,0,0.45,RandomForest
520_574,1,0.8917697482634758,VERY_HIGH,1,0.45,RandomForest
521_323,1,0.7557944836116264,VERY_HIGH,1,0.45,RandomForest
521_410,1,0.9689688539245485,VERY_HIGH,1,0.45,RandomForest
521_571,1,0.944052356902357,VERY_HIGH,1,0.45,RandomForest
521_736,0,0.004832909476233727,LOW,0,0.45,RandomForest
522_511,1,0.9881912513842748,VERY_HIGH,1,0.45,RandomForest
522_558,1,0.9206399626517275,VERY_HIGH,1,0.45,RandomForest
523_1106,0,6.220240552665621e-05,LOW,0,0.45,RandomForest
524_401,1,0.9909636577708005,VERY_HIGH,1,0.45,RandomForest
524_1025,0,2.1798365122615804e-05,LOW,0,0.45,RandomForest
526_513,1,0.9843047619047619,VERY_HIGH,1,0.45,RandomForest
527_361,0,0.2856982905415129,MODERATE,0,0.45,RandomForest
527_403,1,0.9957863095238094,VERY_HIGH,1,0.45,RandomForest
527_479,0,0.6253707374325019,HIGH,1,0.45,RandomForest
527_1427,0,0.02151587301587302,LOW,0,0.45,RandomForest
531_260,0,0.24073702571937877,LOW,0,0.45,RandomForest
531_402,1,0.995665306122449,VERY_HIGH,1,0.45,RandomForest
533_95,0,0.016392064372680624,LOW,0,0.45,RandomForest
533_421,1,0.9886202844774273,VERY_HIGH,1,0.45,RandomForest
533_516,1,0.969119608720242,VERY_HIGH,1,0.45,RandomForest
533_525,1,0.9812802328623758,VERY_HIGH,1,0.45,RandomForest
533_527,1,0.9956333333333335,VERY_HIGH,1,0.45,RandomForest
534_423,1,0.6969173944483862,HIGH,1,0.45,RandomForest
535_207,0,0.03133903872762534,LOW,0,0.45,RandomForest
535_399,1,0.9615661531279178,VERY_HIGH,1,0.45,RandomForest
535_562,1,0.9789561888068221,VERY_HIGH,1,0.45,RandomForest
535_1002,0,2.1798365122615804e-05,LOW,0,0.45,RandomForest
535_1337,0,2.1798365122615804e-05,LOW,0,0.45,RandomForest
536_487,1,0.9633488936988938,VERY_HIGH,1,0.45,RandomForest
536_1256,0,0.006702750746074996,LOW,0,0.45,RandomForest
538_333,1,0.9740619047619049,VERY_HIGH,1,0.45,RandomForest
538_344,1,0.8790947828034034,VERY_HIGH,1,0.45,RandomForest
539_87,0,0.012765310196269697,LOW,0,0.45,RandomForest
539_536,1,0.977144662429769,VERY_HIGH,1,0.45,RandomForest
539_999,0,0.001421798365122616,LOW,0,0.45,RandomForest
540_318,1,0.9304626799557034,VERY_HIGH,1,0.45,RandomForest
540_410,1,0.9793034920634922,VERY_HIGH,1,0.45,RandomForest
540_1507,0,6.220240552665621e-05,LOW,0,0.45,RandomForest
542_393,1,0.9159811048428699,VERY_HIGH,1,0.45,RandomForest
542_1302,0,0.002348721442045693,LOW,0,0.45,RandomForest
542_1519,0,2.1798365122615804e-05,LOW,0,0.45,RandomForest
544_1333,0,0.004090784934109185,LOW,0,0.45,RandomForest
545_453,1,0.9957666666666667,VERY_HIGH,1,0.45,RandomForest
546_369,1,0.7174367715617715,HIGH,1,0.45,RandomForest
546_455,1,0.9987727272727273,VERY_HIGH,1,0.45,RandomForest
547_369,1,0.9768973595848596,VERY_HIGH,1,0.45,RandomForest
547_397,1,0.9466581308198958,VERY_HIGH,1,0.45,RandomForest
548_402,1,0.9689189309056957,VERY_HIGH,1,0.45,RandomForest
548_409,1,0.9950749999999999,VERY_HIGH,1,0.45,RandomForest
548_1170,0,0.0013551316984559492,LOW,0,0.45,RandomForest
549_320,1,0.9317069259874492,VERY_HIGH,1,0.45,RandomForest
549_343,1,0.9493563687789749,VERY_HIGH,1,0.45,RandomForest
549_364,1,0.8931956626706636,VERY_HIGH,1,0.45,RandomForest
549_640,0,0.025041476958043648,LOW,0,0.45,RandomForest
550_455,1,0.9304028022012495,VERY_HIGH,1,0.45,RandomForest
551_319,1,0.7121449490754724,HIGH,1,0.45,RandomForest
551_633,1,0.9729055934672367,VERY_HIGH,1,0.45,RandomForest
552_593,1,0.9872401891252954,VERY_HIGH,1,0.45,RandomForest
553_61,0,0.002399662800187518,LOW,0,0.45,RandomForest
554_344,1,0.9671465383316447,VERY_HIGH,1,0.45,RandomForest
556_419,1,0.929896492322903,VERY_HIGH,1,0.45,RandomForest
558_636,1,0.9754558870303114,VERY_HIGH,1,0.45,RandomForest
558_1664,0,0.009314655507979759,LOW,0,0.45,RandomForest
559_21,0,0.039040476190476195,LOW,0,0.45,RandomForest
559_258,0,0.051910413299192666,LOW,0,0.45,RandomForest
559_826,0,0.1507498214089907,LOW,0,0.45,RandomForest
561_186,0,0.13916082005369934,LOW,0,0.45,RandomForest
562_330,1,0.7947068624186272,VERY_HIGH,1,0.45,RandomForest
562_407,1,0.9665256235827665,VERY_HIGH,1,0.45,RandomForest
562_504,1,0.8606751381048874,VERY_HIGH,1,0.45,RandomForest
563_339,1,0.9557217505870894,VERY_HIGH,1,0.45,RandomForest
564_748,0,0.013407353161203728,LOW,0,0.45,RandomForest
566_408,1,0.9603194099045167,VERY_HIGH,1,0.45,RandomForest
566_414,1,0.9815152691056083,VERY_HIGH,1,0.45,RandomForest
566_970,0,0.009629999015696148,LOW,0,0.45,RandomForest
568_890,0,0.014805059548383799,LOW,0,0.45,RandomForest
570_402,1,0.983587031217264,VERY_HIGH,1,0.45,RandomForest
577_896,0,0.008362202405526657,LOW,0,0.45,RandomForest
583_493,1,0.9753179570429571,VERY_HIGH,1,0.45,RandomForest
587_470,0,0.2291925548925549,LOW,0,0.45,RandomForest
587_492,1,0.573838486322107,HIGH,1,0.45,RandomForest
588_407,1,0.9829015647866712,VERY_HIGH,1,0.45,RandomForest
589_492,1,0.9844045565545566,VERY_HIGH,1,0.45,RandomForest
589_493,1,0.9751315476190477,VERY_HIGH,1,0.45,RandomForest
589_500,0,0.20252674155909445,LOW,0,0.45,RandomForest
590_414,1,0.9716615079365081,VERY_HIGH,1,0.45,RandomForest
590_952,0,0.03100747544370861,LOW,0,0.45,RandomForest
590_1117,0,0.003321798365122616,LOW,0,0.45,RandomForest
592_410,1,0.9673425547996979,VERY_HIGH,1,0.45,RandomForest
592_748,0,0.03791186391032465,LOW,0,0.45,RandomForest
593_445,1,0.9393874654600719,VERY_HIGH,1,0.45,RandomForest
593_593,1,0.9732230492883883,VERY_HIGH,1,0.45,RandomForest
593_607,0,0.6401917261337232,HIGH,1,0.45,RandomForest
594_452,0,0.04491316786518778,LOW,0,0.45,RandomForest
594_475,1,0.7161852207967833,HIGH,1,0.45,RandomForest
594_1271,0,2.1798365122615804e-05,LOW,0,0.45,RandomForest
595_402,1,0.993071511028654,VERY_HIGH,1,0.45,RandomForest
595_406,1,0.9789338821063641,VERY_HIGH,1,0.45,RandomForest
596_477,1,0.8731157923775572,VERY_HIGH,1,0.45,RandomForest
596_480,1,0.7504183600713018,VERY_HIGH,1,0.45,RandomForest
596_820,1,0.9655960317460319,VERY_HIGH,1,0.45,RandomForest
597_398,1,0.9771214569160994,VERY_HIGH,1,0.45,RandomForest
597_790,0,0.026345258278249007,LOW,0,0.45,RandomForest
597_841,0,0.07560748959481844,LOW,0,0.45,RandomForest
598_397,1,0.9623926784481911,VERY_HIGH,1,0.45,RandomForest
600_410,1,0.2910662069585807,MODERATE,0,0.45,RandomForest
600_634,0,0.4843695108531316,MODERATE,1,0.45,RandomForest
601_1438,0,6.220240552665621e-05,LOW,0,0.45,RandomForest
601_1652,0,0.0023201826292603045,LOW,0,0.45,RandomForest
603_1213,0,0.023109821453145704,LOW,0,0.45,RandomForest
604_398,1,0.9739877525252523,VERY_HIGH,1,0.45,RandomForest
604_436,1,0.7909692640692646,VERY_HIGH,1,0.45,RandomForest
604_485,1,0.8334987649605301,VERY_HIGH,1,0.45,RandomForest
604_932,0,0.016118726627953172,LOW,0,0.45,RandomForest
607_142,0,0.4598745658596721,MODERATE,1,0.45,RandomForest
607_576,1,0.9470204127710461,VERY_HIGH,1,0.45,RandomForest
608_488,1,0.9175057923775572,VERY_HIGH,1,0.45,RandomForest
609_405,1,0.9804147922998986,VERY_HIGH,1,0.45,RandomForest
609_488,1,0.979965854558878,VERY_HIGH,1,0.45,RandomForest
610_488,1,0.9474640688445922,VERY_HIGH,1,0.45,RandomForest
610_595,1,0.5664906870906873,HIGH,1,0.45,RandomForest
610_1049,0,0.005429890273214525,LOW,0,0.45,RandomForest
611_429,1,0.827450865800866,VERY_HIGH,1,0.45,RandomForest
611_489,1,0.9684450212255448,VERY_HIGH,1,0.45,RandomForest
611_737,0,0.05904232035520981,LOW,0,0.45,RandomForest
612_489,1,0.9792467395967395,VERY_HIGH,1,0.45,RandomForest
613_406,1,0.977824480313035,VERY_HIGH,1,0.45,RandomForest
613_427,1,0.913651319073084,VERY_HIGH,1,0.45,RandomForest
613_715,1,0.9763453823953824,VERY_HIGH,1,0.45,RandomForest
614_407,1,0.9405693187052457,VERY_HIGH,1,0.45,RandomForest
614_699,1,0.9651080601108989,VERY_HIGH,1,0.45,RandomForest
614_707,1,0.9765585858585858,VERY_HIGH,1,0.45,RandomForest
614_713,1,0.9521776146464018,VERY_HIGH,1,0.45,RandomForest
614_1649,0,0.07944528828659267,LOW,0,0.45,RandomForest
615_710,1,0.9477360028860032,VERY_HIGH,1,0.45,RandomForest
616_401,1,0.9806580670652099,VERY_HIGH,1,0.45,RandomForest
616_402,1,0.9807750223321654,VERY_HIGH,1,0.45,RandomForest
616_405,1,0.9503166441517508,VERY_HIGH,1,0.45,RandomForest
616_406,1,0.9912455209961542,VERY_HIGH,1,0.45,RandomForest
616_490,1,0.9860894524394525,VERY_HIGH,1,0.45,RandomForest
616_683,1,0.9033517316017319,VERY_HIGH,1,0.45,RandomForest
616_692,1,0.9850037254412255,VERY_HIGH,1,0.45,RandomForest
617_665,1,0.9384502801120449,VERY_HIGH,1,0.45,RandomForest
617_1559,0,0.010013039772117446,LOW,0,0.45,RandomForest
618_403,1,0.9815068405139832,VERY_HIGH,1,0.45,RandomForest
619_667,1,0.9463145047762697,VERY_HIGH,1,0.45,RandomForest
619_724,1,0.9710644634298023,VERY_HIGH,1,0.45,RandomForest
620_413,0,0.7214203740703746,HIGH,1,0.45,RandomForest
621_427,1,0.9557007751937984,VERY_HIGH,1,0.45,RandomForest
622_738,1,0.9378175320480553,VERY_HIGH,1,0.45,RandomForest
623_426,1,0.9747418466223701,VERY_HIGH,1,0.45,RandomForest
623_1379,0,6.220240552665621e-05,LOW,0,0.45,RandomForest
624_377,0,0.05866361762003646,LOW,0,0.45,RandomForest
625_402,1,0.9937089743589745,VERY_HIGH,1,0.45,RandomForest
626_401,1,0.988340521978022,VERY_HIGH,1,0.45,RandomForest
626_498,1,0.9894666666666665,VERY_HIGH,1,0.45,RandomForest
626_499,1,0.9847445680474072,VERY_HIGH,1,0.45,RandomForest
626_533,0,0.07086819029301784,LOW,0,0.45,RandomForest
626_711,1,0.9878729351988654,VERY_HIGH,1,0.45,RandomForest
626_712,1,0.9890547298200465,VERY_HIGH,1,0.45,RandomForest
627_713,1,0.7078641462866283,HIGH,1,0.45,RandomForest
627_758,1,0.8794931168885624,VERY_HIGH,1,0.45,RandomForest
627_762,1,0.9181663173315304,VERY_HIGH,1,0.45,RandomForest
627_1306,0,0.0006884650317892824,LOW,0,0.45,RandomForest
628_762,1,0.898625959976467,VERY_HIGH,1,0.45,RandomForest
628_1374,0,0.0004622024055266562,LOW,0,0.45,RandomForest
629_760,1,0.978960554282319,VERY_HIGH,1,0.45,RandomForest
629_1017,0,0.007060842654166905,LOW,0,0.45,RandomForest
630_759,1,0.9441003038103041,VERY_HIGH,1,0.45,RandomForest
631_766,1,0.8311498556998559,VERY_HIGH,1,0.45,RandomForest
633_506,1,0.9025320859258129,VERY_HIGH,1,0.45,RandomForest
634_1356,0,0.0010467983651226158,LOW,0,0.45,RandomForest
635_505,1,0.9807557823129253,VERY_HIGH,1,0.45,RandomForest
636_425,1,0.9562709150326801,VERY_HIGH,1,0.45,RandomForest
636_522,1,0.9696307029478457,VERY_HIGH,1,0.45,RandomForest
636_783,1,0.7971090269207918,VERY_HIGH,1,0.45,RandomForest
637_791,1,0.8846607655733473,VERY_HIGH,1,0.45,RandomForest
638_800,1,0.9580521598112931,VERY_HIGH,1,0.45,RandomForest
638_1057,1,0.8778471861471859,VERY_HIGH,1,0.45,RandomForest
638_1523,0,0.0004622024055266562,LOW,0,0.45,RandomForest
639_392,0,0.2360948603683899,LOW,0,0.45,RandomForest
639_1053,1,0.8579909128882806,VERY_HIGH,1,0.45,RandomForest
639_1151,0,0.10022119016249449,LOW,0,0.45,RandomForest
640_1048,1,0.8392068336021273,VERY_HIGH,1,0.45,RandomForest
641_800,1,0.965615651874785,VERY_HIGH,1,0.45,RandomForest
641_823,0,0.7146956537941016,HIGH,1,0.45,RandomForest
642_642,1,0.9913317460317461,VERY_HIGH,1,0.45,RandomForest
642_646,1,0.9527779158826651,VERY_HIGH,1,0.45,RandomForest
643_643,1,0.9817180555555558,VERY_HIGH,1,0.45,RandomForest
643_681,1,0.995712925170068,VERY_HIGH,1,0.45,RandomForest
644_509,1,0.9817396825396826,VERY_HIGH,1,0.45,RandomForest
644_1042,1,0.8276129870129866,VERY_HIGH,1,0.45,RandomForest
645_138,0,0.006129485237637075,LOW,0,0.45,RandomForest
645_173,0,0.07176328502415458,LOW,0,0.45,RandomForest
645_510,1,0.9816955555555555,VERY_HIGH,1,0.45,RandomForest
645_637,1,0.5876225971654765,HIGH,1,0.45,RandomForest
645_642,1,0.6106157459086252,HIGH,1,0.45,RandomForest
645_1029,1,0.8623609328579911,VERY_HIGH,1,0.45,RandomForest
645_1032,1,0.8685547534165182,VERY_HIGH,1,0.45,RandomForest
647_542,1,0.9833016688170079,VERY_HIGH,1,0.45,RandomForest
647_1034,1,0.7497029663147308,HIGH,1,0.45,RandomForest
648_1030,1,0.8705778881249464,VERY_HIGH,1,0.45,RandomForest
649_1368,0,0.0004217983651226158,LOW,0,0.45,RandomForest
650_513,1,0.99425,VERY_HIGH,1,0.45,RandomForest
650_1051,0,0.05504287975026943,LOW,0,0.45,RandomForest
651_1624,0,2.1798365122615804e-05,LOW,0,0.45,RandomForest
652_418,0,0.28223502362790287,MODERATE,0,0.45,RandomForest
652_515,1,0.9935583333333333,VERY_HIGH,1,0.45,RandomForest
652_1018,1,0.8569548422166068,VERY_HIGH,1,0.45,RandomForest
654_952,0,0.0006884650317892824,LOW,0,0.45,RandomForest
655_512,1,0.9824889019710447,VERY_HIGH,1,0.45,RandomForest
655_1178,0,0.006170283213607464,LOW,0,0.45,RandomForest
656_324,0,0.4112890735741796,MODERATE,0,0.45,RandomForest
656_1008,1,0.916316883116883,VERY_HIGH,1,0.45,RandomForest
657_85,0,0.04537171717171717,LOW,0,0.45,RandomForest
657_1007,1,0.8912031926406927,VERY_HIGH,1,0.45,RandomForest
658_575,1,0.9418474488632663,VERY_HIGH,1,0.45,RandomForest
659_576,1,0.7803795952132161,VERY_HIGH,1,0.45,RandomForest
659_1047,0,0.02169002389910157,LOW,0,0.45,RandomForest
660_520,1,0.5832368934705146,HIGH,1,0.45,RandomForest
660_577,1,0.9700613756613756,VERY_HIGH,1,0.45,RandomForest
660_681,0,0.06273123313325303,LOW,0,0.45,RandomForest
660_1004,1,0.8916674783549784,VERY_HIGH,1,0.45,RandomForest
661_579,1,0.9070363271418505,VERY_HIGH,1,0.45,RandomForest
661_798,1,0.9432456991115594,VERY_HIGH,1,0.45,RandomForest
661_1004,1,0.9296314589665655,VERY_HIGH,1,0.45,RandomForest
661_1267,0,0.004300236593560844,LOW,0,0.45,RandomForest
662_496,0,0.01870945082199704,LOW,0,0.45,RandomForest
662_798,1,0.9580248193960367,VERY_HIGH,1,0.45,RandomForest
663_192,0,0.19828924963924968,LOW,0,0.45,RandomForest
663_798,1,0.9033411912747452,VERY_HIGH,1,0.45,RandomForest
664_436,1,0.9533429756751186,VERY_HIGH,1,0.45,RandomForest
664_518,1,0.8896079716038232,VERY_HIGH,1,0.45,RandomForest
664_552,0,0.5265509768009766,HIGH,1,0.45,RandomForest
665_191,0,0.5461340191599953,HIGH,1,0.45,RandomForest
665_436,1,0.8988075971934665,VERY_HIGH,1,0.45,RandomForest
665_797,1,0.4808568345834327,MODERATE,1,0.45,RandomForest
665_1000,1,0.9571714339039088,VERY_HIGH,1,0.45,RandomForest
666_786,0,0.035198073037293415,LOW,0,0.45,RandomForest
666_1210,0,0.003320182629260304,LOW,0,0.45,RandomForest
667_826,1,0.9873365828650301,VERY_HIGH,1,0.45,RandomForest
668_1439,0,0.006757988841313093,LOW,0,0.45,RandomForest
670_680,1,0.841540278114938,VERY_HIGH,1,0.45,RandomForest
670_1073,0,8.959497529210732e-05,LOW,0,0.45,RandomForest
674_841,1,0.8723540964590963,VERY_HIGH,1,0.45,RandomForest
675_428,0,0.0127558660172603,LOW,0,0.45,RandomForest
675_1528,0,0.013504915248239501,LOW,0,0.45,RandomForest
676_677,0,0.16795768821821458,LOW,0,0.45,RandomForest
677_766,0,0.008594356880054013,LOW,0,0.45,RandomForest
677_822,0,0.03794261031651557,LOW,0,0.45,RandomForest
678_841,1,0.9203550112114219,VERY_HIGH,1,0.45,RandomForest
678_1443,0,0.002624107167431418,LOW,0,0.45,RandomForest
679_840,1,0.9618002866215909,VERY_HIGH,1,0.45,RandomForest
679_1526,0,0.007255792149116399,LOW,0,0.45,RandomForest
681_836,1,0.9280963849676893,VERY_HIGH,1,0.45,RandomForest
681_945,0,0.0019733135166377673,LOW,0,0.45,RandomForest
681_1322,0,0.14916190476190483,LOW,0,0.45,RandomForest
682_700,1,0.7372021922521924,HIGH,1,0.45,RandomForest
682_830,1,0.8071810288445828,VERY_HIGH,1,0.45,RandomForest
682_832,1,0.8878673183883723,VERY_HIGH,1,0.45,RandomForest
682_889,0,0.0024801316984559493,LOW,0,0.45,RandomForest
683_833,1,0.9746826146110619,VERY_HIGH,1,0.45,RandomForest
683_1168,0,0.0015432595523372278,LOW,0,0.45,RandomForest
684_539,0,0.1376798828622358,LOW,0,0.45,RandomForest
685_800,1,0.8234409794782599,VERY_HIGH,1,0.45,RandomForest
685_1307,0,2.1798365122615804e-05,LOW,0,0.45,RandomForest
686_1225,0,0.004537202405526656,LOW,0,0.45,RandomForest
688_812,1,0.9013692080176553,VERY_HIGH,1,0.45,RandomForest
688_1274,0,0.007162307171384848,LOW,0,0.45,RandomForest
688_1556,0,0.02060015334347759,LOW,0,0.45,RandomForest
688_1616,0,0.0002717983651226158,LOW,0,0.45,RandomForest
689_462,1,0.9713334569362958,VERY_HIGH,1,0.45,RandomForest
690_463,1,0.9937587301587303,VERY_HIGH,1,0.45,RandomForest
690_466,1,0.9297209569362956,VERY_HIGH,1,0.45,RandomForest
690_552,1,0.811287886949652,VERY_HIGH,1,0.45,RandomForest
690_1038,0,0.0070451505308476645,LOW,0,0.45,RandomForest
691_75,0,0.0650570818070818,LOW,0,0.45,RandomForest
691_421,0,0.016843935521652576,LOW,0,0.45,RandomForest
691_453,1,0.9850132049983114,VERY_HIGH,1,0.45,RandomForest
692_978,1,0.7835802856953923,VERY_HIGH,1,0.45,RandomForest
693_857,0,0.004303616546940797,LOW,0,0.45,RandomForest
694_455,1,0.9947166666666668,VERY_HIGH,1,0.45,RandomForest
694_1647,0,6.220240552665621e-05,LOW,0,0.45,RandomForest
695_815,1,0.9507397628006848,VERY_HIGH,1,0.45,RandomForest
697_813,1,0.9397469705329177,VERY_HIGH,1,0.45,RandomForest
698_299,0,0.4403008861203765,MODERATE,0,0.45,RandomForest
698_438,1,0.9900904761904762,VERY_HIGH,1,0.45,RandomForest
698_814,1,0.9548657211870255,VERY_HIGH,1,0.45,RandomForest
698_962,1,0.740798393828394,HIGH,1,0.45,RandomForest
699_342,0,0.21365140415140402,LOW,0,0.45,RandomForest
699_439,1,0.9783671732522797,VERY_HIGH,1,0.45,RandomForest
699_780,0,0.0040288690721933225,LOW,0,0.45,RandomForest
699_813,1,0.9701322291235338,VERY_HIGH,1,0.45,RandomForest
699_834,1,0.9560564897751628,VERY_HIGH,1,0.45,RandomForest
700_491,1,0.9226949410067057,VERY_HIGH,1,0.45,RandomForest
700_541,1,0.8678361247947458,VERY_HIGH,1,0.45,RandomForest
700_614,1,0.9463494708994713,VERY_HIGH,1,0.45,RandomForest
700_713,1,0.9688256613756614,VERY_HIGH,1,0.45,RandomForest
700_812,1,0.926050750047055,VERY_HIGH,1,0.45,RandomForest
702_453,1,0.996841690626797,VERY_HIGH,1,0.45,RandomForest
702_951,1,0.5877794827153525,HIGH,1,0.45,RandomForest
702_1183,0,6.220240552665621e-05,LOW,0,0.45,RandomForest
703_492,1,0.9252441473559121,VERY_HIGH,1,0.45,RandomForest
703_654,0,0.06864445794608803,LOW,0,0.45,RandomForest
703_817,1,0.9560443606428081,VERY_HIGH,1,0.45,RandomForest
703_1649,0,6.220240552665621e-05,LOW,0,0.45,RandomForest
704_489,1,0.9764064850182496,VERY_HIGH,1,0.45,RandomForest
705_442,1,0.9516675239792888,VERY_HIGH,1,0.45,RandomForest
705_813,1,0.7097668659153132,HIGH,1,0.45,RandomForest
705_835,1,0.9296915889700362,VERY_HIGH,1,0.45,RandomForest
706_75,0,0.02631949620427882,LOW,0,0.45,RandomForest
706_819,1,0.9212462148996625,VERY_HIGH,1,0.45,RandomForest
707_586,0,0.5560602675102677,HIGH,1,0.45,RandomForest
707_821,1,0.9592545497681036,VERY_HIGH,1,0.45,RandomForest
707_938,1,0.5904843665288579,HIGH,1,0.45,RandomForest
708_52,0,0.04098932142177611,LOW,0,0.45,RandomForest
708_495,1,0.8936522779226637,VERY_HIGH,1,0.45,RandomForest
709_331,0,0.058252189398412854,LOW,0,0.45,RandomForest
710_465,1,0.9738906659310049,VERY_HIGH,1,0.45,RandomForest
710_704,1,0.9148149987267635,VERY_HIGH,1,0.45,RandomForest
712_482,0,0.08821232924493017,LOW,0,0.45,RandomForest
712_713,1,0.9539064949529668,VERY_HIGH,1,0.45,RandomForest
713_669,1,0.8865268313385959,VERY_HIGH,1,0.45,RandomForest
713_1038,0,2.1798365122615804e-05,LOW,0,0.45,RandomForest
714_190,0,0.03925700602602742,LOW,0,0.45,RandomForest
714_915,1,0.9356149267399267,VERY_HIGH,1,0.45,RandomForest
714_917,1,0.8986680375180376,VERY_HIGH,1,0.45,RandomForest
715_692,1,0.9249010426610432,VERY_HIGH,1,0.45,RandomForest
715_926,1,0.9795299783549785,VERY_HIGH,1,0.45,RandomForest
716_753,0,0.003637214022911155,LOW,0,0.45,RandomForest
717_222,0,0.004934358558552374,LOW,0,0.45,RandomForest
717_641,1,0.9649964646464649,VERY_HIGH,1,0.45,RandomForest
718_841,1,0.9961908472479902,VERY_HIGH,1,0.45,RandomForest
719_841,1,0.9876159013605446,VERY_HIGH,1,0.45,RandomForest
719_913,1,0.6727729685065894,HIGH,1,0.45,RandomForest
719_1244,0,7.659288567056101e-05,LOW,0,0.45,RandomForest
720_667,1,0.9697854272205336,VERY_HIGH,1,0.45,RandomForest
720_691,1,0.9063807203907205,VERY_HIGH,1,0.45,RandomForest
721_483,1,0.9810444727891158,VERY_HIGH,1,0.45,RandomForest
721_602,1,0.6543338383838389,HIGH,1,0.45,RandomForest
721_691,1,0.8626883726858731,VERY_HIGH,1,0.45,RandomForest
721_1282,0,7.659288567056101e-05,LOW,0,0.45,RandomForest
722_666,1,0.9789713057098605,VERY_HIGH,1,0.45,RandomForest
722_691,1,0.8806165717420988,VERY_HIGH,1,0.45,RandomForest
723_1336,0,0.0051106872540115054,LOW,0,0.45,RandomForest
724_645,1,0.9750873015873018,VERY_HIGH,1,0.45,RandomForest
724_665,1,0.9844404761904763,VERY_HIGH,1,0.45,RandomForest
725_685,1,0.8948047657251663,VERY_HIGH,1,0.45,RandomForest
725_830,1,0.9781328197945847,VERY_HIGH,1,0.45,RandomForest
726_607,1,0.8346823228128463,VERY_HIGH,1,0.45,RandomForest
726_685,1,0.8424904814255881,VERY_HIGH,1,0.45,RandomForest
727_445,1,0.9835692307692308,VERY_HIGH,1,0.45,RandomForest
727_501,1,0.946377244299726,VERY_HIGH,1,0.45,RandomForest
728_350,0,0.01830135479240582,LOW,0,0.45,RandomForest
728_606,1,0.8723670995670997,VERY_HIGH,1,0.45,RandomForest
729_645,1,0.9798339285714287,VERY_HIGH,1,0.45,RandomForest
730_648,1,0.9783845238095239,VERY_HIGH,1,0.45,RandomForest
731_651,1,0.9753703601630928,VERY_HIGH,1,0.45,RandomForest
732_654,1,0.838173532023532,VERY_HIGH,1,0.45,RandomForest
732_689,0,0.0595620781946244,LOW,0,0.45,RandomForest
732_833,1,0.9844615540899143,VERY_HIGH,1,0.45,RandomForest
733_1560,0,6.220240552665621e-05,LOW,0,0.45,RandomForest
734_444,1,0.9226296152022222,VERY_HIGH,1,0.45,RandomForest
734_749,0,0.011368166403863537,LOW,0,0.45,RandomForest
736_445,1,0.9730666238017306,VERY_HIGH,1,0.45,RandomForest
736_487,1,0.9942666666666666,VERY_HIGH,1,0.45,RandomForest
736_1158,0,0.010232452118149249,LOW,0,0.45,RandomForest
738_651,1,0.969984438009438,VERY_HIGH,1,0.45,RandomForest
738_654,1,0.9754762755380751,VERY_HIGH,1,0.45,RandomForest
738_836,1,0.9969333333333332,VERY_HIGH,1,0.45,RandomForest
739_651,1,0.8057239767949529,VERY_HIGH,1,0.45,RandomForest
739_652,1,0.984557622139765,VERY_HIGH,1,0.45,RandomForest
739_864,0,0.035763338386546495,LOW,0,0.45,RandomForest
740_137,0,0.10996616161616166,LOW,0,0.45,RandomForest
740_449,1,0.959273056878837,VERY_HIGH,1,0.45,RandomForest
740_937,0,0.01643706574614342,LOW,0,0.45,RandomForest
741_64,0,0.029676984126984114,LOW,0,0.45,RandomForest
741_276,0,0.01425073662493044,LOW,0,0.45,RandomForest
741_837,1,0.9364289922140991,VERY_HIGH,1,0.45,RandomForest
742_554,1,0.9221340301003343,VERY_HIGH,1,0.45,RandomForest
742_839,1,0.9825619047619049,VERY_HIGH,1,0.45,RandomForest
743_450,1,0.9864667124542126,VERY_HIGH,1,0.45,RandomForest
744_844,1,0.9208126619181856,VERY_HIGH,1,0.45,RandomForest
745_561,0,0.05345709321723941,LOW,0,0.45,RandomForest
745_976,0,0.01096333234902948,LOW,0,0.45,RandomForest
746_490,1,0.9152675886006577,VERY_HIGH,1,0.45,RandomForest
747_866,1,0.9978666666666667,VERY_HIGH,1,0.45,RandomForest
747_903,1,0.916697899159664,VERY_HIGH,1,0.45,RandomForest
748_455,1,0.9891552328623758,VERY_HIGH,1,0.45,RandomForest
748_594,1,0.8221322592440241,VERY_HIGH,1,0.45,RandomForest
749_593,1,0.8606704082182842,VERY_HIGH,1,0.45,RandomForest
749_859,1,0.8228622042708248,VERY_HIGH,1,0.45,RandomForest
749_883,1,0.641246253746254,HIGH,1,0.45,RandomForest
750_433,0,0.058233987021876474,LOW,0,0.45,RandomForest
750_841,1,0.9822198228128463,VERY_HIGH,1,0.45,RandomForest
750_843,1,0.857193415886439,VERY_HIGH,1,0.45,RandomForest
750_850,1,0.555857954790308,HIGH,1,0.45,RandomForest
750_866,1,0.2935126918194944,MODERATE,0,0.45,RandomForest
750_906,1,0.9966571428571428,VERY_HIGH,1,0.45,RandomForest
751_60,0,0.05559466178189906,LOW,0,0.45,RandomForest
751_145,0,0.03605952380952381,LOW,0,0.45,RandomForest
752_443,1,0.9939125541125541,VERY_HIGH,1,0.45,RandomForest
752_908,1,0.9980461538461538,VERY_HIGH,1,0.45,RandomForest
753_473,1,0.8528638319575588,VERY_HIGH,1,0.45,RandomForest
754_633,1,0.9775638409209838,VERY_HIGH,1,0.45,RandomForest
758_453,1,0.9856496773068204,VERY_HIGH,1,0.45,RandomForest
758_473,1,0.8890063187593875,VERY_HIGH,1,0.45,RandomForest
760_455,1,0.9550379006458014,VERY_HIGH,1,0.45,RandomForest
760_507,1,0.7598383398301051,VERY_HIGH,1,0.45,RandomForest
760_513,1,0.6394210702414554,HIGH,1,0.45,RandomForest
760_1007,0,2.1798365122615804e-05,LOW,0,0.45,RandomForest
761_541,0,0.07937094725544797,LOW,0,0.45,RandomForest
762_449,1,0.9960914965986395,VERY_HIGH,1,0.45,RandomForest
765_413,0,0.06666248159493625,LOW,0,0.45,RandomForest
765_1047,0,6.220240552665621e-05,LOW,0,0.45,RandomForest
766_129,0,0.020926190476190477,LOW,0,0.45,RandomForest
767_452,1,0.9827170031842527,VERY_HIGH,1,0.45,RandomForest
768_452,1,0.9525858523906018,VERY_HIGH,1,0.45,RandomForest
770_182,0,0.0321047619047619,LOW,0,0.45,RandomForest
771_992,0,0.0042728561585532905,LOW,0,0.45,RandomForest
772_208,0,0.010548308483083312,LOW,0,0.45,RandomForest
774_458,1,0.9186470379370817,VERY_HIGH,1,0.45,RandomForest
776_641,1,0.8277443326828875,VERY_HIGH,1,0.45,RandomForest
777_459,1,0.9715950251622747,VERY_HIGH,1,0.45,RandomForest
778_639,1,0.9043510101010103,VERY_HIGH,1,0.45,RandomForest
778_640,1,0.8210683261183259,VERY_HIGH,1,0.45,RandomForest
780_730,0,0.010810008194508915,LOW,0,0.45,RandomForest
780_925,1,0.8750027472527472,VERY_HIGH,1,0.45,RandomForest
780_1405,0,0.14693571428571425,LOW,0,0.45,RandomForest
781_458,1,0.9429360682461752,VERY_HIGH,1,0.45,RandomForest
782_640,1,0.8956469696969697,VERY_HIGH,1,0.45,RandomForest
784_1110,0,0.037090904959011815,LOW,0,0.45,RandomForest
784_1298,0,0.006688465031789282,LOW,0,0.45,RandomForest
785_639,1,0.9096858585858585,VERY_HIGH,1,0.45,RandomForest
787_642,1,0.5125848540348547,HIGH,1,0.45,RandomForest
787_927,1,0.8244372349872353,VERY_HIGH,1,0.45,RandomForest
788_1433,0,0.006781322174646425,LOW,0,0.45,RandomForest
789_652,1,0.840075468975469,VERY_HIGH,1,0.45,RandomForest
790_456,1,0.14741959706959704,LOW,0,0.45,RandomForest
790_638,1,0.9199472871572869,VERY_HIGH,1,0.45,RandomForest
790_652,1,0.8339953102453103,VERY_HIGH,1,0.45,RandomForest
790_926,1,0.8718863555363557,VERY_HIGH,1,0.45,RandomForest
792_684,0,0.005733703127027378,LOW,0,0.45,RandomForest
792_1040,0,0.0032967983651226154,LOW,0,0.45,RandomForest
794_509,1,0.7771534310038686,VERY_HIGH,1,0.45,RandomForest
795_648,1,0.8751764538239536,VERY_HIGH,1,0.45,RandomForest
797_514,1,0.7683808528726179,VERY_HIGH,1,0.45,RandomForest
798_514,1,0.7183318907236558,HIGH,1,0.45,RandomForest
798_649,1,0.9179774458874453,VERY_HIGH,1,0.45,RandomForest
798_1474,0,0.015916820010144262,LOW,0,0.45,RandomForest
799_786,0,0.0005622024055266562,LOW,0,0.45,RandomForest
800_474,1,0.08036040542295163,LOW,0,0.45,RandomForest
801_438,0,0.14184528623544584,LOW,0,0.45,RandomForest
801_654,1,0.9237790331890332,VERY_HIGH,1,0.45,RandomForest
802_101,0,0.050347619047619044,LOW,0,0.45,RandomForest
805_515,1,0.7093820982938631,HIGH,1,0.45,RandomForest
806_513,1,0.8193837721755372,VERY_HIGH,1,0.45,RandomForest
806_645,1,0.8707674603174607,VERY_HIGH,1,0.45,RandomForest
806_935,1,0.8442517956517962,VERY_HIGH,1,0.45,RandomForest
806_937,1,0.675294749540726,HIGH,1,0.45,RandomForest
807_217,0,0.3163547922998987,MODERATE,0,0.45,RandomForest
807_722,0,0.004355131698455949,LOW,0,0.45,RandomForest
808_640,1,0.8671937144554795,VERY_HIGH,1,0.45,RandomForest
808_641,1,0.8920168746286395,VERY_HIGH,1,0.45,RandomForest
809_637,1,0.7619779302396953,VERY_HIGH,1,0.45,RandomForest
811_512,1,0.8923058585858588,VERY_HIGH,1,0.45,RandomForest
811_613,0,0.4401820096570098,MODERATE,0,0.45,RandomForest
812_517,1,0.8872351613021633,VERY_HIGH,1,0.45,RandomForest
813_639,1,0.7349575839193488,HIGH,1,0.45,RandomForest
813_1458,0,0.017183486676810928,LOW,0,0.45,RandomForest
813_1533,0,0.0020217983651226157,LOW,0,0.45,RandomForest
814_518,1,0.8812896112255584,VERY_HIGH,1,0.45,RandomForest
814_1297,0,0.004388465031789282,LOW,0,0.45,RandomForest
814_1408,0,0.0028987214420456925,LOW,0,0.45,RandomForest
815_14,0,0.06313405483405483,LOW,0,0.45,RandomForest
815_507,1,0.5207085886835139,HIGH,1,0.45,RandomForest
816_878,0,2.1798365122615804e-05,LOW,0,0.45,RandomForest
817_215,0,0.11125993354471612,LOW,0,0.45,RandomForest
818_643,1,0.7732903607503607,VERY_HIGH,1,0.45,RandomForest
820_643,1,0.8177918037518037,VERY_HIGH,1,0.45,RandomForest
820_1220,0,0.0003955357388599895,LOW,0,0.45,RandomForest
821_178,0,0.015285867629191882,LOW,0,0.45,RandomForest
822_524,1,0.3164946349848655,MODERATE,0,0.45,RandomForest
824_651,1,0.05326145247053012,LOW,0,0.45,RandomForest
825_466,0,0.26283038791274077,MODERATE,0,0.45,RandomForest
825_646,1,0.6715238816738817,HIGH,1,0.45,RandomForest
826_645,1,0.8583438149972631,VERY_HIGH,1,0.45,RandomForest
826_1489,0,0.002462202405526656,LOW,0,0.45,RandomForest
827_524,1,0.28422665172763567,MODERATE,0,0.45,RandomForest
827_978,1,0.8839013888888885,VERY_HIGH,1,0.45,RandomForest
828_97,0,0.07258644688644689,LOW,0,0.45,RandomForest
830_286,0,0.031966273534516906,LOW,0,0.45,RandomForest
830_643,1,0.48055075757575766,MODERATE,1,0.45,RandomForest
831_375,0,0.002466242809567061,LOW,0,0.45,RandomForest
832_990,1,0.9114270477888124,VERY_HIGH,1,0.45,RandomForest
837_643,1,0.9477310245310248,VERY_HIGH,1,0.45,RandomForest
840_198,0,0.007258955082860343,LOW,0,0.45,RandomForest
842_1240,0,7.659288567056101e-05,LOW,0,0.45,RandomForest
846_1668,0,0.003259893603217854,LOW,0,0.45,RandomForest
848_85,0,0.16302005772005768,LOW,0,0.45,RandomForest
851_953,0,0.003062202405526656,LOW,0,0.45,RandomForest
854_110,0,0.06003809523809521,LOW,0,0.45,RandomForest
854_858,0,0.005685687254011505,LOW,0,0.45,RandomForest
856_147,0,0.01082956673202142,LOW,0,0.45,RandomForest
856_1234,0,0.0028765602698845203,LOW,0,0.45,RandomForest
856_1274,0,0.00697656026988452,LOW,0,0.45,RandomForest
857_241,0,0.015841501918649626,LOW,0,0.45,RandomForest
858_291,0,0.07573702214517396,LOW,0,0.45,RandomForest
860_566,0,0.0010884650317892826,LOW,0,0.45,RandomForest
860_711,0,0.0035217983651226158,LOW,0,0.45,RandomForest
860_1568,0,0.14217748164878602,LOW,0,0.45,RandomForest
864_648,1,0.7658296840414492,VERY_HIGH,1,0.45,RandomForest
867_649,1,0.7713347345464996,VERY_HIGH,1,0.45,RandomForest
869_1488,0,0.0028765602698845203,LOW,0,0.45,RandomForest
870_1206,0,0.0002717983651226158,LOW,0,0.45,RandomForest
870_1438,0,0.0028765602698845203,LOW,0,0.45,RandomForest
871_353,0,0.0054376713809956324,LOW,0,0.45,RandomForest
872_911,0,0.00682656026988452,LOW,0,0.45,RandomForest
874_637,1,0.8551258897609961,VERY_HIGH,1,0.45,RandomForest
875_51,0,0.11320086580086583,LOW,0,0.45,RandomForest
875_463,0,0.005043361825816512,LOW,0,0.45,RandomForest
875_1630,0,0.15576378066378074,LOW,0,0.45,RandomForest
877_266,0,0.059669263162882485,LOW,0,0.45,RandomForest
877_1645,0,2.1798365122615804e-05,LOW,0,0.45,RandomForest
878_1496,0,0.0026122024055266566,LOW,0,0.45,RandomForest
880_646,1,0.7357035624506212,HIGH,1,0.45,RandomForest
882_411,0,0.036539781184862924,LOW,0,0.45,RandomForest
885_511,1,0.9070556192173841,VERY_HIGH,1,0.45,RandomForest
885_634,1,0.8725347943722948,VERY_HIGH,1,0.45,RandomForest
886_522,1,0.9703996495567923,VERY_HIGH,1,0.45,RandomForest
887_524,1,0.9334656705728136,VERY_HIGH,1,0.45,RandomForest
887_1019,0,0.007220283213607464,LOW,0,0.45,RandomForest
888_520,1,0.976628220985364,VERY_HIGH,1,0.45,RandomForest
888_1672,0,0.01011703646036071,LOW,0,0.45,RandomForest
889_524,1,0.9613836322407752,VERY_HIGH,1,0.45,RandomForest
890_1332,0,0.00487656026988452,LOW,0,0.45,RandomForest
892_524,1,0.9359212004696477,VERY_HIGH,1,0.45,RandomForest
892_639,1,0.8704422799422799,VERY_HIGH,1,0.45,RandomForest
894_251,0,0.08853439887762138,LOW,0,0.45,RandomForest
897_647,1,0.8736033910533907,VERY_HIGH,1,0.45,RandomForest
898_1638,0,0.002943010486334737,LOW,0,0.45,RandomForest
899_269,0,0.0440421744807611,LOW,0,0.45,RandomForest
899_1425,0,2.1798365122615804e-05,LOW,0,0.45,RandomForest
903_541,1,0.8473577981495628,VERY_HIGH,1,0.45,RandomForest
906_656,1,0.6743781163281161,HIGH,1,0.45,RandomForest
909_653,1,0.7420000581118231,HIGH,1,0.45,RandomForest
909_849,0,0.01182696431028856,LOW,0,0.45,RandomForest
910_140,0,0.09887958152958157,LOW,0,0.45,RandomForest
911_877,0,0.0038955357388599896,LOW,0,0.45,RandomForest
912_1617,0,0.0071092442525685015,LOW,0,0.45,RandomForest
913_280,0,0.04479814117311498,LOW,0,0.45,RandomForest
914_551,1,0.6384732412032416,HIGH,1,0.45,RandomForest
914_1536,0,2.1798365122615804e-05,LOW,0,0.45,RandomForest
915_1203,0,2.1798365122615804e-05,LOW,0,0.45,RandomForest
917_1139,0,0.046412534295858544,LOW,0,0.45,RandomForest
918_987,0,0.08896671685802121,LOW,0,0.45,RandomForest
919_189,0,0.013743535411743522,LOW,0,0.45,RandomForest
919_555,1,0.4598388336301378,MODERATE,1,0.45,RandomForest
919_1247,0,0.0005932269365511872,LOW,0,0.45,RandomForest
919_1636,0,0.170597113997114,LOW,0,0.45,RandomForest
924_413,0,0.07085522837570811,LOW,0,0.45,RandomForest
925_376,0,0.4159475150580413,MODERATE,0,0.45,RandomForest
925_829,0,0.039541423184747446,LOW,0,0.45,RandomForest
927_907,0,0.12942592407592415,LOW,0,0.45,RandomForest
927_1239,0,2.1798365122615804e-05,LOW,0,0.45,RandomForest
931_659,0,0.3204783938283937,MODERATE,0,0.45,RandomForest
932_635,1,0.9226920498420499,VERY_HIGH,1,0.45,RandomForest
932_842,0,0.14473715728715736,LOW,0,0.45,RandomForest
934_580,1,0.7705519405232446,VERY_HIGH,1,0.45,RandomForest
936_632,1,0.9243631416202847,VERY_HIGH,1,0.45,RandomForest
937_490,0,0.04821581335396519,LOW,0,0.45,RandomForest
937_628,1,0.7505270562770563,VERY_HIGH,1,0.45,RandomForest
938_1524,0,6.220240552665621e-05,LOW,0,0.45,RandomForest
938_1636,0,0.00013912548244973314,LOW,0,0.45,RandomForest
939_320,0,0.026749146687298525,LOW,0,0.45,RandomForest
940_32,0,0.04094388596832373,LOW,0,0.45,RandomForest
940_1007,0,0.0018891254824497331,LOW,0,0.45,RandomForest
942_891,0,0.010783313516637767,LOW,0,0.45,RandomForest
944_107,0,0.006572414530566368,LOW,0,0.45,RandomForest
945_33,0,0.06767919240378256,LOW,0,0.45,RandomForest
945_584,0,0.007005647848972099,LOW,0,0.45,RandomForest
946_1451,0,2.1798365122615804e-05,LOW,0,0.45,RandomForest
947_1256,0,0.0009217983651226158,LOW,0,0.45,RandomForest
948_1238,0,0.0011884650317892825,LOW,0,0.45,RandomForest
949_926,0,0.011469926219003895,LOW,0,0.45,RandomForest
953_463,0,0.09456146949655121,LOW,0,0.45,RandomForest
954_842,0,0.013779450028527703,LOW,0,0.45,RandomForest
955_518,0,0.0025066468499711004,LOW,0,0.45,RandomForest
957_127,0,0.023543113352339898,LOW,0,0.45,RandomForest
957_226,0,0.09280685425685431,LOW,0,0.45,RandomForest
958_779,0,0.010491241251720993,LOW,0,0.45,RandomForest
964_258,0,0.1719723792547322,LOW,0,0.45,RandomForest
964_1058,0,0.010503075421399671,LOW,0,0.45,RandomForest
965_975,0,0.0007432595523372276,LOW,0,0.45,RandomForest
966_677,0,0.2782183866168338,MODERATE,0,0.45,RandomForest
969_529,0,0.06587486849894614,LOW,0,0.45,RandomForest
970_131,0,0.006082575337983915,LOW,0,0.45,RandomForest
974_800,0,0.03368364871843133,LOW,0,0.45,RandomForest
975_590,0,0.0511953823953824,LOW,0,0.45,RandomForest
980_1051,0,0.02151205810538236,LOW,0,0.45,RandomForest
982_1047,0,0.12581570675701115,LOW,0,0.45,RandomForest
987_224,0,0.1222182317682317,LOW,0,0.45,RandomForest
988_92,0,0.05540699317031741,LOW,0,0.45,RandomForest
991_998,0,0.49754185520361965,MODERATE,1,0.45,RandomForest
992_1158,0,0.0012098325531568039,LOW,0,0.45,RandomForest
993_19,0,0.016066891590796856,LOW,0,0.45,RandomForest
993_1052,0,0.009876560269884522,LOW,0,0.45,RandomForest
997_899,0,0.018603903497763783,LOW,0,0.45,RandomForest
999_1162,0,2.1798365122615804e-05,LOW,0,0.45,RandomForest
1001_1328,0,0.0008789412222654729,LOW,0,0.45,RandomForest
1003_1062,0,0.001990052333376584,LOW,0,0.45,RandomForest
1007_87,0,0.07683888888888889,LOW,0,0.45,RandomForest
1008_81,0,0.08498434343434344,LOW,0,0.45,RandomForest
1009_1179,0,2.1798365122615804e-05,LOW,0,0.45,RandomForest
1010_457,0,0.045311209756291486,LOW,0,0.45,RandomForest
1011_1108,0,0.0002717983651226158,LOW,0,0.45,RandomForest
1014_1107,0,0.0048455357388599895,LOW,0,0.45,RandomForest
1016_443,0,0.013623862967187216,LOW,0,0.45,RandomForest
1016_619,0,0.0357825396825397,LOW,0,0.45,RandomForest
1016_1253,0,0.0034884650317892826,LOW,0,0.45,RandomForest
1016_1530,0,6.220240552665621e-05,LOW,0,0.45,RandomForest
1020_1076,0,6.220240552665621e-05,LOW,0,0.45,RandomForest
1025_201,0,0.11667915972915976,LOW,0,0.45,RandomForest
1026_880,0,0.0018324236838742406,LOW,0,0.45,RandomForest
1026_1098,0,0.007571737315061565,LOW,0,0.45,RandomForest
1026_1319,0,0.0008789412222654729,LOW,0,0.45,RandomForest
1029_1610,0,0.0028384650317892822,LOW,0,0.45,RandomForest
1032_360,0,0.011291547186917472,LOW,0,0.45,RandomForest
1034_1025,0,0.014351980938214106,LOW,0,0.45,RandomForest
1036_471,0,0.01793770399678167,LOW,0,0.45,RandomForest
1039_973,0,0.0635066468499711,LOW,0,0.45,RandomForest
1041_497,0,0.021795579454657127,LOW,0,0.45,RandomForest
1043_279,0,0.2600461593961595,MODERATE,0,0.45,RandomForest
1045_181,0,0.1765084138084139,LOW,0,0.45,RandomForest
1045_618,0,0.06163808652141077,LOW,0,0.45,RandomForest
1046_339,0,0.007329459274829562,LOW,0,0.45,RandomForest
1046_1566,0,2.1798365122615804e-05,LOW,0,0.45,RandomForest
1050_433,0,0.029317011617265767,LOW,0,0.45,RandomForest
1050_1505,0,2.1798365122615804e-05,LOW,0,0.45,RandomForest
1050_1612,0,2.1798365122615804e-05,LOW,0,0.45,RandomForest
1051_1104,0,0.008216964310288562,LOW,0,0.45,RandomForest
1052_1614,0,0.002490052333376584,LOW,0,0.45,RandomForest
1057_120,0,0.01528809523809524,LOW,0,0.45,RandomForest
1057_918,0,0.004455059548383799,LOW,0,0.45,RandomForest
1058_278,0,0.3966679653679652,MODERATE,0,0.45,RandomForest
1059_152,0,0.021628471528471527,LOW,0,0.45,RandomForest
1066_289,0,0.0843831390831391,LOW,0,0.45,RandomForest
1068_486,0,0.009220719869797545,LOW,0,0.45,RandomForest
1068_1321,0,0.0026122024055266566,LOW,0,0.45,RandomForest
1074_637,0,0.8279510700315069,VERY_HIGH,1,0.45,RandomForest
1077_1335,0,0.00024325955233722764,LOW,0,0.45,RandomForest
1078_1103,0,0.26182123432123433,MODERATE,0,0.45,RandomForest
1082_1562,0,0.0005622024055266562,LOW,0,0.45,RandomForest
1082_1567,0,6.220240552665621e-05,LOW,0,0.45,RandomForest
1083_787,0,0.019644469172576028,LOW,0,0.45,RandomForest
1083_1321,0,0.003722202405526656,LOW,0,0.45,RandomForest
1086_1067,0,0.023965447038054116,LOW,0,0.45,RandomForest
1087_302,0,0.037941820010144255,LOW,0,0.45,RandomForest
1087_1067,0,0.025210685133292214,LOW,0,0.45,RandomForest
1088_1411,0,6.220240552665621e-05,LOW,0,0.45,RandomForest
1091_321,0,0.5210005361305357,HIGH,1,0.45,RandomForest
1092_1117,0,0.02453759923092348,LOW,0,0.45,RandomForest
1094_201,0,0.11661690951978877,LOW,0,0.45,RandomForest
1097_795,0,0.06118210678210677,LOW,0,0.45,RandomForest
1100_1252,0,0.11790822510822517,LOW,0,0.45,RandomForest
1101_1475,0,0.001976592885670561,LOW,0,0.45,RandomForest
1103_337,0,0.05973960526410598,LOW,0,0.45,RandomForest
1104_399,0,0.00834553573885999,LOW,0,0.45,RandomForest
1107_88,0,0.007329792593116844,LOW,0,0.45,RandomForest
1107_435,0,0.003610107795804928,LOW,0,0.45,RandomForest
1107_500,0,0.053583327187177746,LOW,0,0.45,RandomForest
1109_795,0,0.0767780885780886,LOW,0,0.45,RandomForest
1109_1267,0,0.049536877730201975,LOW,0,0.45,RandomForest
1110_199,0,0.6295236567354209,HIGH,1,0.45,RandomForest
1111_515,0,0.024922082875933442,LOW,0,0.45,RandomForest
1111_1100,0,0.010157106535213394,LOW,0,0.45,RandomForest
1121_1124,0,0.017689999015696147,LOW,0,0.45,RandomForest
1123_788,0,0.015203515962593638,LOW,0,0.45,RandomForest
1123_1591,0,0.0038192009625252128,LOW,0,0.45,RandomForest
1124_781,0,0.6940805833836522,HIGH,1,0.45,RandomForest
1135_1482,0,6.220240552665621e-05,LOW,0,0.45,RandomForest
1138_1485,0,6.220240552665621e-05,LOW,0,0.45,RandomForest
1139_1010,0,0.47269277746408167,MODERATE,1,0.45,RandomForest
1140_819,0,0.3162812076812079,MODERATE,0,0.45,RandomForest
1146_1185,0,2.1798365122615804e-05,LOW,0,0.45,RandomForest
1148_459,0,0.015461555336535305,LOW,0,0.45,RandomForest
1151_1077,0,7.659288567056101e-05,LOW,0,0.45,RandomForest
1152_1100,0,0.0230549152482395,LOW,0,0.45,RandomForest
1162_368,0,0.03169556317929761,LOW,0,0.45,RandomForest
1163_290,0,6.220240552665621e-05,LOW,0,0.45,RandomForest
1165_587,0,0.0032551316984559485,LOW,0,0.45,RandomForest
1166_1096,0,0.05570993475123908,LOW,0,0.45,RandomForest
1166_1256,0,0.020294444444444445,LOW,0,0.45,RandomForest
1167_1345,0,0.0018891254824497331,LOW,0,0.45,RandomForest
1167_1471,0,2.1798365122615804e-05,LOW,0,0.45,RandomForest
1169_1408,0,0.0014724588157830664,LOW,0,0.45,RandomForest
1170_1438,0,0.13063492063492063,LOW,0,0.45,RandomForest
1172_572,0,2.1798365122615804e-05,LOW,0,0.45,RandomForest
1177_1024,0,0.12958398268398275,LOW,0,0.45,RandomForest
1180_41,0,0.008671928235252485,LOW,0,0.45,RandomForest
1181_470,0,0.006721830980908656,LOW,0,0.45,RandomForest
1182_108,0,0.025556682409673126,LOW,0,0.45,RandomForest
1192_259,0,0.032080919244243486,LOW,0,0.45,RandomForest
1193_167,0,0.024426627367299895,LOW,0,0.45,RandomForest
1196_88,0,0.046346825396825386,LOW,0,0.45,RandomForest
1200_189,0,0.021253220922242324,LOW,0,0.45,RandomForest
