incident_id,cell_count,max_risk_score,mean_risk_score,max_alert_priority,highest_decision_state,active_alert_cells,latitude,longitude,affected_cells,incident_category
RISK_ZONE_CLUSTER_0,4,77.12334933436195,71.09799074735173,56.8547941700921,CRITICAL,0,3006000.5044235187,607921.000872824,"193_412,196_414,197_413,199_415",CRITICAL_RISK_ZONE
RISK_ZONE_CLUSTER_1,8,83.41208523033444,77.2521116297661,60.21025328080514,CRITICAL,0,3004338.0044235187,608308.500872824,"197_397,198_399,199_399,199_400,200_397,201_401,203_393,204_389",CRITICAL_RISK_ZONE
RISK_ZONE_CLUSTER_10,2,84.45754856427473,79.55139125986132,60.184374489238856,CRITICAL,0,3016850.5044235187,616446.000872824,"280_522,283_522",CRITICAL_RISK_ZONE
RISK_ZONE_CLUSTER_100,2,78.74528962672602,77.2611737746384,57.7599117569347,CRITICAL,0,3056250.5044235187,659696.000872824,"714_915,714_917",CRITICAL_RISK_ZONE
RISK_ZONE_CLUSTER_101,2,82.47709507710917,80.90770814495838,59.9852344431236,CRITICAL,0,3048750.5044235187,660146.000872824,"718_841,719_841",CRITICAL_RISK_ZONE
RISK_ZONE_CLUSTER_102,3,81.44882820526246,77.82474360088862,59.404188460992415,CRITICAL,0,3031250.5044235187,660496.000872824,"720_667,722_666,724_665",CRITICAL_RISK_ZONE
RISK_ZONE_CLUSTER_103,3,78.05011473358309,73.37076741137001,57.12159299040387,CRITICAL,0,3033750.5044235187,660396.000872824,"720_691,721_691,722_691",CRITICAL_RISK_ZONE
RISK_ZONE_CLUSTER_104,5,83.03635874347374,77.51215734433711,60.14180167347693,CRITICAL,0,3029510.5044235187,661216.000872824,"724_645,729_645,730_648,731_651,732_654",CRITICAL_RISK_ZONE
RISK_ZONE_CLUSTER_105,2,66.9153241983456,65.41665282977594,51.45862063836295,WATCH,0,3033150.5044235187,660846.000872824,"725_685,726_685",MONITORING_RISK_ZONE
RISK_ZONE_CLUSTER_106,2,72.99940349400218,71.25293853654604,54.11447065597462,WATCH,0,3025300.5044235187,660996.000872824,"726_607,728_606",MONITORING_RISK_ZONE
RISK_ZONE_CLUSTER_107,2,75.78628246563136,74.93855873330301,56.56683857587082,CRITICAL,0,3009100.5044235187,661796.000872824,"734_444,736_445",CRITICAL_RISK_ZONE
RISK_ZONE_CLUSTER_108,4,81.04050667390095,73.27217289127296,58.86081531800045,CRITICAL,0,3029850.5044235187,662146.000872824,"738_651,738_654,739_651,739_652",CRITICAL_RISK_ZONE
RISK_ZONE_CLUSTER_109,3,81.77841253554679,78.85947655735667,59.4793615974914,CRITICAL,0,3048383.837756852,662329.3342061572,"738_836,741_837,742_839",CRITICAL_RISK_ZONE
RISK_ZONE_CLUSTER_11,5,78.85558883032404,71.69426438548757,57.59900276289143,CRITICAL,0,3022150.5044235187,616656.000872824,"282_578,283_573,283_574,283_575,287_575",CRITICAL_RISK_ZONE
RISK_ZONE_CLUSTER_110,2,80.88048525251459,78.11924639824986,58.96916015499811,CRITICAL,0,3009600.5044235187,662446.000872824,"740_449,743_450",CRITICAL_RISK_ZONE
RISK_ZONE_CLUSTER_111,3,82.53641696357444,79.68556118841965,59.87740217907239,CRITICAL,0,3055217.1710901856,663262.6675394906,"747_903,750_906,752_908",CRITICAL_RISK_ZONE
RISK_ZONE_CLUSTER_112,2,68.42422029933039,66.81448539567553,51.92386255089968,WATCH,0,3024000.5044235187,663146.000872824,"748_594,749_593",MONITORING_RISK_ZONE
RISK_ZONE_CLUSTER_113,2,82.59917428254442,80.78535894837633,58.67073398809136,CRITICAL,0,3048850.5044235187,663296.000872824,"750_841,750_843",CRITICAL_RISK_ZONE
RISK_ZONE_CLUSTER_114,2,76.9426208098168,70.9833408555557,56.079824294110686,CRITICAL,0,3011950.5044235187,663846.000872824,"753_473,758_473",CRITICAL_RISK_ZONE
RISK_ZONE_CLUSTER_115,2,81.90644097218271,76.5565296035744,59.694273058048175,CRITICAL,0,3010050.5044235187,664196.000872824,"758_453,760_455",CRITICAL_RISK_ZONE
RISK_ZONE_CLUSTER_116,2,76.95088424161881,76.21054996788338,57.130624052968535,CRITICAL,0,3009850.5044235187,665046.000872824,"767_452,768_452",CRITICAL_RISK_ZONE
RISK_ZONE_CLUSTER_117,3,76.02084220168257,74.77938817867727,56.9117014490998,CRITICAL,0,3010483.837756852,666029.3342061572,"774_458,777_459,781_458",CRITICAL_RISK_ZONE
RISK_ZONE_CLUSTER_118,7,79.21800784058298,72.94572905938713,56.94547836132983,CRITICAL,0,3028636.218709233,666524.5723013955,"776_641,778_639,778_640,782_640,785_639,787_642,790_638",CRITICAL_RISK_ZONE
RISK_ZONE_CLUSTER_119,2,70.40749681877406,70.06616946568226,53.0315603779362,WATCH,0,3057300.5044235187,667146.000872824,"787_927,790_926",MONITORING_RISK_ZONE
RISK_ZONE_CLUSTER_12,2,81.18857315142813,79.21592897634132,59.35881676735514,CRITICAL,0,3014300.5044235187,617296.000872824,"290_496,290_497",CRITICAL_RISK_ZONE
RISK_ZONE_CLUSTER_120,2,75.59389034316409,75.29203127645579,55.274776106138354,CRITICAL,0,3029850.5044235187,667246.000872824,"789_652,790_652",CRITICAL_RISK_ZONE
RISK_ZONE_CLUSTER_121,2,80.34631066081161,79.12849285593637,57.84576725665549,CRITICAL,0,3029500.5044235187,667946.000872824,"795_648,798_649",CRITICAL_RISK_ZONE
RISK_ZONE_CLUSTER_122,2,63.053493352074014,61.8709032221081,48.41713155517044,WATCH,0,3016050.5044235187,668046.000872824,"797_514,798_514",MONITORING_RISK_ZONE
RISK_ZONE_CLUSTER_123,2,66.00288739531527,63.374066352519876,51.02231425630615,WATCH,0,3016050.5044235187,668846.000872824,"805_515,806_513",MONITORING_RISK_ZONE
RISK_ZONE_CLUSTER_124,5,81.26497764727685,74.73782995367097,57.84061324023989,CRITICAL,0,3028690.5044235187,669176.000872824,"806_645,808_640,808_641,809_637,813_639",CRITICAL_RISK_ZONE
RISK_ZONE_CLUSTER_125,2,68.57159533477147,62.250154562683505,50.448387464963545,WATCH,0,3058250.5044235187,668896.000872824,"806_935,806_937",MONITORING_RISK_ZONE
RISK_ZONE_CLUSTER_126,2,75.54588334278193,72.31449677946591,55.81219139206334,CRITICAL,0,3016400.5044235187,669596.000872824,"812_517,814_518",CRITICAL_RISK_ZONE
RISK_ZONE_CLUSTER_127,2,69.61774196180099,68.92819553484591,51.94810736482799,WATCH,0,3028950.5044235187,670196.000872824,"818_643,820_643",MONITORING_RISK_ZONE
RISK_ZONE_CLUSTER_128,3,70.4610770396521,57.96090142392861,50.68614074726359,WATCH,0,3029117.1710901856,670996.000872824,"825_646,826_645,830_643",MONITORING_RISK_ZONE
RISK_ZONE_CLUSTER_129,2,69.23448264407148,68.40214633909169,51.75510659670916,WATCH,0,3029500.5044235187,674846.000872824,"864_648,867_649",MONITORING_RISK_ZONE
RISK_ZONE_CLUSTER_13,8,82.11514774153953,76.25741237870619,59.48417954388987,CRITICAL,0,3018313.0044235187,617908.500872824,"292_534,293_535,294_537,295_538,296_534,297_537,300_539,302_539",CRITICAL_RISK_ZONE
RISK_ZONE_CLUSTER_130,5,83.15588404593386,80.0636360154297,59.9892761670746,CRITICAL,0,3016930.5044235187,677136.000872824,"886_522,887_524,888_520,889_524,892_524",CRITICAL_RISK_ZONE
RISK_ZONE_CLUSTER_131,2,67.83770301064888,62.589894698439764,50.10851127037597,WATCH,0,3030100.5044235187,679046.000872824,"906_656,909_653",MONITORING_RISK_ZONE
RISK_ZONE_CLUSTER_132,3,79.2135983365441,72.26114946302802,57.31846548823015,CRITICAL,0,3027817.1710901856,681796.000872824,"932_635,936_632,937_628",CRITICAL_RISK_ZONE
RISK_ZONE_CLUSTER_14,2,77.0340629608224,76.34166380589576,57.305846876776215,CRITICAL,0,3006950.5044235187,618046.000872824,"297_422,298_424",CRITICAL_RISK_ZONE
RISK_ZONE_CLUSTER_15,2,77.73669151971467,74.19358278906591,56.98996953014254,CRITICAL,0,3007650.5044235187,619446.000872824,"311_430,312_430",CRITICAL_RISK_ZONE
RISK_ZONE_CLUSTER_16,3,78.96263046812442,73.36731493741537,57.57262681082965,CRITICAL,0,3023850.5044235187,620129.3342061572,"317_593,318_593,320_590",CRITICAL_RISK_ZONE
RISK_ZONE_CLUSTER_17,2,70.31739704259564,69.32707952699393,53.73141031601396,WATCH,0,3024800.5044235187,621246.000872824,"328_603,331_600",MONITORING_RISK_ZONE
RISK_ZONE_CLUSTER_18,2,78.85318468463753,72.10755242334676,56.87708796766356,CRITICAL,0,3014250.5044235187,621396.000872824,"330_497,332_495",CRITICAL_RISK_ZONE
RISK_ZONE_CLUSTER_19,2,81.87203551492948,79.02310265197332,59.70533170929168,CRITICAL,0,3000650.5044235187,621546.000872824,"331_361,334_359",CRITICAL_RISK_ZONE
RISK_ZONE_CLUSTER_2,2,73.84662038700213,72.663762432643,55.70360349624579,WATCH,0,3019700.5044235187,609046.000872824,"207_551,208_550",MONITORING_RISK_ZONE
RISK_ZONE_CLUSTER_20,2,81.57639807078868,76.30133784454944,58.512015189630034,CRITICAL,0,3018200.5044235187,621596.000872824,"332_535,334_536",CRITICAL_RISK_ZONE
RISK_ZONE_CLUSTER_21,2,70.52761105937387,68.40008729766811,53.32532898120182,WATCH,0,3004500.5044235187,621946.000872824,"336_399,337_398",MONITORING_RISK_ZONE
RISK_ZONE_CLUSTER_22,7,78.26516597764578,72.29101481379776,57.70479304673757,CRITICAL,0,3011250.504423519,622281.7151585383,"338_466,339_465,339_466,339_467,340_465,342_465,342_468",CRITICAL_RISK_ZONE
RISK_ZONE_CLUSTER_23,3,82.02844343111957,79.77568600145399,59.783939219341065,CRITICAL,0,3013550.5044235187,622262.6675394906,"339_490,339_491,341_486",CRITICAL_RISK_ZONE
RISK_ZONE_CLUSTER_24,3,74.89145531246072,74.32542263197932,56.16605558329132,WATCH,0,3015717.1710901856,623429.3342061572,"350_510,351_510,353_512",MONITORING_RISK_ZONE
RISK_ZONE_CLUSTER_25,2,83.18796087825785,81.93812721896381,60.38331042268812,CRITICAL,0,3001400.5044235187,625296.000872824,"368_367,372_368",CRITICAL_RISK_ZONE
RISK_ZONE_CLUSTER_26,2,79.91005577072916,76.7007298692037,58.38350073793657,CRITICAL,0,3026000.5044235187,625896.000872824,"376_613,376_614",CRITICAL_RISK_ZONE
RISK_ZONE_CLUSTER_27,5,80.95572727096128,77.87793846311794,59.28198555491159,CRITICAL,0,3011470.5044235187,626616.000872824,"379_464,381_468,384_469,386_469,386_471",CRITICAL_RISK_ZONE
RISK_ZONE_CLUSTER_28,2,78.97530492845863,78.81349277546781,58.33381873012696,CRITICAL,0,3015750.5044235187,629046.000872824,"406_513,409_509",CRITICAL_RISK_ZONE
RISK_ZONE_CLUSTER_29,2,81.56854095472158,81.26968485099192,59.52095277844987,CRITICAL,0,3013600.5044235187,629246.000872824,"409_488,410_491",CRITICAL_RISK_ZONE
RISK_ZONE_CLUSTER_3,5,82.3149910391984,75.12340326369383,59.82318692471799,CRITICAL,0,3018510.5044235187,609376.000872824,"208_541,208_542,212_536,212_538,214_536",CRITICAL_RISK_ZONE
RISK_ZONE_CLUSTER_30,4,77.91140689496193,74.23123408541463,56.78435610724095,CRITICAL,0,3030675.5044235187,629396.000872824,"409_663,410_662,412_660,413_656",CRITICAL_RISK_ZONE
RISK_ZONE_CLUSTER_31,2,81.06302014179866,77.15488467689568,58.62467533548826,CRITICAL,0,3012450.5044235187,629446.000872824,"410_480,413_476",CRITICAL_RISK_ZONE
RISK_ZONE_CLUSTER_32,2,79.37117675582513,76.45353559378948,58.57537483118678,CRITICAL,0,3003950.5044235187,629996.000872824,"415_392,419_394",CRITICAL_RISK_ZONE
RISK_ZONE_CLUSTER_33,2,79.60899654502226,76.13777761874846,57.74722759303623,CRITICAL,0,3001000.5044235187,630646.000872824,"422_365,425_362",CRITICAL_RISK_ZONE
RISK_ZONE_CLUSTER_34,2,77.12415984408705,72.64925774540578,57.032362314077744,CRITICAL,0,3009900.5044235187,631096.000872824,"428_451,428_454",CRITICAL_RISK_ZONE
RISK_ZONE_CLUSTER_35,5,80.16856851143925,74.39093908140552,58.54078125222225,CRITICAL,0,3001550.5044235187,633016.000872824,"445_369,446_365,448_373,448_377,449_361",CRITICAL_RISK_ZONE
RISK_ZONE_CLUSTER_36,3,83.48449972095167,80.1395890996311,59.95041942024976,CRITICAL,0,3004650.5044235187,633296.000872824,"448_400,449_400,453_400",CRITICAL_RISK_ZONE
RISK_ZONE_CLUSTER_37,3,80.1068083046416,76.95800596091615,58.59894004559774,CRITICAL,0,3014150.5044235187,633762.6675394906,"452_495,454_496,458_494",CRITICAL_RISK_ZONE
RISK_ZONE_CLUSTER_38,3,78.84082423384099,76.46838149026958,57.92751139897457,CRITICAL,0,3005517.1710901856,633596.000872824,"453_407,453_408,453_411",CRITICAL_RISK_ZONE
RISK_ZONE_CLUSTER_39,2,79.46131877392446,76.91022068580301,58.13636648392811,CRITICAL,0,3009250.5044235187,633996.000872824,"455_445,459_447",CRITICAL_RISK_ZONE
RISK_ZONE_CLUSTER_4,3,84.16187627803059,79.83788100933673,60.61986961682231,CRITICAL,0,3016883.837756852,612962.6675394906,"243_522,247_523,250_522",CRITICAL_RISK_ZONE
RISK_ZONE_CLUSTER_40,2,78.7138480205306,77.4263877154687,58.08416684757103,CRITICAL,0,3018800.5044235187,635546.000872824,"472_543,473_540",CRITICAL_RISK_ZONE
RISK_ZONE_CLUSTER_41,2,78.23667606036173,77.95718765160763,58.117669954736186,CRITICAL,0,3002700.5044235187,635596.000872824,"473_380,473_381",CRITICAL_RISK_ZONE
RISK_ZONE_CLUSTER_42,4,82.08314554012628,80.65903545016982,59.8475147390841,CRITICAL,0,3011925.5044235187,635971.000872824,"474_471,476_474,477_475,480_471",CRITICAL_RISK_ZONE
RISK_ZONE_CLUSTER_43,2,79.47497514637914,77.65318541892543,58.61814972044024,CRITICAL,0,3003150.5044235187,635946.000872824,"475_386,478_384",CRITICAL_RISK_ZONE
RISK_ZONE_CLUSTER_44,2,81.28218653178045,78.80080573826413,58.46130886449819,CRITICAL,0,3020950.5044235187,636046.000872824,"477_561,478_565",CRITICAL_RISK_ZONE
RISK_ZONE_CLUSTER_45,2,76.08604874893027,67.1247092594389,53.2976422998298,CRITICAL,0,3012750.5044235187,636496.000872824,"482_479,482_483",CRITICAL_RISK_ZONE
RISK_ZONE_CLUSTER_46,5,82.9871938625393,76.1022639484477,59.85181872426036,CRITICAL,0,3006270.5044235187,637176.000872824,"486_416,489_412,489_418,489_419,491_416",CRITICAL_RISK_ZONE
RISK_ZONE_CLUSTER_47,5,79.50980892347161,75.87925726342917,58.39512903257255,CRITICAL,0,3001950.5044235187,637696.000872824,"489_371,491_371,495_374,496_376,499_373",CRITICAL_RISK_ZONE
RISK_ZONE_CLUSTER_48,2,77.54927975237658,75.17934698579164,56.73531513249952,CRITICAL,0,3008800.5044235187,637496.000872824,"491_442,493_441",CRITICAL_RISK_ZONE
RISK_ZONE_CLUSTER_49,2,75.92262854778855,74.78244234982913,56.96912397090365,CRITICAL,0,3015450.5044235187,637596.000872824,"492_508,494_508",CRITICAL_RISK_ZONE
RISK_ZONE_CLUSTER_5,7,82.40178849402427,78.14500461932937,59.94649796625384,CRITICAL,0,3000664.7901378046,613138.8580156812,"246_358,247_358,247_361,248_366,249_358,250_362,252_358",CRITICAL_RISK_ZONE
RISK_ZONE_CLUSTER_50,6,82.19447205595054,76.60935975901536,59.85874357528967,CRITICAL,0,3011200.5044235187,637846.000872824,"494_471,495_461,495_469,496_463,496_465,497_464",CRITICAL_RISK_ZONE
RISK_ZONE_CLUSTER_51,2,81.10489288267065,80.36631759466172,59.45616220562627,CRITICAL,0,3004250.5044235187,637796.000872824,"495_395,495_397",CRITICAL_RISK_ZONE
RISK_ZONE_CLUSTER_52,3,81.4634417787113,77.74098837855395,59.41518012354753,CRITICAL,0,3017550.5044235187,638262.6675394906,"497_527,501_529,501_531",CRITICAL_RISK_ZONE
RISK_ZONE_CLUSTER_53,8,80.81310935939332,73.05381232826866,58.73988044560929,CRITICAL,0,2998488.0044235187,638808.500872824,"500_338,500_339,505_335,505_338,506_339,508_338,508_340,509_340",CRITICAL_RISK_ZONE
RISK_ZONE_CLUSTER_54,2,81.24838926443408,77.35824456421886,59.19680690642096,CRITICAL,0,3010900.5044235187,638746.000872824,"503_461,506_464",CRITICAL_RISK_ZONE
RISK_ZONE_CLUSTER_55,2,82.85047403602732,82.00129708244077,60.12723622463676,CRITICAL,0,3002250.5044235187,639046.000872824,"506_378,509_374",CRITICAL_RISK_ZONE
RISK_ZONE_CLUSTER_56,3,81.10004750513113,78.61224638364077,58.96548684135765,CRITICAL,0,3006783.837756852,638929.3342061572,"506_420,506_422,507_422",CRITICAL_RISK_ZONE
RISK_ZONE_CLUSTER_57,3,81.80040400980056,79.2383135694458,59.41160702584821,CRITICAL,0,3005117.1710901856,639996.000872824,"515_405,517_406,519_403",CRITICAL_RISK_ZONE
RISK_ZONE_CLUSTER_58,2,64.29686855681575,55.594231180654916,47.13248562046341,WATCH,0,2997050.5044235187,640246.000872824,"518_325,521_323",MONITORING_RISK_ZONE
RISK_ZONE_CLUSTER_59,2,71.06018867939609,68.73259026667853,53.84124195663349,WATCH,0,3021900.5044235187,640346.000872824,"520_574,521_571",MONITORING_RISK_ZONE
RISK_ZONE_CLUSTER_6,3,80.21043624753871,75.74246082579653,58.43938789386552,CRITICAL,0,3005150.5044235187,613262.6675394906,"248_404,250_404,251_407",CRITICAL_RISK_ZONE
RISK_ZONE_CLUSTER_60,2,80.66750727864515,80.26632304885169,59.17696110906395,CRITICAL,0,3015850.5044235187,640696.000872824,"522_511,526_513",CRITICAL_RISK_ZONE
RISK_ZONE_CLUSTER_61,4,82.31203059940103,81.57589432392658,59.89408424468154,CRITICAL,0,3004775.5044235187,641221.000872824,"524_401,527_403,531_402,535_399",CRITICAL_RISK_ZONE
RISK_ZONE_CLUSTER_62,2,78.29353749540928,70.1541257970387,55.05029920878098,CRITICAL,0,3006850.5044235187,641646.000872824,"533_421,534_423",CRITICAL_RISK_ZONE
RISK_ZONE_CLUSTER_63,2,79.93154105312227,79.89857811412028,58.92391816804378,CRITICAL,0,3017250.5044235187,641596.000872824,"533_525,533_527",CRITICAL_RISK_ZONE
RISK_ZONE_CLUSTER_64,3,80.46845245272924,80.17795441849871,59.00776635844539,CRITICAL,0,3010083.837756852,642996.000872824,"545_453,546_455,550_455",CRITICAL_RISK_ZONE
RISK_ZONE_CLUSTER_65,2,76.17043753843929,66.57749633050761,55.62854937115173,CRITICAL,0,3001550.5044235187,642946.000872824,"546_369,547_369",CRITICAL_RISK_ZONE
RISK_ZONE_CLUSTER_66,2,75.92581051253197,70.7612656263191,54.14471139007061,CRITICAL,0,2996600.5044235187,643296.000872824,"549_320,551_319",CRITICAL_RISK_ZONE
RISK_ZONE_CLUSTER_67,2,74.57084302953118,72.7773100470819,56.14080786142521,WATCH,0,3005400.5044235187,644696.000872824,"562_407,566_408",MONITORING_RISK_ZONE
RISK_ZONE_CLUSTER_68,4,78.25812813576199,70.9623404230628,56.82128198835715,CRITICAL,0,3013900.5044235187,646996.000872824,"583_493,587_492,589_492,589_493",CRITICAL_RISK_ZONE
RISK_ZONE_CLUSTER_69,7,82.25947036866394,76.4491273558509,59.79070484658356,CRITICAL,0,3005136.218709233,647653.1437299668,"588_407,590_414,592_410,595_402,595_406,597_398,598_397",CRITICAL_RISK_ZONE
RISK_ZONE_CLUSTER_7,4,79.08543887114715,74.60899053311451,58.05102745209014,CRITICAL,0,3015425.5044235187,613496.000872824,"251_505,251_510,252_509,254_507",CRITICAL_RISK_ZONE
RISK_ZONE_CLUSTER_70,3,78.37029554730042,66.71990334237759,55.54390105334906,CRITICAL,0,3012383.837756852,647829.3342061572,"594_475,596_477,596_480",CRITICAL_RISK_ZONE
RISK_ZONE_CLUSTER_71,7,78.61839389550491,75.21366172572972,58.004454708367945,CRITICAL,0,3013464.7901378046,649296.000872824,"604_485,608_488,609_488,610_488,611_489,612_489,616_490",CRITICAL_RISK_ZONE
RISK_ZONE_CLUSTER_72,8,76.9764244203158,73.62055403647501,57.36839683867517,CRITICAL,0,3005088.0044235187,649771.000872824,"609_405,613_406,614_407,616_401,616_402,616_405,616_406,618_403",CRITICAL_RISK_ZONE
RISK_ZONE_CLUSTER_73,2,78.3976747767028,78.11363000646975,57.11722690071265,CRITICAL,0,3007450.5044235187,649496.000872824,"611_429,613_427",CRITICAL_RISK_ZONE
RISK_ZONE_CLUSTER_74,4,81.68425871614076,78.76834801188184,59.209719146705126,CRITICAL,0,3035775.5044235187,649696.000872824,"613_715,614_707,614_713,615_710",CRITICAL_RISK_ZONE
RISK_ZONE_CLUSTER_75,2,78.66876992468896,77.64575953012195,57.83782346039962,CRITICAL,0,3031250.5044235187,650096.000872824,"617_665,619_667",CRITICAL_RISK_ZONE
RISK_ZONE_CLUSTER_76,2,82.50103600750835,79.1271149957195,59.6608990370524,CRITICAL,0,3007300.5044235187,650496.000872824,"621_427,623_426",CRITICAL_RISK_ZONE
RISK_ZONE_CLUSTER_77,2,80.2237771868779,80.01110488266843,58.978849909003046,CRITICAL,0,3004800.5044235187,650846.000872824,"625_402,626_401",CRITICAL_RISK_ZONE
RISK_ZONE_CLUSTER_78,2,80.58995487956385,78.19856967334755,59.105872354440265,CRITICAL,0,3014500.5044235187,650896.000872824,"626_498,626_499",CRITICAL_RISK_ZONE
RISK_ZONE_CLUSTER_79,3,78.01876138311144,71.00948887160328,57.14165676939028,CRITICAL,0,3035850.5044235187,650929.3342061572,"626_711,626_712,627_713",CRITICAL_RISK_ZONE
RISK_ZONE_CLUSTER_8,2,73.2819528670738,71.40425976399811,55.47244213680423,WATCH,0,3000400.5044235187,614296.000872824,"260_357,260_358",MONITORING_RISK_ZONE
RISK_ZONE_CLUSTER_80,6,80.39832170870115,73.04859498457309,58.38884937721093,CRITICAL,0,3040767.1710901856,651162.6675394906,"627_758,627_762,628_762,629_760,630_759,631_766",CRITICAL_RISK_ZONE
RISK_ZONE_CLUSTER_81,2,78.01069142526237,72.8283066420116,57.08197273772786,CRITICAL,0,3015200.5044235187,651696.000872824,"633_506,635_505",CRITICAL_RISK_ZONE
RISK_ZONE_CLUSTER_82,2,78.58555081084967,77.41244841214271,57.923620237039685,CRITICAL,0,3044650.5044235187,652246.000872824,"638_800,641_800",CRITICAL_RISK_ZONE
RISK_ZONE_CLUSTER_83,2,75.49153082703195,73.97316310071895,55.48066815163008,CRITICAL,0,3070150.5044235187,652146.000872824,"638_1057,639_1053",CRITICAL_RISK_ZONE
RISK_ZONE_CLUSTER_84,5,82.3144561557896,71.47512821656404,59.065049695369794,CRITICAL,0,3028850.5044235187,652636.000872824,"642_642,642_646,643_643,645_637,645_642",CRITICAL_RISK_ZONE
RISK_ZONE_CLUSTER_85,2,80.23085653432115,79.41694248955528,58.91272680124994,CRITICAL,0,3015600.5044235187,652746.000872824,"644_509,645_510",CRITICAL_RISK_ZONE
RISK_ZONE_CLUSTER_86,4,77.17190481965403,72.25727974473361,56.11081593414067,CRITICAL,0,3067775.5044235187,652921.000872824,"645_1029,645_1032,647_1034,648_1030",CRITICAL_RISK_ZONE
RISK_ZONE_CLUSTER_87,3,79.48898778831631,79.1923296056875,58.66977340479423,CRITICAL,0,3015983.837756852,653529.3342061572,"650_513,652_515,655_512",CRITICAL_RISK_ZONE
RISK_ZONE_CLUSTER_88,4,77.54284893462074,75.89330579698651,57.05250134951592,CRITICAL,0,3065225.5044235187,654146.000872824,"656_1008,657_1007,660_1004,661_1004",CRITICAL_RISK_ZONE
RISK_ZONE_CLUSTER_89,4,76.11051015499692,69.91038931893722,56.247144526208736,CRITICAL,0,3022325.5044235187,654246.000872824,"658_575,659_576,660_577,661_579",CRITICAL_RISK_ZONE
RISK_ZONE_CLUSTER_9,2,72.20697254224348,71.55086540421514,54.98678856030729,WATCH,0,3005950.5044235187,614946.000872824,"266_413,267_413",MONITORING_RISK_ZONE
RISK_ZONE_CLUSTER_90,2,64.23848539665852,56.493083284700944,47.53188050407549,WATCH,0,3016550.5044235187,654496.000872824,"660_520,664_518",MONITORING_RISK_ZONE
RISK_ZONE_CLUSTER_91,4,71.71313513237355,65.1322233647226,53.76704288149745,WATCH,0,3044425.5044235187,654571.000872824,"661_798,662_798,663_798,665_797",MONITORING_RISK_ZONE
RISK_ZONE_CLUSTER_92,2,73.05577146414518,69.40390180107133,54.81315162353548,WATCH,0,3008250.5044235187,654746.000872824,"664_436,665_436",MONITORING_RISK_ZONE
RISK_ZONE_CLUSTER_93,7,80.6822060670405,74.13844955342331,58.84233962929881,CRITICAL,0,3048264.7901378046,656281.7151585383,"674_841,678_841,679_840,681_836,682_830,682_832,683_833",CRITICAL_RISK_ZONE
RISK_ZONE_CLUSTER_94,3,82.79744409518679,76.27179724070194,59.83358833480392,CRITICAL,0,3011017.1710901856,657262.6675394906,"689_462,690_463,690_466",CRITICAL_RISK_ZONE
RISK_ZONE_CLUSTER_95,2,82.48748338898677,79.01125893340338,59.96258087166508,CRITICAL,0,3010050.5044235187,657546.000872824,"691_453,694_455",CRITICAL_RISK_ZONE
RISK_ZONE_CLUSTER_96,5,80.35900855117681,78.21406111787368,58.68234926201403,CRITICAL,0,3045990.5044235187,658076.000872824,"695_815,697_813,698_814,699_813,700_812",CRITICAL_RISK_ZONE
RISK_ZONE_CLUSTER_97,2,81.01012578407418,77.90478089695654,59.22798661612107,CRITICAL,0,3008500.5044235187,658146.000872824,"698_438,699_439",CRITICAL_RISK_ZONE
RISK_ZONE_CLUSTER_98,3,81.55222945797948,75.22883116995676,58.906493878418985,CRITICAL,0,3013717.1710901856,658529.3342061572,"700_491,703_492,704_489",CRITICAL_RISK_ZONE
RISK_ZONE_CLUSTER_99,4,80.21605561241363,75.693297072704,58.538365206788455,CRITICAL,0,3046400.5044235187,658821.000872824,"703_817,705_813,706_819,707_821",CRITICAL_RISK_ZONE
RISK_ZONE_ISOLATED_0,1,57.39934535637536,57.39934535637536,33.830280104507665,WATCH,0,2986450.5044235187,594496.000872824,62_218,MONITORING_RISK_ZONE
RISK_ZONE_ISOLATED_1,1,55.06894505286149,55.06894505286149,32.781599967926425,WATCH,0,2973950.5044235187,597596.000872824,93_93,MONITORING_RISK_ZONE
RISK_ZONE_ISOLATED_10,1,61.19456894918051,61.19456894918051,35.53813072126998,WATCH,0,3014450.5044235187,610596.000872824,223_498,MONITORING_RISK_ZONE
RISK_ZONE_ISOLATED_100,1,66.86740680171937,66.86740680171937,38.09090775491247,WATCH,0,2998350.5044235187,634996.000872824,467_337,MONITORING_RISK_ZONE
RISK_ZONE_ISOLATED_101,1,61.64023669655069,61.64023669655069,35.738681207586566,WATCH,0,2999050.5044235187,635096.000872824,468_344,MONITORING_RISK_ZONE
RISK_ZONE_ISOLATED_102,1,65.55059771069436,65.55059771069436,37.49834366395122,WARNING,0,3005950.5044235187,635096.000872824,468_413,HIGH_PRIORITY_RISK_ZONE
RISK_ZONE_ISOLATED_103,1,62.915053425732594,62.915053425732594,36.31234873571842,WATCH,0,3021150.5044235187,635396.000872824,471_565,MONITORING_RISK_ZONE
RISK_ZONE_ISOLATED_104,1,68.14378347512901,68.14378347512901,50.1881852416298,WATCH,0,3006750.5044235187,635696.000872824,474_421,MONITORING_RISK_ZONE
RISK_ZONE_ISOLATED_105,1,62.329306934655776,62.329306934655776,36.048762814733855,WATCH,0,3002050.5044235187,635796.000872824,475_374,MONITORING_RISK_ZONE
RISK_ZONE_ISOLATED_106,1,59.94214374005176,59.94214374005176,47.3252416891911,WATCH,0,3006250.5044235187,635896.000872824,476_416,MONITORING_RISK_ZONE
RISK_ZONE_ISOLATED_107,1,63.00512361987987,63.00512361987987,36.3528803230847,WATCH,0,3016350.5044235187,636296.000872824,480_517,MONITORING_RISK_ZONE
RISK_ZONE_ISOLATED_108,1,70.67538620827433,70.67538620827433,39.804498487862205,WARNING,0,3001150.5044235187,636596.000872824,483_365,HIGH_PRIORITY_RISK_ZONE
RISK_ZONE_ISOLATED_109,1,64.6926559118923,64.6926559118923,37.11226985449029,WATCH,0,3004950.5044235187,636596.000872824,483_403,MONITORING_RISK_ZONE
RISK_ZONE_ISOLATED_11,1,64.71920284980487,64.71920284980487,37.12421597655095,WATCH,0,3002850.5044235187,611696.000872824,234_382,MONITORING_RISK_ZONE
RISK_ZONE_ISOLATED_110,1,59.79627536843781,59.79627536843781,34.90889860993577,WATCH,0,2998050.5044235187,636696.000872824,484_334,MONITORING_RISK_ZONE
RISK_ZONE_ISOLATED_111,1,68.36270785521391,68.36270785521391,38.763793228985016,WATCH,0,3005250.5044235187,637096.000872824,488_406,MONITORING_RISK_ZONE
RISK_ZONE_ISOLATED_112,1,74.93932154557818,74.93932154557818,56.52663581990899,WATCH,0,3015050.5044235187,637096.000872824,488_504,MONITORING_RISK_ZONE
RISK_ZONE_ISOLATED_113,1,59.174894758207365,59.174894758207365,34.62927733533207,WATCH,0,3001050.5044235187,637196.000872824,489_364,MONITORING_RISK_ZONE
RISK_ZONE_ISOLATED_114,1,77.12688742402717,77.12688742402717,56.384151976127455,CRITICAL,0,3011650.5044235187,637196.000872824,489_470,CRITICAL_RISK_ZONE
RISK_ZONE_ISOLATED_115,1,63.28107068781374,63.28107068781374,36.477056503654936,WATCH,0,3010250.5044235187,637396.000872824,491_456,MONITORING_RISK_ZONE
RISK_ZONE_ISOLATED_116,1,64.80906286806639,64.80906286806639,37.16465298476863,WATCH,0,3020150.5044235187,637396.000872824,491_555,MONITORING_RISK_ZONE
RISK_ZONE_ISOLATED_117,1,79.03746642124808,79.03746642124808,58.21410353921297,CRITICAL,0,3017450.5044235187,637496.000872824,492_528,CRITICAL_RISK_ZONE
RISK_ZONE_ISOLATED_118,1,67.7665458987378,67.7665458987378,38.49552034857077,WATCH,0,3008150.5044235187,637796.000872824,495_435,MONITORING_RISK_ZONE
RISK_ZONE_ISOLATED_119,1,64.43383046808232,64.43383046808232,36.9957984047758,WATCH,0,3009650.5044235187,637796.000872824,495_450,MONITORING_RISK_ZONE
RISK_ZONE_ISOLATED_12,1,69.04638897150124,69.04638897150124,39.07144973131432,WARNING,0,3004450.5044235187,613096.000872824,248_398,HIGH_PRIORITY_RISK_ZONE
RISK_ZONE_ISOLATED_120,1,71.25720720818012,71.25720720818012,40.06631793781981,WARNING,0,3007350.5044235187,638296.000872824,500_427,HIGH_PRIORITY_RISK_ZONE
RISK_ZONE_ISOLATED_121,1,63.78161062071782,63.78161062071782,36.70229947346177,WATCH,0,3015450.5044235187,638296.000872824,500_508,MONITORING_RISK_ZONE
RISK_ZONE_ISOLATED_122,1,70.27884779064088,70.27884779064088,39.62605619992715,WARNING,0,3011650.5044235187,638396.000872824,501_470,HIGH_PRIORITY_RISK_ZONE
RISK_ZONE_ISOLATED_123,1,51.33884471586733,51.33884471586733,31.10305481627905,WATCH,0,3005650.5044235187,638796.000872824,505_410,MONITORING_RISK_ZONE
RISK_ZONE_ISOLATED_124,1,66.60550406250331,66.60550406250331,37.97305152226525,WATCH,0,2999550.5044235187,639096.000872824,508_349,MONITORING_RISK_ZONE
RISK_ZONE_ISOLATED_125,1,60.90147344842202,60.90147344842202,50.35723774592867,WATCH,0,3005350.5044235187,639296.000872824,510_407,MONITORING_RISK_ZONE
RISK_ZONE_ISOLATED_126,1,50.96268992380078,50.96268992380078,30.93378515984911,WATCH,0,2997250.5044235187,639496.000872824,512_326,MONITORING_RISK_ZONE
RISK_ZONE_ISOLATED_127,1,54.70572811212364,54.70572811212364,32.61815234459439,WATCH,0,3015750.5044235187,639496.000872824,512_511,MONITORING_RISK_ZONE
RISK_ZONE_ISOLATED_128,1,71.85938654663786,71.85938654663786,40.3372986401258,WARNING,0,3004150.5044235187,639896.000872824,516_395,HIGH_PRIORITY_RISK_ZONE
RISK_ZONE_ISOLATED_129,1,65.48982819983803,65.48982819983803,37.47099738406587,WATCH,0,3001650.5044235187,639996.000872824,517_370,MONITORING_RISK_ZONE
RISK_ZONE_ISOLATED_13,1,70.80601626698139,70.80601626698139,39.86328201428038,WARNING,0,3001150.5044235187,613896.000872824,256_365,HIGH_PRIORITY_RISK_ZONE
RISK_ZONE_ISOLATED_130,1,73.05442810183098,73.05442810183098,40.8750673399627,WARNING,0,3018450.5044235187,640096.000872824,518_538,HIGH_PRIORITY_RISK_ZONE
RISK_ZONE_ISOLATED_131,1,74.44229112124447,74.44229112124447,56.48224031408338,WATCH,0,3005650.5044235187,640396.000872824,521_410,MONITORING_RISK_ZONE
RISK_ZONE_ISOLATED_132,1,65.41671050361985,65.41671050361985,37.43809442076769,WATCH,0,3020450.5044235187,640496.000872824,522_558,MONITORING_RISK_ZONE
RISK_ZONE_ISOLATED_133,1,64.29109898726098,64.29109898726098,36.9315692384062,WATCH,0,3016250.5044235187,641596.000872824,533_516,MONITORING_RISK_ZONE
RISK_ZONE_ISOLATED_134,1,64.27027163223528,64.27027163223528,36.92219692864463,WATCH,0,3020850.5044235187,641796.000872824,535_562,MONITORING_RISK_ZONE
RISK_ZONE_ISOLATED_135,1,63.579638542596285,63.579638542596285,36.61141203830708,WATCH,0,3013350.5044235187,641896.000872824,536_487,MONITORING_RISK_ZONE
RISK_ZONE_ISOLATED_136,1,62.52749716545807,62.52749716545807,36.13794841859489,WATCH,0,2997950.5044235187,642096.000872824,538_333,MONITORING_RISK_ZONE
RISK_ZONE_ISOLATED_137,1,55.42110305392063,55.42110305392063,32.94007106840304,WATCH,0,2999050.5044235187,642096.000872824,538_344,MONITORING_RISK_ZONE
RISK_ZONE_ISOLATED_138,1,65.17404167359726,65.17404167359726,37.32889344725752,WATCH,0,3018250.5044235187,642196.000872824,539_536,MONITORING_RISK_ZONE
RISK_ZONE_ISOLATED_139,1,62.04061396531289,62.04061396531289,35.918850978529555,WATCH,0,2996450.5044235187,642296.000872824,540_318,MONITORING_RISK_ZONE
RISK_ZONE_ISOLATED_14,1,68.59535424024216,68.59535424024216,38.86848410224773,WATCH,0,3015350.5044235187,614496.000872824,262_507,MONITORING_RISK_ZONE
RISK_ZONE_ISOLATED_140,1,71.76307364838092,71.76307364838092,40.29395783591017,WARNING,0,3005650.5044235187,642296.000872824,540_410,HIGH_PRIORITY_RISK_ZONE
RISK_ZONE_ISOLATED_141,1,68.72687057554697,68.72687057554697,38.92766645313489,WATCH,0,3003950.5044235187,642496.000872824,542_393,MONITORING_RISK_ZONE
RISK_ZONE_ISOLATED_142,1,77.97996425664276,77.97996425664276,57.7652073841378,CRITICAL,0,3004350.5044235187,642996.000872824,547_397,CRITICAL_RISK_ZONE
RISK_ZONE_ISOLATED_143,1,81.40211139924729,81.40211139924729,59.07143519740894,CRITICAL,0,3004850.5044235187,643096.000872824,548_402,CRITICAL_RISK_ZONE
RISK_ZONE_ISOLATED_144,1,70.3078036731856,70.3078036731856,39.63908634707228,WATCH,0,3005550.5044235187,643096.000872824,548_409,MONITORING_RISK_ZONE
RISK_ZONE_ISOLATED_145,1,74.25706372970966,74.25706372970966,56.07129202499037,WATCH,0,2998950.5044235187,643196.000872824,549_343,MONITORING_RISK_ZONE
RISK_ZONE_ISOLATED_146,1,78.25703598102095,78.25703598102095,57.97366316123921,CRITICAL,0,3001050.5044235187,643196.000872824,549_364,CRITICAL_RISK_ZONE
RISK_ZONE_ISOLATED_147,1,63.74813783646253,63.74813783646253,36.68723672054689,WATCH,0,3027950.5044235187,643396.000872824,551_633,MONITORING_RISK_ZONE
RISK_ZONE_ISOLATED_148,1,63.45920622964324,63.45920622964324,36.55721749747821,WATCH,0,3023950.5044235187,643496.000872824,552_593,MONITORING_RISK_ZONE
RISK_ZONE_ISOLATED_149,1,75.40811940149176,75.40811940149176,56.402470296989286,CRITICAL,0,2999050.5044235187,643696.000872824,554_344,CRITICAL_RISK_ZONE
RISK_ZONE_ISOLATED_15,1,58.38476064370776,58.38476064370776,34.27371698380725,WATCH,0,3005250.5044235187,615096.000872824,268_406,MONITORING_RISK_ZONE
RISK_ZONE_ISOLATED_150,1,59.62580422028395,59.62580422028395,34.832186593266535,WATCH,0,3006550.5044235187,643896.000872824,556_419,MONITORING_RISK_ZONE
RISK_ZONE_ISOLATED_151,1,62.69283769156003,62.69283769156003,36.21235165534077,WATCH,0,3028250.5044235187,644096.000872824,558_636,MONITORING_RISK_ZONE
RISK_ZONE_ISOLATED_152,1,57.366625226791655,57.366625226791655,33.815556046195,WATCH,0,2997650.5044235187,644496.000872824,562_330,MONITORING_RISK_ZONE
RISK_ZONE_ISOLATED_153,1,55.8220494309424,55.8220494309424,33.12049693806284,WATCH,0,3015050.5044235187,644496.000872824,562_504,MONITORING_RISK_ZONE
RISK_ZONE_ISOLATED_154,1,63.65676859073066,63.65676859073066,36.64612055996755,WATCH,0,2998550.5044235187,644596.000872824,563_339,MONITORING_RISK_ZONE
RISK_ZONE_ISOLATED_155,1,64.61921447344162,64.61921447344162,37.07922120718748,WATCH,0,3006050.5044235187,644896.000872824,566_414,MONITORING_RISK_ZONE
RISK_ZONE_ISOLATED_156,1,67.30916080347352,67.30916080347352,38.28969705570184,WATCH,0,3004850.5044235187,645296.000872824,570_402,MONITORING_RISK_ZONE
RISK_ZONE_ISOLATED_157,1,65.03513427705447,65.03513427705447,37.26638511881327,WATCH,0,3009150.5044235187,647596.000872824,593_445,MONITORING_RISK_ZONE
RISK_ZONE_ISOLATED_158,1,63.98901903064362,63.98901903064362,36.79563325792838,WATCH,0,3023950.5044235187,647596.000872824,593_593,MONITORING_RISK_ZONE
RISK_ZONE_ISOLATED_159,1,53.08065315076598,53.08065315076598,31.88686861198345,WATCH,0,3025350.5044235187,647596.000872824,593_607,MONITORING_RISK_ZONE
RISK_ZONE_ISOLATED_16,1,69.49930026400203,69.49930026400203,39.27525981293967,WATCH,0,3015450.5044235187,615396.000872824,271_508,MONITORING_RISK_ZONE
RISK_ZONE_ISOLATED_160,1,68.94266377800926,68.94266377800926,39.02477339424292,WARNING,0,3046650.5044235187,647896.000872824,596_820,HIGH_PRIORITY_RISK_ZONE
RISK_ZONE_ISOLATED_161,1,67.63648310939755,67.63648310939755,38.43699209336765,WATCH,0,3004450.5044235187,648696.000872824,604_398,MONITORING_RISK_ZONE
RISK_ZONE_ISOLATED_162,1,60.28889220679968,60.28889220679968,35.13057618719861,WATCH,0,3008250.5044235187,648696.000872824,604_436,MONITORING_RISK_ZONE
RISK_ZONE_ISOLATED_163,1,65.33320588284401,65.33320588284401,37.40051734141856,WATCH,0,3022250.5044235187,648996.000872824,607_576,MONITORING_RISK_ZONE
RISK_ZONE_ISOLATED_164,1,65.62549878043468,65.62549878043468,37.53204914533436,WATCH,0,3034550.5044235187,649696.000872824,614_699,MONITORING_RISK_ZONE
RISK_ZONE_ISOLATED_165,1,69.41428517494151,69.41428517494151,39.23700302286243,WARNING,0,3032950.5044235187,649896.000872824,616_683,HIGH_PRIORITY_RISK_ZONE
RISK_ZONE_ISOLATED_166,1,71.66706495774277,71.66706495774277,40.250753925123,WARNING,0,3033850.5044235187,649896.000872824,616_692,HIGH_PRIORITY_RISK_ZONE
RISK_ZONE_ISOLATED_167,1,65.36886895168338,65.36886895168338,37.41656572239628,WATCH,0,3037050.5044235187,650196.000872824,619_724,MONITORING_RISK_ZONE
RISK_ZONE_ISOLATED_168,1,61.186985804577866,61.186985804577866,35.53471830619879,WARNING,0,3005950.5044235187,650296.000872824,620_413,HIGH_PRIORITY_RISK_ZONE
RISK_ZONE_ISOLATED_169,1,66.23604917962466,66.23604917962466,37.80679682496985,WATCH,0,3038450.5044235187,650496.000872824,622_738,MONITORING_RISK_ZONE
RISK_ZONE_ISOLATED_17,1,66.08697048298004,66.08697048298004,37.73971141147977,WATCH,0,3016950.5044235187,615596.000872824,273_523,MONITORING_RISK_ZONE
RISK_ZONE_ISOLATED_170,1,73.42176860609462,73.42176860609462,41.040370566881336,WARNING,0,3007150.5044235187,651896.000872824,636_425,HIGH_PRIORITY_RISK_ZONE
RISK_ZONE_ISOLATED_171,1,70.9591090067072,70.9591090067072,39.932173747157,WARNING,0,3016850.5044235187,651896.000872824,636_522,HIGH_PRIORITY_RISK_ZONE
RISK_ZONE_ISOLATED_172,1,56.73476017018879,56.73476017018879,33.53121677072371,WATCH,0,3042950.5044235187,651896.000872824,636_783,MONITORING_RISK_ZONE
RISK_ZONE_ISOLATED_173,1,59.93742175036084,59.93742175036084,34.97241448180113,WATCH,0,3043750.5044235187,651996.000872824,637_791,MONITORING_RISK_ZONE
RISK_ZONE_ISOLATED_174,1,70.32646434384975,70.32646434384975,53.15638823419809,WATCH,0,3069450.5044235187,652296.000872824,640_1048,MONITORING_RISK_ZONE
RISK_ZONE_ISOLATED_175,1,56.6761898006412,56.6761898006412,33.504860104427294,WATCH,0,3046950.5044235187,652396.000872824,641_823,MONITORING_RISK_ZONE
RISK_ZONE_ISOLATED_176,1,71.31323610062255,71.31323610062255,40.0915309394189,WARNING,0,3032750.5044235187,652596.000872824,643_681,HIGH_PRIORITY_RISK_ZONE
RISK_ZONE_ISOLATED_177,1,68.43094236973678,68.43094236973678,38.79449876052031,WARNING,0,3068850.5044235187,652696.000872824,644_1042,HIGH_PRIORITY_RISK_ZONE
RISK_ZONE_ISOLATED_178,1,64.15913191729199,64.15913191729199,36.87218405692015,WATCH,0,3018850.5044235187,652996.000872824,647_542,MONITORING_RISK_ZONE
RISK_ZONE_ISOLATED_179,1,68.07608919314372,68.07608919314372,38.63481483105343,WARNING,0,3066450.5044235187,653496.000872824,652_1018,HIGH_PRIORITY_RISK_ZONE
RISK_ZONE_ISOLATED_18,1,68.5843328622764,68.5843328622764,38.863524482163136,WATCH,0,3015750.5044235187,615996.000872824,277_511,MONITORING_RISK_ZONE
RISK_ZONE_ISOLATED_180,1,75.78668704996953,75.78668704996953,56.36571418577398,CRITICAL,0,3064650.5044235187,654796.000872824,665_1000,CRITICAL_RISK_ZONE
RISK_ZONE_ISOLATED_181,1,73.01595314273283,73.01595314273283,40.857753608368526,WARNING,0,3047250.5044235187,654996.000872824,667_826,HIGH_PRIORITY_RISK_ZONE
RISK_ZONE_ISOLATED_182,1,60.29498639951397,60.29498639951397,35.13331857392004,WATCH,0,3032650.5044235187,655296.000872824,670_680,MONITORING_RISK_ZONE
RISK_ZONE_ISOLATED_183,1,52.5330734609768,52.5330734609768,31.64045775157832,WATCH,0,3034650.5044235187,656496.000872824,682_700,MONITORING_RISK_ZONE
RISK_ZONE_ISOLATED_184,1,53.63309758351842,53.63309758351842,32.13546860672204,WATCH,0,3044650.5044235187,656796.000872824,685_800,MONITORING_RISK_ZONE
RISK_ZONE_ISOLATED_185,1,65.97741836758726,65.97741836758726,37.69041295955302,WARNING,0,3045850.5044235187,657096.000872824,688_812,HIGH_PRIORITY_RISK_ZONE
RISK_ZONE_ISOLATED_186,1,59.44026459059004,59.44026459059004,34.74869375990427,WATCH,0,3019850.5044235187,657296.000872824,690_552,MONITORING_RISK_ZONE
RISK_ZONE_ISOLATED_187,1,57.40047783139508,57.40047783139508,33.83078971826654,WATCH,0,3062450.5044235187,657496.000872824,692_978,MONITORING_RISK_ZONE
RISK_ZONE_ISOLATED_188,1,54.298046018050506,54.298046018050506,32.43469540226148,WATCH,0,3060850.5044235187,658096.000872824,698_962,MONITORING_RISK_ZONE
RISK_ZONE_ISOLATED_189,1,66.79053763464147,66.79053763464147,38.05631662972741,WATCH,0,3048050.5044235187,658196.000872824,699_834,MONITORING_RISK_ZONE
RISK_ZONE_ISOLATED_19,1,68.44714941669467,68.44714941669467,38.80179193165136,WATCH,0,3004450.5044235187,616096.000872824,278_398,MONITORING_RISK_ZONE
RISK_ZONE_ISOLATED_190,1,56.426127530291225,56.426127530291225,33.392332082769805,WATCH,0,3018750.5044235187,658296.000872824,700_541,MONITORING_RISK_ZONE
RISK_ZONE_ISOLATED_191,1,63.68143256458395,63.68143256458395,36.65721934820153,WATCH,0,3026050.5044235187,658296.000872824,700_614,MONITORING_RISK_ZONE
RISK_ZONE_ISOLATED_192,1,63.800030590920585,63.800030590920585,36.71058846005302,WATCH,0,3035950.5044235187,658296.000872824,700_713,MONITORING_RISK_ZONE
RISK_ZONE_ISOLATED_193,1,68.51995784537263,68.51995784537263,38.83455572455644,WATCH,0,3009950.5044235187,658496.000872824,702_453,MONITORING_RISK_ZONE
RISK_ZONE_ISOLATED_194,1,65.21306531571706,65.21306531571706,37.34645408621143,WATCH,0,3008850.5044235187,658796.000872824,705_442,MONITORING_RISK_ZONE
RISK_ZONE_ISOLATED_195,1,70.26253255642361,70.26253255642361,39.61871434452938,WARNING,0,3048150.5044235187,658796.000872824,705_835,HIGH_PRIORITY_RISK_ZONE
RISK_ZONE_ISOLATED_196,1,51.066483235809606,51.066483235809606,30.98049215025308,WATCH,0,3023250.5044235187,658996.000872824,707_586,MONITORING_RISK_ZONE
RISK_ZONE_ISOLATED_197,1,60.18449436464758,60.18449436464758,35.08359715823016,WATCH,0,3014150.5044235187,659096.000872824,708_495,MONITORING_RISK_ZONE
RISK_ZONE_ISOLATED_198,1,63.07746258178797,63.07746258178797,36.38543285594334,WATCH,0,3011150.5044235187,659296.000872824,710_465,MONITORING_RISK_ZONE
RISK_ZONE_ISOLATED_199,1,65.65690797965853,65.65690797965853,37.54618328498509,WATCH,0,3035050.5044235187,659296.000872824,710_704,MONITORING_RISK_ZONE
RISK_ZONE_ISOLATED_2,1,56.54807459573642,56.54807459573642,33.447208262220144,WARNING,0,3016750.5044235187,606596.000872824,183_521,HIGH_PRIORITY_RISK_ZONE
RISK_ZONE_ISOLATED_20,1,60.85790362571893,60.85790362571893,35.38663132571227,WATCH,0,3002750.5044235187,616196.000872824,279_381,MONITORING_RISK_ZONE
RISK_ZONE_ISOLATED_200,1,65.71395566708267,65.71395566708267,37.571854744325954,WATCH,0,3035950.5044235187,659496.000872824,712_713,MONITORING_RISK_ZONE
RISK_ZONE_ISOLATED_201,1,71.28975268875999,71.28975268875999,40.08096340408076,WARNING,0,3031550.5044235187,659596.000872824,713_669,HIGH_PRIORITY_RISK_ZONE
RISK_ZONE_ISOLATED_202,1,72.49361682620668,72.49361682620668,54.63969983003432,WATCH,0,3033850.5044235187,659796.000872824,715_692,MONITORING_RISK_ZONE
RISK_ZONE_ISOLATED_203,1,72.22101296928687,72.22101296928687,40.50003053031785,WARNING,0,3057250.5044235187,659796.000872824,715_926,HIGH_PRIORITY_RISK_ZONE
RISK_ZONE_ISOLATED_204,1,70.19224678700026,70.19224678700026,39.58708574828887,WATCH,0,3028750.5044235187,659996.000872824,717_641,MONITORING_RISK_ZONE
RISK_ZONE_ISOLATED_205,1,54.9517768424369,54.9517768424369,47.0528310040046,WATCH,0,3055950.5044235187,660196.000872824,719_913,MONITORING_RISK_ZONE
RISK_ZONE_ISOLATED_206,1,70.78400902971526,70.78400902971526,39.85337875751063,WARNING,0,3012950.5044235187,660396.000872824,721_483,HIGH_PRIORITY_RISK_ZONE
RISK_ZONE_ISOLATED_207,1,71.03398723794774,71.03398723794774,39.96586895121524,WARNING,0,3047650.5044235187,660796.000872824,725_830,HIGH_PRIORITY_RISK_ZONE
RISK_ZONE_ISOLATED_208,1,70.02527103387112,70.02527103387112,39.51194665938076,WATCH,0,3009150.5044235187,660996.000872824,727_445,MONITORING_RISK_ZONE
RISK_ZONE_ISOLATED_209,1,64.78736387998521,64.78736387998521,37.1548884401321,WATCH,0,3014750.5044235187,660996.000872824,727_501,MONITORING_RISK_ZONE
RISK_ZONE_ISOLATED_21,1,67.56666168269055,67.56666168269055,38.4055724513495,WATCH,0,3014950.5044235187,616496.000872824,282_503,MONITORING_RISK_ZONE
RISK_ZONE_ISOLATED_210,1,65.4590472982287,65.4590472982287,37.45714597834167,WATCH,0,3047950.5044235187,661496.000872824,732_833,MONITORING_RISK_ZONE
RISK_ZONE_ISOLATED_211,1,70.53751811998428,70.53751811998428,39.742457848131686,WARNING,0,3013350.5044235187,661896.000872824,736_487,HIGH_PRIORITY_RISK_ZONE
RISK_ZONE_ISOLATED_212,1,60.80328108818732,60.80328108818732,35.36205118382305,WATCH,0,3020050.5044235187,662496.000872824,742_554,MONITORING_RISK_ZONE
RISK_ZONE_ISOLATED_213,1,81.36352779998249,81.36352779998249,59.43106220413088,CRITICAL,0,3049050.5044235187,662696.000872824,744_844,CRITICAL_RISK_ZONE
RISK_ZONE_ISOLATED_214,1,70.0266646140948,70.0266646140948,39.51257377048142,WARNING,0,3013650.5044235187,662896.000872824,746_490,HIGH_PRIORITY_RISK_ZONE
RISK_ZONE_ISOLATED_215,1,74.64071558108132,74.64071558108132,44.67077996973004,WARNING,0,3051250.5044235187,662996.000872824,747_866,HIGH_PRIORITY_RISK_ZONE
RISK_ZONE_ISOLATED_216,1,70.03085798783806,70.03085798783806,39.51446078866588,WARNING,0,3010150.5044235187,663096.000872824,748_455,HIGH_PRIORITY_RISK_ZONE
RISK_ZONE_ISOLATED_217,1,53.37741086260847,53.37741086260847,32.02040958231257,WATCH,0,3050550.5044235187,663196.000872824,749_859,MONITORING_RISK_ZONE
RISK_ZONE_ISOLATED_218,1,56.82506775470933,56.82506775470933,33.571855183757954,WARNING,0,3052950.5044235187,663196.000872824,749_883,HIGH_PRIORITY_RISK_ZONE
RISK_ZONE_ISOLATED_219,1,70.34176777802631,70.34176777802631,39.6543701942506,WARNING,0,3008950.5044235187,663496.000872824,752_443,HIGH_PRIORITY_RISK_ZONE
RISK_ZONE_ISOLATED_22,1,62.09772374377172,62.09772374377172,35.94455037883603,WATCH,0,3020650.5044235187,616596.000872824,283_560,MONITORING_RISK_ZONE
RISK_ZONE_ISOLATED_220,1,69.0377878246193,69.0377878246193,39.06757921521744,WATCH,0,3027950.5044235187,663696.000872824,754_633,MONITORING_RISK_ZONE
RISK_ZONE_ISOLATED_221,1,53.87418652014213,53.87418652014213,32.24395862820271,WATCH,0,3015350.5044235187,664296.000872824,760_507,MONITORING_RISK_ZONE
RISK_ZONE_ISOLATED_222,1,81.5371434211329,81.5371434211329,59.54161084537017,CRITICAL,0,3009550.5044235187,664496.000872824,762_449,CRITICAL_RISK_ZONE
RISK_ZONE_ISOLATED_223,1,66.1554629663011,66.1554629663011,37.77053302897425,WARNING,0,3057150.5044235187,666296.000872824,780_925,HIGH_PRIORITY_RISK_ZONE
RISK_ZONE_ISOLATED_224,1,57.60437235586416,57.60437235586416,33.92254225427762,WATCH,0,3015550.5044235187,667696.000872824,794_509,MONITORING_RISK_ZONE
RISK_ZONE_ISOLATED_225,1,70.68303800965201,70.68303800965201,39.80794179848216,WARNING,0,3030050.5044235187,668396.000872824,801_654,HIGH_PRIORITY_RISK_ZONE
RISK_ZONE_ISOLATED_226,1,77.36782887959447,77.36782887959447,56.4285127162491,CRITICAL,0,3015850.5044235187,669396.000872824,811_512,CRITICAL_RISK_ZONE
RISK_ZONE_ISOLATED_227,1,64.68508219581983,64.68508219581983,37.10886168225768,WATCH,0,3062450.5044235187,670996.000872824,827_978,MONITORING_RISK_ZONE
RISK_ZONE_ISOLATED_228,1,73.59881740813044,73.59881740813044,41.12004252779746,WARNING,0,3063650.5044235187,671496.000872824,832_990,HIGH_PRIORITY_RISK_ZONE
RISK_ZONE_ISOLATED_229,1,70.64738755352505,70.64738755352505,39.79189909322503,WARNING,0,3028950.5044235187,671996.000872824,837_643,HIGH_PRIORITY_RISK_ZONE
RISK_ZONE_ISOLATED_23,1,64.08456796697298,64.08456796697298,36.8386302792766,WATCH,0,3002750.5044235187,616996.000872824,287_381,MONITORING_RISK_ZONE
RISK_ZONE_ISOLATED_230,1,62.89618549436023,62.89618549436023,36.30385816660086,WATCH,0,3028350.5044235187,675696.000872824,874_637,MONITORING_RISK_ZONE
RISK_ZONE_ISOLATED_231,1,58.169662046101045,58.169662046101045,34.17692261488423,WATCH,0,3029250.5044235187,676296.000872824,880_646,MONITORING_RISK_ZONE
RISK_ZONE_ISOLATED_232,1,72.6775288312682,72.6775288312682,40.70546266820945,WARNING,0,3015750.5044235187,676796.000872824,885_511,HIGH_PRIORITY_RISK_ZONE
RISK_ZONE_ISOLATED_233,1,62.59399801674932,62.59399801674932,36.167873801675945,WATCH,0,3028050.5044235187,676796.000872824,885_634,MONITORING_RISK_ZONE
RISK_ZONE_ISOLATED_234,1,67.78940374809461,67.78940374809461,38.50580638078133,WARNING,0,3028550.5044235187,677496.000872824,892_639,HIGH_PRIORITY_RISK_ZONE
RISK_ZONE_ISOLATED_235,1,68.28596313680065,68.28596313680065,38.729258105699046,WARNING,0,3029350.5044235187,677996.000872824,897_647,HIGH_PRIORITY_RISK_ZONE
RISK_ZONE_ISOLATED_236,1,62.22574933345575,62.22574933345575,36.00216189419384,WATCH,0,3018750.5044235187,678596.000872824,903_541,MONITORING_RISK_ZONE
RISK_ZONE_ISOLATED_237,1,56.20006572717126,56.20006572717126,33.29060427136582,WATCH,0,3022650.5044235187,681696.000872824,934_580,MONITORING_RISK_ZONE
RISK_ZONE_ISOLATED_238,1,59.818474070217945,59.818474070217945,34.91888802573683,WATCH,0,3028350.5044235187,695696.000872824,1074_637,MONITORING_RISK_ZONE
RISK_ZONE_ISOLATED_239,1,53.39600524161362,53.39600524161362,32.02877705286488,WARNING,0,2996750.5044235187,697396.000872824,1091_321,HIGH_PRIORITY_RISK_ZONE
RISK_ZONE_ISOLATED_24,1,75.00390506730277,75.00390506730277,56.70871768871072,CRITICAL,0,3014850.5044235187,617096.000872824,288_502,CRITICAL_RISK_ZONE
RISK_ZONE_ISOLATED_240,1,61.74798844322745,61.74798844322745,35.78716949359111,WARNING,0,3042750.5044235187,700696.000872824,1124_781,HIGH_PRIORITY_RISK_ZONE
RISK_ZONE_ISOLATED_25,1,64.84308204663454,64.84308204663454,37.1799616151243,WATCH,0,3003550.5044235187,617296.000872824,290_389,MONITORING_RISK_ZONE
RISK_ZONE_ISOLATED_26,1,71.16515513039316,71.16515513039316,40.02489450281568,WARNING,0,3021750.5044235187,617696.000872824,294_571,HIGH_PRIORITY_RISK_ZONE
RISK_ZONE_ISOLATED_27,1,58.34133552188406,58.34133552188406,34.254175678986584,WATCH,0,3003950.5044235187,617996.000872824,297_393,MONITORING_RISK_ZONE
RISK_ZONE_ISOLATED_28,1,57.875316180168376,57.875316180168376,34.044466975214526,WARNING,0,2986450.5044235187,618296.000872824,300_218,HIGH_PRIORITY_RISK_ZONE
RISK_ZONE_ISOLATED_29,1,72.07638595407285,72.07638595407285,40.434948373471535,WARNING,0,3025450.5044235187,618396.000872824,301_608,HIGH_PRIORITY_RISK_ZONE
RISK_ZONE_ISOLATED_3,1,55.08235970546647,55.08235970546647,32.78763656159867,WATCH,0,2968550.5044235187,606796.000872824,185_39,MONITORING_RISK_ZONE
RISK_ZONE_ISOLATED_30,1,66.55691885286998,66.55691885286998,37.95118817793025,WATCH,0,3015950.5044235187,618496.000872824,302_513,MONITORING_RISK_ZONE
RISK_ZONE_ISOLATED_31,1,58.044062971041946,58.044062971041946,34.12040303110763,WATCH,0,3007550.5044235187,618696.000872824,304_429,MONITORING_RISK_ZONE
RISK_ZONE_ISOLATED_32,1,65.25817564837986,65.25817564837986,37.36675373590969,WATCH,0,3020950.5044235187,618696.000872824,304_563,MONITORING_RISK_ZONE
RISK_ZONE_ISOLATED_33,1,69.72831384511008,69.72831384511008,39.37831592443829,WARNING,0,3010950.5044235187,618796.000872824,305_463,HIGH_PRIORITY_RISK_ZONE
RISK_ZONE_ISOLATED_34,1,68.94667457683333,68.94667457683333,39.02657825371375,WATCH,0,3015650.5044235187,619096.000872824,308_510,MONITORING_RISK_ZONE
RISK_ZONE_ISOLATED_35,1,63.828868334747845,63.828868334747845,36.72356544477528,WATCH,0,3024150.5044235187,619396.000872824,311_595,MONITORING_RISK_ZONE
RISK_ZONE_ISOLATED_36,1,68.80726237607401,68.80726237607401,38.96384276337206,WATCH,0,3008850.5044235187,619696.000872824,314_442,MONITORING_RISK_ZONE
RISK_ZONE_ISOLATED_37,1,67.38619630076913,67.38619630076913,38.324363029484864,WATCH,0,3011350.5044235187,619796.000872824,315_467,MONITORING_RISK_ZONE
RISK_ZONE_ISOLATED_38,1,70.50211309348525,70.50211309348525,39.72652558620712,WARNING,0,3015150.5044235187,619796.000872824,315_505,HIGH_PRIORITY_RISK_ZONE
RISK_ZONE_ISOLATED_39,1,63.181981379788816,63.181981379788816,36.43246631504372,WATCH,0,3002650.5044235187,619996.000872824,317_380,MONITORING_RISK_ZONE
RISK_ZONE_ISOLATED_4,1,59.68555221351141,59.68555221351141,34.859073190218886,WATCH,0,3019550.5044235187,606896.000872824,186_549,MONITORING_RISK_ZONE
RISK_ZONE_ISOLATED_40,1,58.53874839464973,58.53874839464973,34.34301147173113,WATCH,0,3017250.5044235187,620096.000872824,318_526,MONITORING_RISK_ZONE
RISK_ZONE_ISOLATED_41,1,82.73163919637264,82.73163919637264,60.18921233250644,CRITICAL,0,3023050.5044235187,620096.000872824,318_584,CRITICAL_RISK_ZONE
RISK_ZONE_ISOLATED_42,1,71.6933204269137,71.6933204269137,40.26256888624992,WARNING,0,3005250.5044235187,620296.000872824,320_406,HIGH_PRIORITY_RISK_ZONE
RISK_ZONE_ISOLATED_43,1,72.49923918212052,72.49923918212052,40.62523232609299,WARNING,0,3020450.5044235187,620596.000872824,323_558,HIGH_PRIORITY_RISK_ZONE
RISK_ZONE_ISOLATED_44,1,79.88928098838882,79.88928098838882,58.65980113891372,CRITICAL,0,3023150.5044235187,620596.000872824,323_585,CRITICAL_RISK_ZONE
RISK_ZONE_ISOLATED_45,1,71.03496011157578,71.03496011157578,39.96630674434786,WARNING,0,3022550.5044235187,620696.000872824,324_579,HIGH_PRIORITY_RISK_ZONE
RISK_ZONE_ISOLATED_46,1,65.71016571461666,65.71016571461666,37.57014926571625,WATCH,0,3012250.5044235187,620796.000872824,325_476,MONITORING_RISK_ZONE
RISK_ZONE_ISOLATED_47,1,64.21175368412374,64.21175368412374,51.453106008857176,WATCH,0,3005650.5044235187,621296.000872824,330_410,MONITORING_RISK_ZONE
RISK_ZONE_ISOLATED_48,1,75.17860865206639,75.17860865206639,53.27352246136925,CRITICAL,0,3005250.5044235187,621696.000872824,334_406,CRITICAL_RISK_ZONE
RISK_ZONE_ISOLATED_49,1,50.12911027363913,50.12911027363913,30.558674317276363,WATCH,0,2994050.5044235187,622096.000872824,338_294,MONITORING_RISK_ZONE
RISK_ZONE_ISOLATED_5,1,53.63357968938642,53.63357968938642,32.135685554362645,WATCH,0,2970950.5044235187,607096.000872824,188_63,MONITORING_RISK_ZONE
RISK_ZONE_ISOLATED_50,1,56.23313705680823,56.23313705680823,33.30548636970246,WATCH,0,3015950.5044235187,622096.000872824,338_513,MONITORING_RISK_ZONE
RISK_ZONE_ISOLATED_51,1,66.05082243071963,66.05082243071963,37.72344478796259,WARNING,0,3000550.5044235187,622596.000872824,343_359,HIGH_PRIORITY_RISK_ZONE
RISK_ZONE_ISOLATED_52,1,67.96426475163008,67.96426475163008,38.58449383237229,WATCH,0,3012050.5044235187,622796.000872824,345_474,MONITORING_RISK_ZONE
RISK_ZONE_ISOLATED_53,1,72.94152796144361,72.94152796144361,40.82426227678838,WARNING,0,3025250.5044235187,623296.000872824,350_606,HIGH_PRIORITY_RISK_ZONE
RISK_ZONE_ISOLATED_54,1,69.66914351630781,69.66914351630781,39.35168927647727,WATCH,0,3005950.5044235187,623396.000872824,351_413,MONITORING_RISK_ZONE
RISK_ZONE_ISOLATED_55,1,61.35612034981855,61.35612034981855,35.6108288515571,WATCH,0,3012850.5044235187,623396.000872824,351_482,MONITORING_RISK_ZONE
RISK_ZONE_ISOLATED_56,1,50.00591588682762,50.00591588682762,30.503236843211187,WARNING,0,3025450.5044235187,623896.000872824,356_608,HIGH_PRIORITY_RISK_ZONE
RISK_ZONE_ISOLATED_57,1,58.56662819769603,58.56662819769603,34.35555738310197,WATCH,0,3017650.5044235187,624096.000872824,358_530,MONITORING_RISK_ZONE
RISK_ZONE_ISOLATED_58,1,57.1426898372783,57.1426898372783,33.71478512091399,WATCH,0,3016550.5044235187,624296.000872824,360_519,MONITORING_RISK_ZONE
RISK_ZONE_ISOLATED_59,1,58.2976906947719,58.2976906947719,34.23453550678611,WATCH,0,3019150.5044235187,624696.000872824,364_545,MONITORING_RISK_ZONE
RISK_ZONE_ISOLATED_6,1,64.63582408923716,64.63582408923716,37.08669553429548,WATCH,0,3019050.5044235187,607296.000872824,190_544,MONITORING_RISK_ZONE
RISK_ZONE_ISOLATED_60,1,70.34750812120066,70.34750812120066,39.65695334867905,WATCH,0,3018550.5044235187,625196.000872824,369_539,MONITORING_RISK_ZONE
RISK_ZONE_ISOLATED_61,1,63.59635208293233,63.59635208293233,36.6189331314583,WATCH,0,3009450.5044235187,625596.000872824,373_448,MONITORING_RISK_ZONE
RISK_ZONE_ISOLATED_62,1,62.88445303089592,62.88445303089592,36.29857855804192,WATCH,0,3014050.5044235187,625996.000872824,377_494,MONITORING_RISK_ZONE
RISK_ZONE_ISOLATED_63,1,61.036373053238265,61.036373053238265,35.46694256809597,WATCH,0,3015050.5044235187,625996.000872824,377_504,MONITORING_RISK_ZONE
RISK_ZONE_ISOLATED_64,1,59.95420500470179,59.95420500470179,34.979966946254564,WATCH,0,3004150.5044235187,626396.000872824,381_395,MONITORING_RISK_ZONE
RISK_ZONE_ISOLATED_65,1,70.78805708907795,70.78805708907795,39.85520038422384,WARNING,0,3016850.5044235187,627396.000872824,391_522,HIGH_PRIORITY_RISK_ZONE
RISK_ZONE_ISOLATED_66,1,69.04545647776386,69.04545647776386,39.071030109132494,WATCH,0,3008350.5044235187,627596.000872824,393_437,MONITORING_RISK_ZONE
RISK_ZONE_ISOLATED_67,1,69.59787824313437,69.59787824313437,39.31961990354922,WATCH,0,3001250.5044235187,628096.000872824,398_366,MONITORING_RISK_ZONE
RISK_ZONE_ISOLATED_68,1,71.31131134003066,71.31131134003066,40.09066479715255,WARNING,0,3016050.5044235187,628096.000872824,398_514,HIGH_PRIORITY_RISK_ZONE
RISK_ZONE_ISOLATED_69,1,67.18849820563644,67.18849820563644,38.23539888667515,WARNING,0,3019550.5044235187,628196.000872824,399_549,HIGH_PRIORITY_RISK_ZONE
RISK_ZONE_ISOLATED_7,1,68.14555913945858,68.14555913945858,38.66607630689512,WARNING,0,3017450.5044235187,607396.000872824,191_528,HIGH_PRIORITY_RISK_ZONE
RISK_ZONE_ISOLATED_70,1,53.44421668232804,53.44421668232804,32.05047220118637,WATCH,0,2979450.5044235187,628296.000872824,400_148,MONITORING_RISK_ZONE
RISK_ZONE_ISOLATED_71,1,51.72368089116648,51.72368089116648,31.276231095163677,WATCH,0,3015250.5044235187,628696.000872824,404_506,MONITORING_RISK_ZONE
RISK_ZONE_ISOLATED_72,1,62.13654808104782,62.13654808104782,35.96202133061028,WATCH,0,3004750.5044235187,628796.000872824,405_401,MONITORING_RISK_ZONE
RISK_ZONE_ISOLATED_73,1,51.94659770188708,51.94659770188708,31.37654365998794,WATCH,0,3004050.5044235187,628896.000872824,406_394,MONITORING_RISK_ZONE
RISK_ZONE_ISOLATED_74,1,60.19370312705063,60.19370312705063,35.087741101311536,WATCH,0,3010250.5044235187,628896.000872824,406_456,MONITORING_RISK_ZONE
RISK_ZONE_ISOLATED_75,1,72.01170468000669,72.01170468000669,40.405841800141765,WARNING,0,3017350.5044235187,628996.000872824,407_527,HIGH_PRIORITY_RISK_ZONE
RISK_ZONE_ISOLATED_76,1,56.10435571510229,56.10435571510229,33.24753476593478,WATCH,0,3029650.5044235187,629096.000872824,408_650,MONITORING_RISK_ZONE
RISK_ZONE_ISOLATED_77,1,69.08829002596465,69.08829002596465,53.666915019207664,WATCH,0,3003250.5044235187,629396.000872824,411_386,MONITORING_RISK_ZONE
RISK_ZONE_ISOLATED_78,1,62.42470920059856,62.42470920059856,36.091693834408105,WATCH,0,3004550.5044235187,629496.000872824,412_399,MONITORING_RISK_ZONE
RISK_ZONE_ISOLATED_79,1,55.53371352215811,55.53371352215811,32.9907457791099,WARNING,0,3017650.5044235187,629496.000872824,412_530,HIGH_PRIORITY_RISK_ZONE
RISK_ZONE_ISOLATED_8,1,67.14466803577852,67.14466803577852,38.21567531023909,WARNING,0,3019650.5044235187,608296.000872824,200_550,HIGH_PRIORITY_RISK_ZONE
RISK_ZONE_ISOLATED_80,1,65.77825898598773,65.77825898598773,37.60079123783324,WATCH,0,3001150.5044235187,629696.000872824,414_365,MONITORING_RISK_ZONE
RISK_ZONE_ISOLATED_81,1,71.59828003743938,71.59828003743938,40.21980071098648,WARNING,0,3007150.5044235187,629696.000872824,414_425,HIGH_PRIORITY_RISK_ZONE
RISK_ZONE_ISOLATED_82,1,75.01474899748746,75.01474899748746,56.12273728159279,CRITICAL,0,3003050.5044235187,629896.000872824,416_384,CRITICAL_RISK_ZONE
RISK_ZONE_ISOLATED_83,1,64.12974686679004,64.12974686679004,36.858960784194274,WARNING,0,3029150.5044235187,630096.000872824,418_645,HIGH_PRIORITY_RISK_ZONE
RISK_ZONE_ISOLATED_84,1,54.04972210046353,54.04972210046353,32.32294963934734,WATCH,0,2982050.5044235187,630696.000872824,424_174,MONITORING_RISK_ZONE
RISK_ZONE_ISOLATED_85,1,65.3408356513017,65.3408356513017,37.40395073722452,WATCH,0,3004850.5044235187,630696.000872824,424_402,MONITORING_RISK_ZONE
RISK_ZONE_ISOLATED_86,1,63.92141657831796,63.92141657831796,36.76521215438184,WATCH,0,3007750.5044235187,630796.000872824,425_431,MONITORING_RISK_ZONE
RISK_ZONE_ISOLATED_87,1,65.91271902101722,65.91271902101722,37.661298253596506,WATCH,0,3010750.5044235187,630896.000872824,426_461,MONITORING_RISK_ZONE
RISK_ZONE_ISOLATED_88,1,55.76703571657527,55.76703571657527,33.09574076659763,WATCH,0,3008350.5044235187,631296.000872824,430_437,MONITORING_RISK_ZONE
RISK_ZONE_ISOLATED_89,1,64.62148637249004,64.62148637249004,37.08024356175928,WATCH,0,3013950.5044235187,631396.000872824,431_493,MONITORING_RISK_ZONE
RISK_ZONE_ISOLATED_9,1,63.26627561788249,63.26627561788249,36.47039872218588,WATCH,0,3004450.5044235187,608996.000872824,207_398,MONITORING_RISK_ZONE
RISK_ZONE_ISOLATED_90,1,62.39450844127935,62.39450844127935,36.07810349271446,WATCH,0,3013750.5044235187,631996.000872824,437_491,MONITORING_RISK_ZONE
RISK_ZONE_ISOLATED_91,1,54.009425031104605,54.009425031104605,32.304815958135826,WATCH,0,3004750.5044235187,632396.000872824,441_401,MONITORING_RISK_ZONE
RISK_ZONE_ISOLATED_92,1,61.99169706453964,61.99169706453964,35.896838373181595,WATCH,0,3009350.5044235187,632796.000872824,445_447,MONITORING_RISK_ZONE
RISK_ZONE_ISOLATED_93,1,58.18785656753366,58.18785656753366,34.1851101495289,WATCH,0,2999350.5044235187,632896.000872824,446_347,MONITORING_RISK_ZONE
RISK_ZONE_ISOLATED_94,1,67.55626557850934,67.55626557850934,53.04160259607635,WATCH,0,3013550.5044235187,633296.000872824,450_489,MONITORING_RISK_ZONE
RISK_ZONE_ISOLATED_95,1,77.99225614338665,77.99225614338665,56.39454744974744,CRITICAL,0,3013050.5044235187,633496.000872824,452_484,CRITICAL_RISK_ZONE
RISK_ZONE_ISOLATED_96,1,73.00473532126874,73.00473532126874,40.85270558870969,WARNING,0,3003750.5044235187,633596.000872824,453_391,HIGH_PRIORITY_RISK_ZONE
RISK_ZONE_ISOLATED_97,1,57.0698447281737,57.0698447281737,33.68200482181692,WATCH,0,2998850.5044235187,633896.000872824,456_342,MONITORING_RISK_ZONE
RISK_ZONE_ISOLATED_98,1,64.18080624870073,64.18080624870073,36.881937506054086,WATCH,0,3006150.5044235187,634196.000872824,459_415,MONITORING_RISK_ZONE
RISK_ZONE_ISOLATED_99,1,57.23584023691332,57.23584023691332,33.75670280074975,WATCH,0,3029350.5044235187,634696.000872824,464_647,MONITORING_RISK_ZONE
