incident_id,priority_rank,priority_score,priority_level,max_risk_score,historical_hotspot_distance_m,hotspot_id,event_count,hotspot_score,hotspot_category,historical_current_score,historical_current_category,persistent_risk_zone
RISK_ZONE_CLUSTER_1,1,94.94565398891362,P1_CRITICAL,83.41208523033444,224.58075565053903,608_3004,6,75.0,VERY_HIGH,82.08452159313734,VERY_STRONG,1
RISK_ZONE_CLUSTER_5,2,92.524191924689,P1_CRITICAL,82.40178849402427,213.30649724260564,612_3000,3,37.5,MODERATE,64.8973103900613,STRONG,0
RISK_ZONE_CLUSTER_13,3,92.0410026748487,P1_CRITICAL,82.11514774153953,256.3810246711286,617_3018,5,62.5,HIGH,75.88979775171009,VERY_STRONG,1
RISK_ZONE_CLUSTER_130,4,91.86009578216677,P1_CRITICAL,83.15588404593386,156.04374704623663,677_3017,3,37.5,MODERATE,65.37427460973427,STRONG,0
RISK_ZONE_CLUSTER_69,5,91.1725556521074,P1_CRITICAL,82.25947036866394,344.70341222623256,647_3005,3,37.5,MODERATE,64.37592673202501,STRONG,0
RISK_ZONE_CLUSTER_4,6,90.702450411183,P1_CRITICAL,84.16187627803059,188.88968916099475,613_3016,2,25.0,MODERATE,59.97860233317356,STRONG,0
RISK_ZONE_CLUSTER_104,7,90.27127590080048,P1_CRITICAL,83.03635874347374,106.47114699524572,661_3029,3,37.5,MODERATE,65.52072076794201,STRONG,0
RISK_ZONE_CLUSTER_61,8,90.17448289741598,P1_CRITICAL,82.31203059940103,368.2088866712028,641_3004,2,25.0,MODERATE,58.6873978968224,STRONG,0
RISK_ZONE_CLUSTER_50,9,89.81348859120594,P1_CRITICAL,82.19447205595054,270.75030498465486,637_3011,5,62.5,HIGH,75.86569610012886,VERY_STRONG,1
RISK_ZONE_CLUSTER_36,10,89.44634657664471,P1_CRITICAL,83.48449972095167,12.85975215630889,633_3004,3,37.5,MODERATE,66.04326785289578,STRONG,0
RISK_ZONE_CLUSTER_42,11,89.27653123102938,P1_CRITICAL,82.08314554012628,173.4248033164963,635_3012,2,25.0,MODERATE,59.30865607936316,STRONG,0
RISK_ZONE_CLUSTER_10,12,89.12348740951465,P1_CRITICAL,84.45754856427473,36.666355130888206,616_3016,2,25.0,MODERATE,60.66454428446306,STRONG,0
RISK_ZONE_CLUSTER_46,13,89.10469884232519,P1_CRITICAL,82.9871938625393,202.53388991487523,637_3006,3,37.5,MODERATE,65.14192075208904,STRONG,0
RISK_ZONE_CLUSTER_25,14,89.08894645124802,P1_CRITICAL,83.18796087825785,9.43280578569701,625_3001,2,25.0,MODERATE,60.32812613247063,STRONG,0
RISK_ZONE_CLUSTER_55,15,88.47416510074649,P1_CRITICAL,82.85047403602732,239.3467075795662,639_3002,2,25.0,MODERATE,59.33401495214416,STRONG,0
RISK_ZONE_CLUSTER_111,16,87.86989407067762,P1_CRITICAL,82.53641696357444,199.66291065596732,663_3055,2,25.0,MODERATE,59.36976188102777,STRONG,0
RISK_ZONE_CLUSTER_53,17,87.764611964733,P1_CRITICAL,80.81310935939332,223.47934955840213,638_2998,5,62.5,HIGH,75.55391589880279,VERY_STRONG,1
RISK_ZONE_CLUSTER_3,18,87.60469322019213,P1_CRITICAL,82.3149910391984,67.28452328431284,609_3018,6,75.0,VERY_HIGH,82.29468244563658,VERY_STRONG,1
RISK_ZONE_ISOLATED_41,19,87.38816215313618,P1_CRITICAL,82.73163919637264,463.2988914686024,620_3023,5,62.5,HIGH,75.38503291747725,VERY_STRONG,1
RISK_ZONE_CLUSTER_101,20,87.20025280176442,P1_CRITICAL,82.47709507710917,14.5679654078986,660_3048,2,25.0,MODERATE,60.058880702615326,STRONG,0
RISK_ZONE_CLUSTER_23,21,87.18388440808154,P1_CRITICAL,82.02844343111957,29.685320448133005,622_3013,3,37.5,MODERATE,65.46691473292282,STRONG,0
RISK_ZONE_CLUSTER_74,22,87.0706008232026,P1_CRITICAL,81.68425871614076,157.80154277036476,649_3035,3,37.5,MODERATE,64.85259596160074,STRONG,0
RISK_ZONE_CLUSTER_27,23,87.06340361224066,P1_CRITICAL,80.95572727096128,16.175325709278695,626_3011,5,62.5,HIGH,76.39501187997134,VERY_STRONG,1
RISK_ZONE_CLUSTER_93,24,86.91297463478885,P1_CRITICAL,80.6822060670405,283.1268159198928,656_3048,3,37.5,MODERATE,64.04195679218446,STRONG,0
RISK_ZONE_CLUSTER_57,25,86.24853906902197,P1_CRITICAL,81.80040400980056,421.4593682302912,640_3005,2,25.0,MODERATE,58.32535941723644,STRONG,0
RISK_ZONE_CLUSTER_113,26,86.19376278491967,P1_CRITICAL,82.59917428254442,8.636433194556297,663_3048,2,25.0,MODERATE,60.12522483360485,STRONG,0
RISK_ZONE_CLUSTER_94,27,86.08818424558937,P1_CRITICAL,82.79744409518679,207.40159053795762,657_3011,1,12.5,LOW,53.80754082452924,STRONG,0
RISK_ZONE_CLUSTER_109,28,86.04453528010649,P1_CRITICAL,81.77841253554679,22.197476931824323,662_3048,3,37.5,MODERATE,65.40904691986356,STRONG,0
RISK_ZONE_CLUSTER_95,29,86.03602087386977,P1_CRITICAL,82.48748338898677,229.40169988827066,657_3009,1,12.5,LOW,53.618265664448344,STRONG,0
RISK_ZONE_CLUSTER_96,30,85.99163841744932,P1_CRITICAL,80.35900855117681,284.0378475914584,657_3046,1,12.5,LOW,52.67557421496207,STRONG,0
RISK_ZONE_CLUSTER_76,31,85.87409937361184,P1_CRITICAL,82.50103600750835,7.605145335939487,650_3007,2,25.0,MODERATE,60.0949882216006,STRONG,0
RISK_ZONE_CLUSTER_29,32,85.84933389067005,P1_CRITICAL,81.56854095472158,11.46563384189486,629_3013,2,25.0,MODERATE,59.7532317267793,STRONG,0
RISK_ZONE_CLUSTER_19,33,85.02582984615825,P1_CRITICAL,81.87203551492948,21.522887933850456,621_3000,2,25.0,MODERATE,59.81948987786747,STRONG,0
RISK_ZONE_CLUSTER_102,34,84.9192707179364,P1_CRITICAL,81.44882820526246,26.92320992548264,660_3031,4,50.0,HIGH,70.89997381376354,STRONG,1
RISK_ZONE_CLUSTER_52,35,84.89629673668404,P1_CRITICAL,81.4634417787113,216.96150994502423,638_3017,2,25.0,MODERATE,58.93045031678521,STRONG,0
RISK_ZONE_CLUSTER_64,36,84.74779343870603,P1_CRITICAL,80.46845245272924,116.40773306197381,642_3010,1,12.5,LOW,53.33392139058517,STRONG,0
RISK_ZONE_CLUSTER_84,37,84.74505326781856,P1_CRITICAL,82.3144561557896,51.8825500489169,652_3028,6,75.0,VERY_HIGH,82.35466077783072,VERY_STRONG,1
RISK_ZONE_CLUSTER_51,38,84.63785954998568,P1_CRITICAL,81.10489288267065,38.39419000452026,637_3004,2,25.0,MODERATE,59.484306053398996,STRONG,0
RISK_ZONE_CLUSTER_56,39,84.58080628646684,P1_CRITICAL,81.10004750513113,12.986655087602026,638_3006,3,37.5,MODERATE,65.20820457948305,STRONG,0
RISK_ZONE_ISOLATED_222,40,84.56035469169986,P1_CRITICAL,81.5371434211329,225.61755533830953,664_3009,3,37.5,MODERATE,64.54949438990462,STRONG,0
RISK_ZONE_CLUSTER_124,41,84.3518019900334,P1_CRITICAL,81.26497764727685,170.04483538977303,669_3028,5,62.5,HIGH,75.90993420464774,VERY_STRONG,1
RISK_ZONE_CLUSTER_71,42,84.17883831053445,P1_CRITICAL,78.61839389550491,108.63586886440591,649_3013,6,75.0,VERY_HIGH,80.84113501682334,VERY_STRONG,1
RISK_ZONE_ISOLATED_213,43,84.13571105108204,P1_CRITICAL,81.36352779998249,44.32864852225054,662_3049,1,12.5,LOW,53.926478344512375,STRONG,0
RISK_ZONE_CLUSTER_80,44,84.07110062608773,P1_CRITICAL,80.39832170870115,101.90592249294052,651_3040,5,62.5,HIGH,75.86493081989788,VERY_STRONG,1
RISK_ZONE_CLUSTER_12,45,83.96330537023587,P1_CRITICAL,81.18857315142813,187.1112790316372,617_3014,3,37.5,MODERATE,64.56955365896371,STRONG,0
RISK_ZONE_ISOLATED_143,46,83.91115955662826,P1_CRITICAL,81.40211139924729,42.687742800635505,643_3004,1,12.5,LOW,53.94643347260798,STRONG,0
RISK_ZONE_CLUSTER_60,47,83.77367844870784,P1_CRITICAL,80.66750727864515,30.528957493330278,640_3015,2,25.0,MODERATE,59.36225280641491,STRONG,0
RISK_ZONE_CLUSTER_115,48,83.55416811656006,P1_CRITICAL,81.90644097218271,73.3880355029522,664_3010,1,12.5,LOW,54.00294851548021,STRONG,0
RISK_ZONE_CLUSTER_35,49,83.28891019460119,P1_CRITICAL,80.16856851143925,253.93046586090804,632_3001,2,25.0,MODERATE,58.34236850107525,STRONG,0
RISK_ZONE_CLUSTER_47,50,83.21711628468941,P1_CRITICAL,79.50980892347161,232.93380898857464,637_3002,2,25.0,MODERATE,58.188172258120744,STRONG,0
RISK_ZONE_CLUSTER_44,51,83.08685600220012,P1_CRITICAL,81.28218653178045,218.32143153277235,636_3021,1,12.5,LOW,53.23701563627016,STRONG,0
RISK_ZONE_CLUSTER_98,52,83.05472592747223,P1_CRITICAL,81.55222945797948,44.27385549966693,658_3013,4,50.0,HIGH,70.86773926407703,STRONG,1
RISK_ZONE_CLUSTER_77,53,82.87366015653097,P1_CRITICAL,80.2237771868779,215.8699654797566,650_3004,4,50.0,HIGH,69.75057911955882,STRONG,1
RISK_ZONE_CLUSTER_97,54,82.82032316213835,P1_CRITICAL,81.01012578407418,165.1606704661018,658_3008,4,50.0,HIGH,70.21402598809274,STRONG,1
RISK_ZONE_CLUSTER_54,55,82.77164521740785,P1_CRITICAL,81.24838926443408,219.82951058958895,638_3010,1,12.5,LOW,53.21965007154341,STRONG,0
RISK_ZONE_CLUSTER_99,56,82.71628296807096,P1_CRITICAL,80.21605561241363,288.326779852162,658_3046,3,37.5,MODERATE,63.86019222013343,STRONG,0
RISK_ZONE_CLUSTER_118,57,82.69695429323384,P1_CRITICAL,79.21800784058298,178.0321668031809,666_3028,4,50.0,HIGH,69.53865863127419,STRONG,1
RISK_ZONE_CLUSTER_87,58,82.58551243968049,P1_CRITICAL,79.48898778831631,96.17926799262706,653_3015,2,25.0,MODERATE,58.69368934953598,STRONG,0
RISK_ZONE_CLUSTER_108,59,82.58118551028048,P1_CRITICAL,81.04050667390095,92.36592839039673,662_3029,3,37.5,MODERATE,64.87641499832219,STRONG,0
RISK_ZONE_CLUSTER_110,60,82.56720445569513,P1_CRITICAL,80.88048525251459,30.44669865228516,662_3009,2,25.0,MODERATE,59.43712015640875,STRONG,0
RISK_ZONE_CLUSTER_85,61,82.46490142647274,P1_CRITICAL,80.23085653432115,25.9470565056184,652_3015,2,25.0,MODERATE,59.227547380196725,STRONG,0
RISK_ZONE_CLUSTER_63,62,82.37757866156426,P1_CRITICAL,79.93154105312227,26.651841817357507,641_3017,2,25.0,MODERATE,59.11999724490467,STRONG,0
RISK_ZONE_CLUSTER_78,63,82.3496830342119,P1_CRITICAL,80.58995487956385,30.421040110567127,650_3014,2,25.0,MODERATE,59.33553592193648,STRONG,0
RISK_ZONE_CLUSTER_20,64,81.98571565254852,P1_CRITICAL,81.57639807078868,8.425638615677993,621_3018,2,25.0,MODERATE,59.76809346787955,STRONG,0
RISK_ZONE_CLUSTER_37,65,81.96821278576287,P1_CRITICAL,80.1068083046416,188.1817891066975,633_3014,2,25.0,MODERATE,58.56195809787244,STRONG,0
RISK_ZONE_CLUSTER_72,66,81.96109624046218,P1_CRITICAL,76.9764244203158,173.292353284245,649_3005,5,62.5,HIGH,74.39679857540932,STRONG,1
RISK_ZONE_CLUSTER_31,67,81.93030869076703,P1_CRITICAL,81.06302014179866,28.40939450227242,629_3012,2,25.0,MODERATE,59.50906149865736,STRONG,0
RISK_ZONE_CLUSTER_22,68,81.68256188162076,P1_CRITICAL,78.26516597764578,13.337541028587161,622_3011,7,87.5,VERY_HIGH,86.71459986145373,VERY_STRONG,1
RISK_ZONE_CLUSTER_121,69,81.55373245699651,P1_CRITICAL,80.34631066081161,554.9809931559382,667_3029,3,37.5,MODERATE,62.99807050600586,STRONG,0
RISK_ZONE_CLUSTER_6,70,81.2282559118929,P1_CRITICAL,80.21043624753871,37.40742924194081,613_3005,3,37.5,MODERATE,64.80013410930533,STRONG,0
RISK_ZONE_ISOLATED_44,71,80.66888102504932,P1_CRITICAL,79.88928098838882,467.0809488230858,620_3023,5,62.5,HIGH,74.3775450975467,STRONG,1
RISK_ZONE_CLUSTER_7,72,80.17228991420001,P1_CRITICAL,79.08543887114715,53.89307699633239,613_3015,5,62.5,HIGH,75.59163009010699,VERY_STRONG,1
RISK_ZONE_CLUSTER_43,73,80.15515221101566,P1_CRITICAL,79.47497514637914,138.53030809940324,636_3003,1,12.5,LOW,52.90205869533836,STRONG,0
RISK_ZONE_CLUSTER_28,74,79.97557885815455,P2_HIGH,78.97530492845863,240.16213180313298,629_3015,1,12.5,LOW,52.34973572827203,STRONG,0
RISK_ZONE_CLUSTER_26,75,79.9465781226835,P2_HIGH,79.91005577072916,21.32930550799256,625_3026,1,12.5,LOW,53.5085647031707,STRONG,0
RISK_ZONE_CLUSTER_38,76,79.45802482257416,P2_HIGH,78.84082423384099,19.006380838659993,633_3005,3,37.5,MODERATE,64.3935508581138,STRONG,0
RISK_ZONE_CLUSTER_39,77,79.28332784940186,P2_HIGH,79.46131877392446,190.72171488080264,634_3009,1,12.5,LOW,52.7016053202137,STRONG,0
RISK_ZONE_CLUSTER_32,78,79.25091118717965,P2_HIGH,79.37117675582513,643.3841470755976,629_3003,3,37.5,MODERATE,62.37477593791045,STRONG,0
RISK_ZONE_CLUSTER_11,79,79.14410172963105,P2_HIGH,78.85558883032404,79.93416612056461,616_3022,3,37.5,MODERATE,64.15975057079126,STRONG,0
RISK_ZONE_CLUSTER_33,80,78.68112400654903,P2_HIGH,79.60899654502226,191.83453270242762,630_3001,1,12.5,LOW,52.749163249157434,STRONG,0
RISK_ZONE_ISOLATED_117,81,78.66570442356665,P2_HIGH,79.03746642124808,274.68563915740594,637_3017,2,25.0,MODERATE,57.871589039365595,STRONG,0
RISK_ZONE_CLUSTER_40,82,78.57911633501635,P2_HIGH,78.7138480205306,29.608295692775577,635_3018,2,25.0,MODERATE,58.68211081681791,STRONG,0
RISK_ZONE_CLUSTER_75,83,78.4498120286192,P2_HIGH,78.66876992468896,25.76261371708182,650_3031,2,25.0,MODERATE,58.6815472667754,STRONG,0
RISK_ZONE_CLUSTER_41,84,78.3080485586352,P2_HIGH,78.23667606036173,210.15816136997867,635_3002,3,37.5,MODERATE,63.45111193116165,STRONG,0
RISK_ZONE_CLUSTER_82,85,78.26974762657521,P2_HIGH,78.58555081084967,36.16915767288261,652_3044,2,25.0,MODERATE,58.61130520316617,STRONG,0
RISK_ZONE_CLUSTER_100,86,78.25004972392377,P2_HIGH,78.74528962672602,33.92165568725906,659_3056,2,25.0,MODERATE,58.676079086400776,STRONG,0
RISK_ZONE_CLUSTER_88,87,78.1134051919464,P2_HIGH,77.54284893462074,128.7784778650456,654_3065,3,37.5,MODERATE,63.51281720875723,STRONG,0
RISK_ZONE_CLUSTER_73,88,77.78347603009183,P2_HIGH,78.3976747767028,38.86666063438396,649_3007,2,25.0,MODERATE,58.53491870159111,STRONG,0
RISK_ZONE_CLUSTER_16,89,77.4273477652231,P2_HIGH,78.96263046812442,162.08542155794015,619_3023,1,12.5,LOW,52.63393639655095,STRONG,0
RISK_ZONE_CLUSTER_30,90,77.3564602935012,P2_HIGH,77.91140689496193,14.589147265721653,629_3030,4,50.0,HIGH,69.71080560336142,STRONG,1
RISK_ZONE_ISOLATED_146,91,76.96977923780983,P2_HIGH,78.25703598102095,40.518485799188376,643_3001,1,12.5,LOW,52.854191490490265,STRONG,0
RISK_ZONE_CLUSTER_132,92,76.86815385438766,P2_HIGH,79.2135983365441,122.38611526893253,681_3027,1,12.5,LOW,52.87191135044495,STRONG,0
RISK_ZONE_ISOLATED_142,93,76.26550392871962,P2_HIGH,77.97996425664276,44.966032129420434,642_3004,1,12.5,LOW,52.739726499193715,STRONG,0
RISK_ZONE_CLUSTER_103,94,75.86314288034396,P2_HIGH,78.05011473358309,192.45174597265316,660_3033,8,100.0,VERY_HIGH,91.57626510832664,VERY_STRONG,1
RISK_ZONE_CLUSTER_68,95,75.84224088610337,P2_HIGH,78.25812813576199,169.4951764290569,647_3013,3,37.5,MODERATE,63.609593480528716,STRONG,0
RISK_ZONE_ISOLATED_95,96,75.15127825127067,P2_HIGH,77.99225614338665,233.61112514425122,633_3013,2,25.0,MODERATE,57.654555667632074,STRONG,0
RISK_ZONE_CLUSTER_14,97,75.07600996357785,P2_HIGH,77.0340629608224,118.55901186708739,617_3006,1,12.5,LOW,52.12367051728721,STRONG,0
RISK_ZONE_CLUSTER_116,98,74.74178121683559,P2_HIGH,76.95088424161881,100.2878767811848,665_3009,1,12.5,LOW,52.16454589159278,STRONG,0
RISK_ZONE_CLUSTER_86,99,74.62506585635839,P2_HIGH,77.17190481965403,145.87519786558158,652_3067,2,25.0,MODERATE,57.693206967661126,STRONG,0
RISK_ZONE_CLUSTER_48,100,74.56503510691586,P2_HIGH,77.54927975237658,237.64693373501902,637_3008,3,37.5,MODERATE,63.10979104675927,STRONG,0
RISK_ZONE_CLUSTER_18,101,74.5085582077273,P2_HIGH,78.85318468463753,37.24354296955897,621_3014,2,25.0,MODERATE,58.700741928479204,STRONG,0
RISK_ZONE_CLUSTER_0,102,74.47073662811493,P2_HIGH,77.12334933436195,15.548701478838586,607_3006,1,12.5,LOW,52.55617027121612,STRONG,0
RISK_ZONE_CLUSTER_15,103,74.41877861549331,P2_HIGH,77.73669151971467,21.543860317614143,619_3007,2,25.0,MODERATE,58.37203630793598,STRONG,0
RISK_ZONE_CLUSTER_79,104,74.39577298462557,P2_HIGH,78.01876138311144,7.891220555971229,650_3035,3,37.5,MODERATE,64.15005134045498,STRONG,0
RISK_ZONE_CLUSTER_81,105,74.01866904192394,P2_HIGH,78.01069142526237,24.666219965549438,651_3015,2,25.0,MODERATE,58.45556146749614,STRONG,0
RISK_ZONE_ISOLATED_226,106,73.9822467247836,P2_HIGH,77.36782887959447,330.4625249028842,669_3015,2,25.0,MODERATE,57.088838229328665,STRONG,0
RISK_ZONE_CLUSTER_117,107,73.89918197568,P2_HIGH,76.02084220168257,195.52577429472385,665_3010,2,25.0,MODERATE,57.10462494355386,STRONG,0
RISK_ZONE_ISOLATED_114,108,73.48346095712533,P2_HIGH,77.12688742402717,552.7573293375845,637_3011,5,62.5,HIGH,73.12848142015376,STRONG,1
RISK_ZONE_CLUSTER_34,109,72.71009422009898,P2_HIGH,77.12415984408705,101.06281828293103,631_3009,1,12.5,LOW,52.222213743038026,STRONG,0
RISK_ZONE_CLUSTER_49,110,72.39185924318801,P2_HIGH,75.92262854778855,219.55786835609246,637_3015,3,37.5,MODERATE,62.60663084849347,STRONG,0
RISK_ZONE_CLUSTER_107,111,71.97523627134767,P2_HIGH,75.78628246563136,290.6623645656841,661_3009,3,37.5,MODERATE,62.301423909904976,STRONG,0
RISK_ZONE_CLUSTER_89,112,71.91758288151792,P2_HIGH,76.11051015499692,8.331600827349323,654_3022,5,62.5,HIGH,74.73040759101647,STRONG,1
RISK_ZONE_CLUSTER_24,113,71.52759881744163,P2_HIGH,74.89145531246072,9.599716683168827,623_3015,3,37.5,MODERATE,63.0486840750029,STRONG,0
RISK_ZONE_CLUSTER_62,114,71.0673130949183,P2_HIGH,78.29353749540928,23.231210618172636,641_3006,2,25.0,MODERATE,58.56024303549418,STRONG,0
RISK_ZONE_CLUSTER_70,115,70.90709530980978,P2_HIGH,78.37029554730042,31.892298651674267,647_3012,3,37.5,MODERATE,64.17784278469364,STRONG,0
RISK_ZONE_ISOLATED_180,116,70.8985639003242,P2_HIGH,75.78668704996953,37.065993420145745,654_3064,1,12.5,LOW,52.003167516138035,STRONG,0
RISK_ZONE_CLUSTER_120,117,70.86741002909221,P2_HIGH,75.59389034316409,233.1497851657507,667_3029,3,37.5,MODERATE,62.44181208115996,STRONG,0
RISK_ZONE_CLUSTER_114,118,70.66415561638821,P2_HIGH,76.9426208098168,225.1691626237137,663_3011,1,12.5,LOW,51.69305365523269,STRONG,0
RISK_ZONE_ISOLATED_149,119,70.20324040000989,P2_HIGH,75.40811940149176,37.18115754259156,643_2999,1,12.5,LOW,51.87021494773161,STRONG,0
RISK_ZONE_CLUSTER_83,120,70.09860925939138,P2_HIGH,75.49153082703195,226.98052164910183,652_3070,1,12.5,LOW,51.1785400271028,STRONG,0
RISK_ZONE_ISOLATED_24,121,69.68245037078034,P2_HIGH,75.00390506730277,399.89057203659,617_3014,3,37.5,MODERATE,61.645260567043465,STRONG,0
RISK_ZONE_CLUSTER_126,122,69.43112542387979,P2_HIGH,75.54588334278193,24.074934929118676,669_3016,2,25.0,MODERATE,57.595220890326445,STRONG,0
RISK_ZONE_ISOLATED_112,123,69.40747588646052,P2_HIGH,74.93932154557818,421.05591154476775,637_3015,3,37.5,MODERATE,61.550353321733354,STRONG,0
RISK_ZONE_ISOLATED_82,124,69.2168157457125,P2_HIGH,75.01474899748746,383.588078154019,629_3003,3,37.5,MODERATE,61.7051345556813,STRONG,0
RISK_ZONE_CLUSTER_67,125,68.71317846807834,P2_HIGH,74.57084302953118,16.37608617336481,644_3005,2,25.0,MODERATE,57.284504556226764,STRONG,0
RISK_ZONE_ISOLATED_131,126,68.41765699612658,P2_HIGH,74.44229112124447,246.9418388839942,640_3005,2,25.0,MODERATE,56.36352277607884,STRONG,0
RISK_ZONE_ISOLATED_145,127,67.72138631234579,P2_HIGH,74.25706372970966,44.80941061492747,643_2998,1,12.5,LOW,51.437326701896914,STRONG,0
RISK_ZONE_CLUSTER_66,128,67.59395127884032,P2_HIGH,75.92581051253197,35.21874143550106,643_2996,2,25.0,MODERATE,57.68414406090475,STRONG,0
RISK_ZONE_CLUSTER_2,129,67.33489454631214,P2_HIGH,73.84662038700213,47.546551794906,609_3019,2,25.0,MODERATE,56.907922431976445,STRONG,0
RISK_ZONE_ISOLATED_48,130,67.16583643834774,P2_HIGH,75.17860865206639,256.8194270886145,621_3005,2,25.0,MODERATE,56.58542248649675,STRONG,0
RISK_ZONE_CLUSTER_65,131,66.58835194659562,P2_HIGH,76.17043753843929,34.83573920118285,642_3001,2,25.0,MODERATE,57.77127428756115,STRONG,0
RISK_ZONE_CLUSTER_8,132,65.63571670825522,P2_HIGH,73.2819528670738,43.81070557158356,614_3000,2,25.0,MODERATE,56.72496284610386,STRONG,0
RISK_ZONE_CLUSTER_45,133,64.87764867969597,P2_HIGH,76.08604874893027,26.13897516904467,636_3012,2,25.0,MODERATE,57.77610491563231,STRONG,0
RISK_ZONE_CLUSTER_106,134,64.04691779792722,P2_HIGH,72.99940349400218,102.36338203636731,661_3025,1,12.5,LOW,50.7735521328087,STRONG,0
RISK_ZONE_CLUSTER_9,135,63.91805254551158,P2_HIGH,72.20697254224348,96.7337753976745,614_3005,1,12.5,LOW,50.51784914699904,STRONG,0
RISK_ZONE_CLUSTER_92,136,63.57050338516851,P2_HIGH,73.05577146414518,8.490437617638126,654_3008,2,25.0,MODERATE,56.785615834242265,STRONG,0
RISK_ZONE_ISOLATED_202,137,63.151922548857385,P2_HIGH,72.49361682620668,16.995860096928578,659_3033,2,25.0,MODERATE,56.55501275334814,STRONG,0
RISK_ZONE_CLUSTER_91,138,61.19494784906712,P2_HIGH,71.71313513237355,26.845358888089997,654_3044,4,50.0,HIGH,67.49278932046721,STRONG,1
RISK_ZONE_CLUSTER_59,139,59.74686152239873,P3_MODERATE,71.06018867939609,148.4525426981563,640_3021,1,12.5,LOW,49.91937802729623,MODERATE,0
RISK_ZONE_CLUSTER_17,140,59.04878694630144,P3_MODERATE,70.31739704259564,20.148494414618,621_3024,2,25.0,MODERATE,55.7808184532412,STRONG,0
RISK_ZONE_CLUSTER_119,141,59.03721115290244,P3_MODERATE,70.40749681877406,8.793501221226295,667_3057,2,25.0,MODERATE,55.85751163361387,STRONG,0
RISK_ZONE_ISOLATED_215,142,58.993334941415725,P3_MODERATE,74.64071558108132,149.96152860146717,663_3051,2,25.0,MODERATE,56.79187123454888,STRONG,0
RISK_ZONE_CLUSTER_21,143,58.41975142826245,P3_MODERATE,70.52761105937387,43.00384850000186,621_3004,2,25.0,MODERATE,55.76411532554113,STRONG,0
RISK_ZONE_ISOLATED_174,144,57.765493791165575,P3_MODERATE,70.32646434384975,162.39085476800614,652_3069,3,37.5,MODERATE,60.860132106411314,STRONG,0
RISK_ZONE_CLUSTER_127,145,56.41080755014572,P3_MODERATE,69.61774196180099,5.260074436258208,670_3028,2,25.0,MODERATE,55.5951915003302,STRONG,0
RISK_ZONE_ISOLATED_77,146,55.81530994807062,P3_MODERATE,69.08829002596465,329.5074925663248,629_3003,3,37.5,MODERATE,59.81936138591142,STRONG,0
RISK_ZONE_CLUSTER_129,147,55.4285014278414,P3_MODERATE,69.23448264407148,205.72050597901423,674_3029,1,12.5,LOW,49.06670568658907,MODERATE,0
RISK_ZONE_ISOLATED_228,148,54.04819496329562,P3_MODERATE,73.59881740813044,37.09457849245012,671_3063,1,12.5,LOW,51.237300478432786,STRONG,0
RISK_ZONE_ISOLATED_170,149,53.642599739587766,P3_MODERATE,73.42176860609462,37.75315705409946,651_3007,2,25.0,MODERATE,56.79773807959384,STRONG,0
RISK_ZONE_CLUSTER_112,150,53.53995591205695,P3_MODERATE,68.42422029933039,15.75958900975463,663_3024,1,12.5,LOW,49.51063681615098,MODERATE,0
RISK_ZONE_ISOLATED_130,151,52.80107157170093,P3_MODERATE,73.05442810183098,48.87939978025139,640_3018,1,12.5,LOW,51.000425088801464,STRONG,0
RISK_ZONE_ISOLATED_181,152,52.71293056502296,P3_MODERATE,73.01595314273283,39.44515811263473,654_3047,1,12.5,LOW,51.02403796100203,STRONG,0
RISK_ZONE_ISOLATED_96,153,52.68723203019006,P3_MODERATE,73.00473532126874,16.97610252456039,633_3003,1,12.5,LOW,51.10898272267043,STRONG,0
RISK_ZONE_ISOLATED_53,154,52.542432387642535,P3_MODERATE,72.94152796144361,22.967673306182434,623_3025,1,12.5,LOW,51.063084174835026,STRONG,0
RISK_ZONE_ISOLATED_94,155,52.35885461426293,P3_MODERATE,67.55626557850934,304.92650588387176,633_3013,2,25.0,MODERATE,53.745095477204416,STRONG,0
RISK_ZONE_ISOLATED_232,156,51.93764554338868,P3_MODERATE,72.6775288312682,41.86244425474517,676_3015,1,12.5,LOW,50.896075644786436,STRONG,0
RISK_ZONE_ISOLATED_43,157,51.52920770422036,P3_MODERATE,72.49923918212052,20.89919423180444,620_3020,1,12.5,LOW,50.91648490342624,STRONG,0
RISK_ZONE_CLUSTER_128,158,51.19080679477543,P3_MODERATE,70.4610770396521,354.1549439931007,670_3029,3,37.5,MODERATE,60.21346065795238,STRONG,0
RISK_ZONE_ISOLATED_104,159,51.11667478434667,P3_MODERATE,68.14378347512901,247.29155997767705,635_3006,2,25.0,MODERATE,54.15777487574077,STRONG,0
RISK_ZONE_ISOLATED_203,160,50.89182850855194,P3_MODERATE,72.22101296928687,24.349759760514534,659_3057,1,12.5,LOW,50.805427530085844,STRONG,0
RISK_ZONE_ISOLATED_29,161,50.56050728008035,P3_MODERATE,72.07638595407285,22.729017917866624,618_3025,1,12.5,LOW,50.76123042864036,STRONG,0
RISK_ZONE_ISOLATED_75,162,50.41233109632247,P3_MODERATE,72.01170468000669,285.9156256243347,629_3017,2,25.0,MODERATE,55.37229493750485,STRONG,0
RISK_ZONE_CLUSTER_105,163,50.32859587598078,P3_MODERATE,66.9153241983456,558.1648061157777,660_3033,8,100.0,VERY_HIGH,86.41191346627743,VERY_STRONG,1
RISK_ZONE_ISOLATED_128,164,50.063390540565486,P3_MODERATE,71.85938654663786,33.48545074447693,639_3004,1,12.5,LOW,50.64273454121321,STRONG,0
RISK_ZONE_ISOLATED_140,165,49.84275051891443,P3_MODERATE,71.76307364838092,53.399598764658634,642_3005,1,12.5,LOW,50.5307344898611,STRONG,0
RISK_ZONE_CLUSTER_125,166,49.71820790283904,P3_MODERATE,68.57159533477147,17.135054459638646,668_3058,2,25.0,MODERATE,55.18175223518974,STRONG,0
RISK_ZONE_ISOLATED_42,167,49.68295517921133,P3_MODERATE,71.6933204269137,34.447758209973,620_3005,1,12.5,LOW,50.58081393939001,STRONG,0
RISK_ZONE_ISOLATED_166,168,49.62280739639953,P3_MODERATE,71.66706495774277,48.85121219148506,649_3033,1,12.5,LOW,50.514958566784784,STRONG,0
RISK_ZONE_ISOLATED_81,169,49.46523030569133,P3_MODERATE,71.59828003743938,43.4867385733487,629_3007,1,12.5,LOW,50.51195089139032,STRONG,0
RISK_ZONE_ISOLATED_176,170,48.81223261245419,P3_MODERATE,71.31323610062255,22.195424842341822,652_3032,3,37.5,MODERATE,61.74624330360187,STRONG,0
RISK_ZONE_ISOLATED_68,171,48.80782324230384,P3_MODERATE,71.31131134003066,60.51863957904931,628_3016,1,12.5,LOW,50.34477937541838,STRONG,0
RISK_ZONE_ISOLATED_201,172,48.75843524371578,P3_MODERATE,71.28975268875999,41.43762782086181,659_3031,1,12.5,LOW,50.41202530069829,STRONG,0
RISK_ZONE_CLUSTER_131,173,48.68510864786722,P3_MODERATE,67.83770301064888,236.701090482932,678_3030,1,12.5,LOW,48.46418764693411,MODERATE,0
RISK_ZONE_ISOLATED_120,174,48.683877882554974,P3_MODERATE,71.25720720818012,32.61966046614824,638_3007,1,12.5,LOW,50.43538959740121,STRONG,0
RISK_ZONE_ISOLATED_26,175,48.472998833086905,P3_MODERATE,71.16515513039316,37.84658427389031,617_3021,1,12.5,LOW,50.3825552412419,STRONG,0
RISK_ZONE_ISOLATED_45,176,48.174739386111405,P3_MODERATE,71.03496011157578,34.896749499085914,620_3022,1,12.5,LOW,50.348616515214985,STRONG,0
RISK_ZONE_ISOLATED_207,177,48.17251066221003,P3_MODERATE,71.03398723794774,43.90716937445523,660_3047,1,12.5,LOW,50.31279570194044,STRONG,0
RISK_ZONE_ISOLATED_171,178,48.00097460773443,P3_MODERATE,70.9591090067072,27.582071196894187,651_3016,1,12.5,LOW,50.3509651451194,STRONG,0
RISK_ZONE_ISOLATED_13,179,47.65025953198614,P3_MODERATE,70.80601626698139,397.85054745049223,613_3001,2,25.0,MODERATE,54.55799838367959,STRONG,0
RISK_ZONE_ISOLATED_65,180,47.60911744745581,P3_MODERATE,70.78805708907795,53.379489373597316,627_3016,1,12.5,LOW,50.18955744098672,STRONG,0
RISK_ZONE_ISOLATED_206,181,47.599843882631234,P3_MODERATE,70.78400902971526,55.50379541097493,660_3012,1,12.5,LOW,50.17982545793137,STRONG,0
RISK_ZONE_CLUSTER_123,182,47.526303090220125,P3_MODERATE,66.00288739531527,124.5465677872204,668_3015,1,12.5,LOW,48.23993219629297,MODERATE,0
RISK_ZONE_ISOLATED_225,183,47.36853272435364,P3_MODERATE,70.68303800965201,33.43484338776864,668_3030,1,12.5,LOW,50.23121230032334,STRONG,0
RISK_ZONE_ISOLATED_108,184,47.35100346656788,P3_MODERATE,70.67538620827433,49.54556478450702,636_3001,1,12.5,LOW,50.16514745546641,STRONG,0
RISK_ZONE_ISOLATED_229,185,47.28686227777713,P3_MODERATE,70.64738755352505,371.75549172928476,671_3028,2,25.0,MODERATE,54.592473904837,STRONG,0
RISK_ZONE_ISOLATED_211,186,47.03516603943375,P3_MODERATE,70.53751811998428,22.30783701696595,661_3013,1,12.5,LOW,50.22429633728792,STRONG,0
RISK_ZONE_ISOLATED_38,187,46.95405783944517,P3_MODERATE,70.50211309348525,453.500048443494,619_3015,2,25.0,MODERATE,54.26258731568014,STRONG,0
RISK_ZONE_ISOLATED_60,188,46.59987844032432,P3_MODERATE,70.34750812120066,14.814507489176268,625_3018,1,12.5,LOW,50.18754486949251,STRONG,0
RISK_ZONE_ISOLATED_219,189,46.5867280786885,P3_MODERATE,70.34176777802631,26.77237786346915,663_3008,1,12.5,LOW,50.138099565080736,STRONG,0
RISK_ZONE_ISOLATED_144,190,46.508920838297705,P3_MODERATE,70.3078036731856,21.27061817714302,643_3005,1,12.5,LOW,50.14800923100137,STRONG,0
RISK_ZONE_ISOLATED_122,191,46.44258676812416,P3_MODERATE,70.27884779064088,370.70645260972464,638_3011,2,25.0,MODERATE,54.46712115658924,STRONG,0
RISK_ZONE_ISOLATED_195,192,46.40521073961615,P3_MODERATE,70.26253255642361,287.39373331931967,658_3048,2,25.0,MODERATE,54.75479605188892,STRONG,0
RISK_ZONE_ISOLATED_204,193,46.24419540347751,P3_MODERATE,70.19224678700026,46.903158468873684,659_3028,1,12.5,LOW,50.00641731081322,STRONG,0
RISK_ZONE_ISOLATED_216,194,45.87447516054196,P3_MODERATE,70.03085798783806,51.75303816688282,663_3010,1,12.5,LOW,49.93090889358696,MODERATE,0
RISK_ZONE_ISOLATED_214,195,45.86486869982642,P3_MODERATE,70.0266646140948,14.361806034721004,662_3013,1,12.5,LOW,50.0770499273639,STRONG,0
RISK_ZONE_ISOLATED_208,196,45.86167619314986,P3_MODERATE,70.02527103387112,511.3813028755598,661_3009,3,37.5,MODERATE,59.52811659783967,STRONG,0
RISK_ZONE_ISOLATED_33,197,45.18138682647671,P3_MODERATE,69.72831384511008,18.821962015863257,618_3010,1,12.5,LOW,49.954904347851695,MODERATE,0
RISK_ZONE_ISOLATED_54,198,45.04583548429612,P3_MODERATE,69.66914351630781,48.33542492251282,623_3005,1,12.5,LOW,49.817709686383395,MODERATE,0
RISK_ZONE_ISOLATED_67,199,44.88257623552959,P3_MODERATE,69.59787824313437,56.9232947565677,628_3001,1,12.5,LOW,49.75912723603746,MODERATE,0
RISK_ZONE_ISOLATED_16,200,44.65674721528714,P3_MODERATE,69.49930026400203,46.204504831315674,615_3015,1,12.5,LOW,49.76662932020072,MODERATE,0
RISK_ZONE_ISOLATED_47,201,44.62773750258757,P3_MODERATE,64.21175368412374,309.5461299524125,621_3005,2,25.0,MODERATE,52.55811533166106,STRONG,0
RISK_ZONE_ISOLATED_165,202,44.46198896970992,P3_MODERATE,69.41428517494151,55.68503150335761,649_3032,1,12.5,LOW,49.69971302059139,MODERATE,0
RISK_ZONE_ISOLATED_12,203,43.619187769024975,P3_MODERATE,69.04638897150124,8.48577566169397,613_3004,1,12.5,LOW,49.75735054648764,MODERATE,0
RISK_ZONE_ISOLATED_66,204,43.61705155007477,P3_MODERATE,69.04545647776386,31.444492305623566,627_3008,1,12.5,LOW,49.665917859411515,MODERATE,0
RISK_ZONE_ISOLATED_220,205,43.59948368713562,P3_MODERATE,69.0377878246193,6.281714566337802,663_3027,1,12.5,LOW,49.76313040869131,MODERATE,0
RISK_ZONE_ISOLATED_34,206,43.39075537215373,P3_MODERATE,68.94667457683333,407.1678000809228,619_3015,2,25.0,MODERATE,53.87530627209859,STRONG,0
RISK_ZONE_ISOLATED_160,207,43.38156716626027,P3_MODERATE,68.94266377800926,36.0232132405512,647_3046,1,12.5,LOW,49.611870180945985,MODERATE,0
RISK_ZONE_ISOLATED_36,208,43.07138058901828,P3_MODERATE,68.80726237607401,23.723659426756573,619_3008,1,12.5,LOW,49.61309531730683,MODERATE,0
RISK_ZONE_ISOLATED_141,209,42.88721368167912,P3_MODERATE,68.72687057554697,43.035573347791555,642_3003,1,12.5,LOW,49.508731412618204,MODERATE,0
RISK_ZONE_ISOLATED_14,210,42.58592727462172,P3_MODERATE,68.59535424024216,65.47120375995159,614_3015,1,12.5,LOW,49.374874029682275,MODERATE,0
RISK_ZONE_ISOLATED_18,211,42.56067876567848,P3_MODERATE,68.5843328622764,45.521373663377645,616_3015,1,12.5,LOW,49.449073807010066,MODERATE,0
RISK_ZONE_ISOLATED_193,212,42.41320417628816,P3_MODERATE,68.51995784537263,3.1382831058638816,658_3009,1,12.5,LOW,49.594439987571405,MODERATE,0
RISK_ZONE_ISOLATED_19,213,42.24640976379912,P3_MODERATE,68.44714941669467,44.50961756640081,616_3004,1,12.5,LOW,49.405034726383434,MODERATE,0
RISK_ZONE_ISOLATED_177,214,42.20928157789251,P3_MODERATE,68.43094236973678,409.72635997045825,652_3068,2,25.0,MODERATE,53.68605317452104,STRONG,0
RISK_ZONE_ISOLATED_111,215,42.05296539351697,P3_MODERATE,68.36270785521391,267.69166671102494,637_3005,2,25.0,MODERATE,54.16059491909871,STRONG,0
RISK_ZONE_ISOLATED_235,216,41.877153465532686,P3_MODERATE,68.28596313680065,47.272480946301194,677_3029,1,12.5,LOW,49.337768180089455,MODERATE,0
RISK_ZONE_ISOLATED_7,217,41.55550660852708,P3_MODERATE,68.14555913945858,12.40916961750972,607_3017,1,12.5,LOW,49.42643190535275,MODERATE,0
RISK_ZONE_ISOLATED_179,218,41.39636021446762,P3_MODERATE,68.07608919314372,53.97878805201687,653_3066,1,12.5,LOW,49.23802213724711,MODERATE,0
RISK_ZONE_ISOLATED_52,219,41.1401853132528,P3_MODERATE,67.96426475163008,33.401316618771034,622_3012,1,12.5,LOW,49.27977399226441,MODERATE,0
RISK_ZONE_ISOLATED_234,220,40.73960204450863,P3_MODERATE,67.78940374809461,27.254927081786356,677_3028,1,12.5,LOW,49.242862646578985,MODERATE,0
RISK_ZONE_ISOLATED_118,221,40.68723775615,P3_MODERATE,67.7665458987378,478.2442395684073,637_3008,3,37.5,MODERATE,58.84731473106754,STRONG,0
RISK_ZONE_CLUSTER_122,222,40.59264526843664,P3_MODERATE,63.053493352074014,89.33312602586172,667_3016,1,12.5,LOW,47.342662430896596,MODERATE,0
RISK_ZONE_ISOLATED_161,223,40.38928122929445,P3_MODERATE,67.63648310939755,338.8553204791217,648_3004,2,25.0,MODERATE,53.653375931372835,STRONG,0
RISK_ZONE_ISOLATED_21,224,40.229329640471526,P3_MODERATE,67.56666168269055,43.864760262082335,616_3014,1,12.5,LOW,49.09939845493831,MODERATE,0
RISK_ZONE_ISOLATED_37,225,39.81590748731214,P3_MODERATE,67.38619630076913,53.432470384243125,619_3011,1,12.5,LOW,48.99869869672595,MODERATE,0
RISK_ZONE_ISOLATED_156,226,39.63942942363828,P3_MODERATE,67.30916080347352,11.63428991978411,645_3004,1,12.5,LOW,49.136777155518416,MODERATE,0
RISK_ZONE_ISOLATED_69,227,39.36300748347175,P3_MODERATE,67.18849820563644,68.92920846201667,628_3019,1,12.5,LOW,48.8690068394732,MODERATE,0
RISK_ZONE_ISOLATED_8,228,39.26259840222264,P3_MODERATE,67.14466803577852,27.639043419304027,608_3019,1,12.5,LOW,49.015685412565325,MODERATE,0
RISK_ZONE_ISOLATED_100,229,38.62742984439764,P3_MODERATE,66.86740680171937,30.229197567658712,634_2998,1,12.5,LOW,48.90840224062853,MODERATE,0
RISK_ZONE_ISOLATED_189,230,38.45133282109843,P3_MODERATE,66.79053763464147,321.57541253031565,658_3048,2,25.0,MODERATE,53.4181159445352,STRONG,0
RISK_ZONE_CLUSTER_90,231,38.11900362604213,P3_MODERATE,64.23848539665852,45.18865411508528,654_3016,2,25.0,MODERATE,53.5543342520363,STRONG,0
RISK_ZONE_ISOLATED_124,232,38.027445552605926,P3_MODERATE,66.60550406250331,999.0466350858981,639_2998,3,37.5,MODERATE,56.8562417452714,STRONG,0
RISK_ZONE_ISOLATED_30,233,37.91614330857189,P3_MODERATE,66.55691885286998,48.44515084239093,618_3015,1,12.5,LOW,48.7280005242137,MODERATE,0
RISK_ZONE_ISOLATED_125,234,37.37118717049833,P3_MODERATE,60.90147344842202,282.08791583394344,639_3005,2,25.0,MODERATE,51.49742323923873,STRONG,0
RISK_ZONE_CLUSTER_58,235,37.3143978488666,P3_MODERATE,64.29686855681575,207.8341921849499,640_2997,1,12.5,LOW,47.33074420517165,MODERATE,0
RISK_ZONE_ISOLATED_169,236,37.181073624933646,P3_MODERATE,66.23604917962466,60.20156088916544,650_3038,2,25.0,MODERATE,54.1946758575105,STRONG,0
RISK_ZONE_ISOLATED_223,237,36.99646134377219,P3_MODERATE,66.1554629663011,17.818302046914493,666_3057,1,12.5,LOW,48.70839192159556,MODERATE,0
RISK_ZONE_ISOLATED_17,238,36.83955418723976,P3_MODERATE,66.08697048298004,46.322137288205035,615_3016,1,12.5,LOW,48.57185195494952,MODERATE,0
RISK_ZONE_ISOLATED_51,239,36.75674381419813,P3_MODERATE,66.05082243071963,42.69656463811824,622_3000,1,12.5,LOW,48.57344764123965,MODERATE,0
RISK_ZONE_ISOLATED_185,240,36.58858488250869,P3_MODERATE,65.97741836758726,447.98482275620347,657_3045,2,25.0,MODERATE,52.697507328902645,STRONG,0
RISK_ZONE_ISOLATED_87,241,36.440367297051566,P3_MODERATE,65.91271902101722,30.105301353941776,630_3010,1,12.5,LOW,48.57475117575443,MODERATE,0
RISK_ZONE_ISOLATED_80,242,36.1323372660067,P3_MODERATE,65.77825898598773,57.51878203842732,629_3001,1,12.5,LOW,48.419932144129966,MODERATE,0
RISK_ZONE_ISOLATED_200,243,35.9850269271817,P3_MODERATE,65.71395566708267,473.64059280870583,659_3035,2,25.0,MODERATE,52.51926083445464,STRONG,0
RISK_ZONE_ISOLATED_46,244,35.976344650879255,P3_MODERATE,65.71016571461666,27.319186550479508,620_3012,2,25.0,MODERATE,54.139875079709405,STRONG,0
RISK_ZONE_ISOLATED_199,245,35.85433827367626,P3_MODERATE,65.65690797965853,448.9647099319689,659_3035,2,25.0,MODERATE,52.582027840084024,STRONG,0
RISK_ZONE_ISOLATED_164,246,35.782383981756794,P3_MODERATE,65.62549878043468,48.40745437195186,649_3034,1,12.5,LOW,48.40215140583368,MODERATE,0
RISK_ZONE_ISOLATED_102,247,35.61079560732014,P3_MODERATE,65.55059771069436,18.553999096109713,635_3005,1,12.5,LOW,48.49376758488592,MODERATE,0
RISK_ZONE_ISOLATED_129,248,35.4715807520544,P3_MODERATE,65.48982819983803,42.77880462433495,640_3001,1,12.5,LOW,48.37677625279197,MODERATE,0
RISK_ZONE_ISOLATED_210,249,35.401065806284585,P3_MODERATE,65.4590472982287,42.22930423485804,661_3047,1,12.5,LOW,48.3681640403655,MODERATE,0
RISK_ZONE_ISOLATED_132,250,35.30407784882316,P3_MODERATE,65.41671050361985,16.00345325784712,640_3020,1,12.5,LOW,48.45703909795634,MODERATE,0
RISK_ZONE_ISOLATED_167,251,35.19447922552223,P3_MODERATE,65.36886895168338,43.85657141017664,650_3037,1,12.5,LOW,48.330203187297954,MODERATE,0
RISK_ZONE_ISOLATED_85,252,35.130258668202245,P3_MODERATE,65.3408356513017,484.4368547001834,630_3004,3,37.5,MODERATE,57.97770506876692,STRONG,0
RISK_ZONE_ISOLATED_163,253,35.11277988490153,P3_MODERATE,65.33320588284401,25.63236893060829,649_3022,1,12.5,LOW,48.38961551713583,MODERATE,0
RISK_ZONE_ISOLATED_32,254,34.94089561128649,P4_LOW,65.25817564837986,57.03264942102142,618_3020,1,12.5,LOW,48.23980371065058,MODERATE,0
RISK_ZONE_ISOLATED_194,255,34.83755384756079,P4_LOW,65.21306531571706,573.122842858559,658_3008,4,50.0,HIGH,63.267834263421726,STRONG,1
RISK_ZONE_ISOLATED_138,256,34.74815588116126,P4_LOW,65.17404167359726,22.161458748247135,642_3018,1,12.5,LOW,48.3476599211877,MODERATE,0
RISK_ZONE_ISOLATED_157,257,34.42993753724923,P4_LOW,65.03513427705447,45.10260279761256,647_3009,1,12.5,LOW,48.20849943288147,MODERATE,0
RISK_ZONE_ISOLATED_25,258,33.98997145747309,P4_LOW,64.84308204663454,424.132661356434,617_3003,2,25.0,MODERATE,52.381205972655195,STRONG,0
RISK_ZONE_ISOLATED_116,259,33.912038050508194,P4_LOW,64.80906286806639,40.447234556820376,637_3020,1,12.5,LOW,48.14768134625016,MODERATE,0
RISK_ZONE_ISOLATED_209,260,33.86232855897918,P4_LOW,64.78736387998521,40.61387593872791,660_3014,2,25.0,MODERATE,53.7644308114101,STRONG,0
RISK_ZONE_ISOLATED_11,261,33.70618071744476,P4_LOW,64.71920284980487,45.08749119896222,611_3002,1,12.5,LOW,48.097982803980685,MODERATE,0
RISK_ZONE_ISOLATED_109,262,33.64536521856762,P4_LOW,64.6926559118923,63.33334654368375,636_3004,1,12.5,LOW,48.01726493567273,MODERATE,0
RISK_ZONE_ISOLATED_227,263,33.62801484381562,P4_LOW,64.68508219581983,55.22700015977873,670_3062,1,12.5,LOW,48.04628412860076,MODERATE,0
RISK_ZONE_ISOLATED_6,264,33.51517108249618,P4_LOW,64.63582408923716,47.8479731061775,607_3019,1,12.5,LOW,48.05796072064781,MODERATE,0
RISK_ZONE_ISOLATED_89,265,33.48232528311974,P4_LOW,64.62148637249004,314.9729073877865,631_3013,2,25.0,MODERATE,52.68229158339205,STRONG,0
RISK_ZONE_ISOLATED_155,266,33.47712066500207,P4_LOW,64.61921447344162,20.62012126945226,644_3006,1,12.5,LOW,48.15958333511596,MODERATE,0
RISK_ZONE_ISOLATED_119,267,33.05243060067536,P4_LOW,64.43383046808232,42.57942616799077,637_3009,1,12.5,LOW,48.007961117987534,MODERATE,0
RISK_ZONE_ISOLATED_106,268,33.014967662343224,P4_LOW,59.94214374005176,292.0575581792849,635_3006,2,25.0,MODERATE,51.12599225284245,STRONG,0
RISK_ZONE_ISOLATED_133,269,32.72545178902449,P4_LOW,64.29109898726098,22.32757218558307,641_3016,1,12.5,LOW,48.03797140017982,MODERATE,0
RISK_ZONE_ISOLATED_134,270,32.677739092729695,P4_LOW,64.27027163223528,38.16010228797242,641_3020,1,12.5,LOW,47.96811079323948,MODERATE,0
RISK_ZONE_ISOLATED_98,271,32.47278581526295,P4_LOW,64.18080624870073,35.677014781701416,634_3006,1,12.5,LOW,47.946585193068174,MODERATE,0
RISK_ZONE_ISOLATED_178,272,32.42313280888638,P4_LOW,64.15913191729199,25.34458541530647,653_3018,1,12.5,LOW,47.97982911612878,MODERATE,0
RISK_ZONE_ISOLATED_83,273,32.35581557208525,P4_LOW,64.12974686679004,34.00334701069137,630_3029,1,12.5,LOW,47.935316749413346,MODERATE,0
RISK_ZONE_ISOLATED_23,274,32.25231673014184,P4_LOW,64.08456796697298,445.22301759304247,616_3002,2,25.0,MODERATE,52.04431951280917,STRONG,0
RISK_ZONE_ISOLATED_158,275,32.033426843512075,P4_LOW,63.98901903064362,32.33439817855509,647_3023,1,12.5,LOW,47.89265010444292,MODERATE,0
RISK_ZONE_ISOLATED_86,276,31.87855862944376,P4_LOW,63.92141657831796,14.880874987569706,630_3007,1,12.5,LOW,47.93814892914141,MODERATE,0
RISK_ZONE_ISOLATED_35,277,31.666542930252557,P4_LOW,63.828868334747845,39.75010431124997,619_3024,1,12.5,LOW,47.80735758653616,MODERATE,0
RISK_ZONE_ISOLATED_192,278,31.60047950014541,P4_LOW,63.800030590920585,10.270562812977806,658_3035,2,25.0,MODERATE,53.53901267015247,STRONG,0
RISK_ZONE_ISOLATED_121,279,31.55828180183186,P4_LOW,63.78161062071782,19.925117135909534,638_3015,1,12.5,LOW,47.86917959628938,MODERATE,0
RISK_ZONE_ISOLATED_147,280,31.48160011146154,P4_LOW,63.74813783646253,40.32776412528965,643_3027,1,12.5,LOW,47.77682783927811,MODERATE,0
RISK_ZONE_ISOLATED_191,281,31.32878721829882,P4_LOW,63.68143256458395,34.44356218365553,658_3026,1,12.5,LOW,47.776669742792,MODERATE,0
RISK_ZONE_ISOLATED_154,282,31.272285339282853,P4_LOW,63.65676859073066,21.376339054861898,644_2998,1,12.5,LOW,47.81972765262697,MODERATE,0
RISK_ZONE_ISOLATED_61,283,31.13387916700527,P4_LOW,63.59635208293233,34.89202392119644,625_3009,1,12.5,LOW,47.74512234640392,MODERATE,0
RISK_ZONE_ISOLATED_135,284,31.095590672230948,P4_LOW,63.579638542596285,22.32014356501562,641_3013,1,12.5,LOW,47.78898969545918,MODERATE,0
RISK_ZONE_ISOLATED_148,285,30.8196962840613,P4_LOW,63.45920622964324,28.43328291898246,643_3023,1,12.5,LOW,47.7226321528488,MODERATE,0
RISK_ZONE_ISOLATED_115,286,30.411611484232846,P4_LOW,63.28107068781374,520.7854975580337,637_3010,3,37.5,MODERATE,57.13673923284055,STRONG,0
RISK_ZONE_ISOLATED_9,287,30.37771794962806,P4_LOW,63.26627561788249,30.036042415634707,609_3004,1,12.5,LOW,47.64876971797176,MODERATE,0
RISK_ZONE_ISOLATED_39,288,30.184611077603197,P4_LOW,63.181981379788816,33.8792530448961,620_3002,1,12.5,LOW,47.604088533773194,MODERATE,0
RISK_ZONE_ISOLATED_198,289,29.94517243261168,P4_LOW,63.07746258178797,37.22064542347718,659_3011,1,12.5,LOW,47.55432943371436,MODERATE,0
RISK_ZONE_ISOLATED_107,290,29.77945350596244,P4_LOW,63.00512361987987,28.39430623387775,636_3016,1,12.5,LOW,47.563857389202,MODERATE,0
RISK_ZONE_ISOLATED_103,291,29.5731146879388,P4_LOW,62.915053425732594,18.935792949752567,635_3021,1,12.5,LOW,47.56981129635801,MODERATE,0
RISK_ZONE_ISOLATED_230,292,29.52989077025124,P4_LOW,62.89618549436023,46.53126919715441,675_3028,1,12.5,LOW,47.454256002462486,MODERATE,0
RISK_ZONE_ISOLATED_62,293,29.503013259142808,P4_LOW,62.88445303089592,31.8283138284888,625_3014,1,12.5,LOW,47.508050612436165,MODERATE,0
RISK_ZONE_ISOLATED_151,294,29.064048038649133,P4_LOW,62.69283769156003,27.669323414809085,644_3028,1,12.5,LOW,47.45742500086268,MODERATE,0
RISK_ZONE_ISOLATED_233,295,28.837619508463707,P4_LOW,62.59399801674932,41.99800614381911,676_3028,1,12.5,LOW,47.36630659363729,MODERATE,0
RISK_ZONE_ISOLATED_136,296,28.68527491563908,P4_LOW,62.52749716545807,23.705429384297076,642_2997,1,12.5,LOW,47.41524972694376,MODERATE,0
RISK_ZONE_ISOLATED_78,297,28.449801378838576,P4_LOW,62.42470920059856,29.58925238340024,629_3004,1,12.5,LOW,47.3559875091708,MODERATE,0
RISK_ZONE_ISOLATED_90,298,28.380615461784224,P4_LOW,62.39450844127935,318.43732805203,631_3013,2,25.0,MODERATE,51.89059339870266,STRONG,0
RISK_ZONE_ISOLATED_105,299,28.23124749452892,P4_LOW,62.329306934655776,470.0517186854055,635_3002,3,37.5,MODERATE,56.971620226388865,STRONG,0
RISK_ZONE_ISOLATED_236,300,27.994010823382887,P4_LOW,62.22574933345575,20.35458706478471,678_3018,1,12.5,LOW,47.32292402199776,MODERATE,0
RISK_ZONE_ISOLATED_72,301,27.78966263514666,P4_LOW,62.13654808104782,18.382955032693605,628_3004,1,12.5,LOW,47.29952936435227,MODERATE,0
RISK_ZONE_ISOLATED_22,302,27.700721249597937,P4_LOW,62.09772374377172,49.08227201638536,616_3020,1,12.5,LOW,47.1647827428898,MODERATE,0
RISK_ZONE_ISOLATED_139,303,27.56989035380216,P4_LOW,62.04061396531289,55.6267026707487,642_2996,1,12.5,LOW,47.11915630386096,MODERATE,0
RISK_ZONE_ISOLATED_92,304,27.457828249545692,P4_LOW,61.99169706453964,43.368455543722085,632_3009,1,12.5,LOW,47.15011187004767,MODERATE,0
RISK_ZONE_ISOLATED_240,305,26.899524258532807,P4_LOW,61.74798844322745,23985.78891976252,681_3027,1,12.5,LOW,30.686762429280666,MODERATE,0
RISK_ZONE_ISOLATED_101,306,26.65267935873264,P4_LOW,61.64023669655069,30.644000320490495,635_2999,1,12.5,LOW,47.07725351013869,MODERATE,0
RISK_ZONE_ISOLATED_55,307,26.00180665083055,P4_LOW,61.35612034981855,30.13860620179724,623_3012,1,12.5,LOW,46.97981001218554,MODERATE,0
RISK_ZONE_ISOLATED_10,308,25.63171390957129,P4_LOW,61.19456894918051,31.55283226915461,610_3014,2,25.0,MODERATE,52.54267927348966,STRONG,0
RISK_ZONE_ISOLATED_168,309,25.61434193531249,P4_LOW,61.186985804577866,993.3446264051964,649_3005,5,62.5,HIGH,66.22561937639541,STRONG,1
RISK_ZONE_ISOLATED_63,310,25.269308182638586,P4_LOW,61.036373053238265,44.44553385931234,626_3015,1,12.5,LOW,46.811514833679034,MODERATE,0
RISK_ZONE_ISOLATED_20,311,24.86045849516615,P4_LOW,60.85790362571893,359.447683143589,616_3002,2,25.0,MODERATE,51.20890535125588,STRONG,0
RISK_ZONE_ISOLATED_212,312,24.735325537050212,P4_LOW,60.80328108818732,33.712658223686354,662_3020,1,12.5,LOW,46.7722008931455,MODERATE,0
RISK_ZONE_ISOLATED_182,313,23.57089010686715,P4_LOW,60.29498639951397,35.814471223597444,655_3032,1,12.5,LOW,46.58600619814853,MODERATE,0
RISK_ZONE_ISOLATED_162,314,23.556929123065803,P4_LOW,60.28889220679968,43.95093440541954,648_3008,1,12.5,LOW,46.551840416935676,MODERATE,0
RISK_ZONE_ISOLATED_74,315,23.338863619930976,P4_LOW,60.19370312705063,2076.577500613071,630_3010,1,12.5,LOW,40.823920920181365,MODERATE,0
RISK_ZONE_ISOLATED_197,316,23.317767571813214,P4_LOW,60.18449436464758,48.528779752871756,659_3014,1,12.5,LOW,46.49732383238586,MODERATE,0
RISK_ZONE_ISOLATED_205,317,23.220712276580908,P4_LOW,54.9517768424369,41.60415171531403,660_3055,1,12.5,LOW,44.69307858536912,MODERATE,0
RISK_ZONE_ISOLATED_64,318,22.79020532123188,P4_LOW,59.95420500470179,39.54518869079702,626_3004,1,12.5,LOW,46.45203223742303,MODERATE,0
RISK_ZONE_ISOLATED_173,319,22.751757120957773,P4_LOW,59.93742175036084,41.77743407363394,651_3043,1,12.5,LOW,46.43737258957672,MODERATE,0
RISK_ZONE_ISOLATED_238,320,22.47926382881267,P4_LOW,59.818474070217945,13711.917613019965,682_3027,1,12.5,LOW,31.90565362719949,MODERATE,0
RISK_ZONE_ISOLATED_110,321,22.428409559758,P4_LOW,59.79627536843781,49.14513151383683,636_2998,1,12.5,LOW,46.359029241314026,MODERATE,0
RISK_ZONE_ISOLATED_4,322,22.17475755943028,P4_LOW,59.68555221351141,27.854797091590658,606_3019,1,12.5,LOW,46.40414135933675,MODERATE,0
RISK_ZONE_ISOLATED_150,323,22.037882864992746,P4_LOW,59.62580422028395,56.96923881564384,643_3006,1,12.5,LOW,46.26872166750684,MODERATE,0
RISK_ZONE_ISOLATED_186,324,21.612836286043574,P4_LOW,59.44026459059004,32.241667525080295,657_3019,1,12.5,LOW,46.30095222850032,MODERATE,0
RISK_ZONE_ISOLATED_113,325,21.004909345601547,P4_LOW,59.174894758207365,489.29634151223155,637_3001,3,37.5,MODERATE,55.80348433795629,STRONG,0
RISK_ZONE_ISOLATED_57,326,19.611451672644904,P4_LOW,58.56662819769603,57.47667146889485,624_3017,1,12.5,LOW,45.896026002300886,MODERATE,0
RISK_ZONE_ISOLATED_40,327,19.54758275727541,P4_LOW,58.53874839464973,1772.4366851440423,621_3018,2,25.0,MODERATE,46.504296141203696,MODERATE,0
RISK_ZONE_ISOLATED_15,328,19.194817330040607,P4_LOW,58.38476064370776,390.8604569424181,615_3005,2,25.0,MODERATE,50.23458062184247,STRONG,0
RISK_ZONE_ISOLATED_27,329,19.095336159888102,P4_LOW,58.34133552188406,382.2075072413681,617_3003,2,25.0,MODERATE,50.24920443935366,STRONG,0
RISK_ZONE_ISOLATED_59,330,18.99535167418305,P4_LOW,58.2976906947719,782.0093998005228,625_3018,1,12.5,LOW,43.324217241304076,MODERATE,0
RISK_ZONE_ISOLATED_93,331,18.743736317876163,P4_LOW,58.18785656753366,47.7931421650968,632_2999,1,12.5,LOW,45.8013872759697,MODERATE,0
RISK_ZONE_ISOLATED_231,332,18.702055092666715,P4_LOW,58.169662046101045,49.74100211250219,676_3029,1,12.5,LOW,45.78737754466719,MODERATE,0
RISK_ZONE_ISOLATED_31,333,18.414324340691408,P4_LOW,58.044062971041946,391.3765433094514,618_3007,2,25.0,MODERATE,50.11356075670078,STRONG,0
RISK_ZONE_ISOLATED_28,334,18.02774791878205,P4_LOW,57.875316180168376,14475.042341385357,614_3000,2,25.0,MODERATE,36.641137689319635,MODERATE,0
RISK_ZONE_ISOLATED_224,335,17.407051705267452,P4_LOW,57.60437235586416,31.37473888222121,667_3015,1,12.5,LOW,45.661813957712354,MODERATE,0
RISK_ZONE_ISOLATED_187,336,16.93995650714175,P4_LOW,57.40047783139508,44.3439020734962,657_3062,1,12.5,LOW,45.539350909134825,MODERATE,0
RISK_ZONE_ISOLATED_0,337,16.937362157709934,P4_LOW,57.39934535637536,22301.942119748375,608_3003,2,25.0,MODERATE,35.002513970493304,MODERATE,0
RISK_ZONE_ISOLATED_152,338,16.86240469894346,P4_LOW,57.366625226791655,47.060743068669964,644_2997,1,12.5,LOW,45.51683110725762,MODERATE,0
RISK_ZONE_ISOLATED_99,339,16.56279370684762,P4_LOW,57.23584023691332,2074.2903340271137,634_3031,2,25.0,MODERATE,45.41823759821167,MODERATE,0
RISK_ZONE_ISOLATED_58,340,16.349398548315015,P4_LOW,57.1426898372783,1079.2204707668402,624_3017,1,12.5,LOW,42.07441888524089,MODERATE,0
RISK_ZONE_ISOLATED_97,341,16.18252010585414,P4_LOW,57.0698447281737,1158.2932556216276,632_2999,1,12.5,LOW,41.83771100682573,MODERATE,0
RISK_ZONE_ISOLATED_218,342,15.62176866235822,P4_LOW,56.82506775470933,63.99533479120628,663_3052,1,12.5,LOW,45.26102729334674,MODERATE,0
RISK_ZONE_ISOLATED_172,343,15.414886014608296,P4_LOW,56.73476017018879,38.465782683649536,651_3042,1,12.5,LOW,45.32947758516639,MODERATE,0
RISK_ZONE_ISOLATED_175,344,15.280709099169457,P4_LOW,56.6761898006412,2278.7949261698277,652_3044,2,25.0,MODERATE,44.8252043357869,MODERATE,0
RISK_ZONE_ISOLATED_2,345,14.987214228849949,P4_LOW,56.54807459573642,43.772145383742405,606_3016,1,12.5,LOW,45.24325702520249,MODERATE,0
RISK_ZONE_ISOLATED_190,346,14.707849744476007,P4_LOW,56.426127530291225,49.24675678710997,658_3018,1,12.5,LOW,45.17907887962194,MODERATE,0
RISK_ZONE_ISOLATED_50,347,14.2657342748103,P4_LOW,56.23313705680823,24.596237671460987,622_3015,1,12.5,LOW,45.20869462996055,MODERATE,0
RISK_ZONE_ISOLATED_237,348,14.189972263499373,P4_LOW,56.20006572717126,48.87878356840873,681_3022,1,12.5,LOW,45.1014006750237,MODERATE,0
RISK_ZONE_ISOLATED_76,349,13.970713373804422,P4_LOW,56.10435571510229,54.30953791410419,629_3029,1,12.5,LOW,45.046620614773005,MODERATE,0
RISK_ZONE_ISOLATED_153,350,13.323987278166722,P4_LOW,55.8220494309424,54.60495290320294,644_3015,1,12.5,LOW,44.94665708084433,MODERATE,0
RISK_ZONE_ISOLATED_88,351,13.197958186022849,P4_LOW,55.76703571657527,33.118434420415994,631_3008,1,12.5,LOW,45.01186045387185,MODERATE,0
RISK_ZONE_ISOLATED_79,352,12.663448115621527,P4_LOW,55.53371352215811,297.2139531313462,629_3017,2,25.0,MODERATE,49.564647764716916,MODERATE,0
RISK_ZONE_ISOLATED_137,353,12.405472531876075,P4_LOW,55.42110305392063,48.838737948190065,642_2999,1,12.5,LOW,44.82892083663532,MODERATE,0
RISK_ZONE_ISOLATED_3,354,11.62945663899242,P4_LOW,55.08235970546647,32588.901469921046,612_3000,3,37.5,MODERATE,38.81418563315138,MODERATE,0
RISK_ZONE_ISOLATED_1,355,11.598725456619428,P4_LOW,55.06894505286149,30718.209475550375,612_3000,3,37.5,MODERATE,38.94882317941175,MODERATE,0
RISK_ZONE_ISOLATED_127,356,10.766643823538166,P4_LOW,54.70572811212364,1173.7538698545493,640_3015,2,25.0,MODERATE,46.594605538598,MODERATE,0
RISK_ZONE_ISOLATED_188,357,9.832698446636831,P4_LOW,54.298046018050506,31.62882290629477,658_3060,1,12.5,LOW,44.503596089919384,MODERATE,0
RISK_ZONE_ISOLATED_84,358,9.263821426586055,P4_LOW,54.04972210046353,16861.460429273517,634_2998,1,12.5,LOW,29.116662552959923,MODERATE,0
RISK_ZONE_ISOLATED_91,359,9.171506207993966,P4_LOW,54.009425031104605,906.6422475212433,633_3004,3,37.5,MODERATE,52.7083913260772,STRONG,0
RISK_ZONE_ISOLATED_221,360,8.861692792274596,P4_LOW,53.87418652014213,41.19614920425391,664_3015,1,12.5,LOW,44.317527288426916,MODERATE,0
RISK_ZONE_ISOLATED_5,361,8.310494590288156,P4_LOW,53.63357968938642,30175.890475490345,612_3000,3,37.5,MODERATE,38.48960913879595,MODERATE,0
RISK_ZONE_ISOLATED_184,362,8.30939014995795,P4_LOW,53.63309758351842,21.763752441015498,656_3044,1,12.5,LOW,44.30990643096963,MODERATE,0
RISK_ZONE_ISOLATED_70,363,7.87668916304615,P4_LOW,53.44421668232804,20053.756778680305,634_2998,1,12.5,LOW,28.321893209206777,MODERATE,0
RISK_ZONE_ISOLATED_239,364,7.766243173821742,P4_LOW,53.39600524161362,28020.67445941775,676_3015,1,12.5,LOW,27.342007572397275,MODERATE,0
RISK_ZONE_ISOLATED_217,365,7.723645928172058,P4_LOW,53.37741086260847,61.218845425731566,663_3050,1,12.5,LOW,44.06518035262175,MODERATE,0
RISK_ZONE_ISOLATED_159,366,7.043813536550284,P4_LOW,53.08065315076598,1395.2747826977509,647_3023,1,12.5,LOW,39.839773301448965,MODERATE,0
RISK_ZONE_ISOLATED_183,367,5.789381401319119,P4_LOW,52.5330734609768,21.40716145407492,656_3034,2,25.0,MODERATE,49.55131211583661,MODERATE,0
RISK_ZONE_ISOLATED_73,368,4.445843552025463,P4_LOW,51.94659770188708,720.6105705234099,628_3004,1,12.5,LOW,41.28696073926842,MODERATE,0
RISK_ZONE_ISOLATED_71,369,3.9351708297431274,P4_LOW,51.72368089116648,370.995988634957,628_3015,2,25.0,MODERATE,47.97180901302223,MODERATE,0
RISK_ZONE_ISOLATED_123,370,3.05356240982424,P4_LOW,51.33884471586733,40.53742164401664,638_3005,1,12.5,LOW,43.43275001742742,MODERATE,0
RISK_ZONE_ISOLATED_196,371,2.429618535800953,P4_LOW,51.066483235809606,2137.6021179251798,660_3024,1,12.5,LOW,37.50857656461377,MODERATE,0
RISK_ZONE_ISOLATED_126,372,2.1918418825871098,P4_LOW,50.96268992380078,43.058384168444846,639_2997,1,12.5,LOW,43.29117849226459,MODERATE,0
RISK_ZONE_ISOLATED_49,373,0.2822219314890007,P4_LOW,50.12911027363913,6477.632373608312,622_3000,1,12.5,LOW,31.882786869084853,MODERATE,0
RISK_ZONE_ISOLATED_56,374,0.0,P4_LOW,50.00591588682762,612.5175644996702,623_3025,1,12.5,LOW,40.944386738163544,MODERATE,0
