cell_id,label,risk_probability,factor_1,factor_1_contribution,factor_1_value,factor_2,factor_2_contribution,factor_2_value,factor_3,factor_3_contribution,factor_3_value,factor_4,factor_4_contribution,factor_4_value,factor_5,factor_5_contribution,factor_5_value
15_652,0,0.2646531801531802,road_distance_m,-0.3590821900321898,139.21538304215306,elevation_m,0.08117112332112325,1600.0,amenity_distance_m,-0.06794444444444425,14676.042839201504,aspect_cos,-0.03695952380952372,-0.8898176499294751,settlement_distance_m,-0.033331651922956285,652.4604277096703
83_532,0,0.09999597500547575,road_distance_m,-0.3641965609553842,272.12710023981214,near_road_250m,-0.11629187407354982,0.0,road_density_500m_km_per_km2,0.0321047619047619,25.4083305303434,amenity_distance_m,-0.018737739596219882,15518.949101494563,elevation_m,0.014596615312791786,2095.0
126_1544,0,0.019135301528625782,road_distance_m,-0.09623838383838385,739.9440316964602,near_road_250m,-0.01493893003691013,0.0,elevation_std_m,-0.013172943722943718,0.566557765007019,slope_deg,-0.011733333333333328,0.9704723954200744,road_density_500m_km_per_km2,-0.011699050949050951,0.0
138_675,0,0.06296703646036071,road_distance_m,-0.4627103896103898,480.31587698586895,near_road_250m,-0.14096789690692563,0.0,aspect_sin,0.01654307359307359,0.86450716107257,road_density_500m_km_per_km2,0.009801443001442998,16.10952688482105,amenity_distance_m,-0.003828571428571431,3062.078484709255
142_942,0,0.004199118784815916,road_distance_m,-0.216107899915527,4870.697170428733,near_road_250m,-0.05572548438978723,0.0,road_density_500m_km_per_km2,-0.020454545454545458,0.0,amenity_distance_m,-0.004356012913640034,4902.422586424827,elevation_std_m,-0.0038666666666666667,8.55212688446045
149_687,0,0.11743242107574532,road_distance_m,-0.238888775113775,378.040802618948,near_road_250m,-0.0900274079840837,0.0,road_density_500m_km_per_km2,0.08399130314130313,49.47418112488196,slope_deg,-0.018821733821733813,9.12953281402588,amenity_distance_m,0.009797619047619083,1519.828759550659
150_686,0,0.15808907553239968,road_distance_m,-0.3646833721833722,265.26131711403474,near_road_250m,-0.1689748233138522,0.0,road_density_500m_km_per_km2,0.10444909534909524,33.364654240060894,elevation_std_m,0.01124603174603167,17.416467666625977,elevation_m,-0.009688095238095273,3892.0
156_878,0,0.0158654207244984,road_distance_m,-0.14960544733044734,757.3608192138331,near_road_250m,-0.019223439730115487,0.0,elevation_std_m,-0.017500000000000005,4.139541149139404,slope_deg,-0.009410256410256407,8.615472793579102,amenity_distance_m,0.007000000000000001,1960.404569593044
158_1490,0,0.002864583357907608,road_distance_m,-0.09525181485181489,2156.6028360327696,near_road_250m,-0.025077891075871182,0.0,elevation_std_m,-0.010488095238095237,1.699673056602478,slope_deg,-0.005847619047619048,3.9952552318573,road_density_500m_km_per_km2,-0.004621284271284271,0.0
160_1535,0,6.220240552665621e-05,road_distance_m,-0.0926620712620713,2249.5478467512585,near_road_250m,-0.024452494250474348,0.0,elevation_std_m,-0.009521428571428571,1.227262258529663,slope_deg,-0.006233333333333333,2.743075370788574,road_density_500m_km_per_km2,-0.0038712842712842715,0.0
171_726,0,0.0028099262190038944,road_distance_m,-0.2912816128316128,2353.5466257651183,near_road_250m,-0.04207026512694087,0.0,road_density_500m_km_per_km2,-0.018226879361125936,0.0,elevation_std_m,-0.005666666666666669,10.208928108215332,settlement_distance_m,-0.0029333333333333334,3795.219942687917
206_941,0,0.0012217983651226158,road_distance_m,-0.27058636363636357,6268.170090456049,near_road_250m,-0.08017206887874462,0.0,road_density_500m_km_per_km2,-0.03275670995670996,0.0,settlement_distance_m,-0.01176666666666667,9359.08393950142,amenity_distance_m,-0.011137861811391222,6285.5175699745405
213_922,0,0.0012217983651226158,road_distance_m,-0.2676085858585858,5747.242552247581,near_road_250m,-0.08034746570414142,0.0,road_density_500m_km_per_km2,-0.03292337662337663,0.0,settlement_distance_m,-0.01216666666666667,8860.285134499918,amenity_distance_m,-0.010637861811391222,5754.9096074345525
214_923,0,6.220240552665621e-05,road_distance_m,-0.27403306693306684,5880.780107083954,near_road_250m,-0.07538000538668112,0.0,road_density_500m_km_per_km2,-0.030261760461760465,0.0,amenity_distance_m,-0.011857142857142858,5888.696359120779,slope_deg,-0.003533333333333333,38.75123977661133
216_668,0,0.015555131698455954,road_distance_m,-0.3667023809523809,4192.677209694591,near_road_250m,-0.09890595745393752,0.0,road_density_500m_km_per_km2,-0.028788455988455995,0.0,aspect_sin,0.012033333333333339,-0.9842712201020448,slope_deg,-0.0035833333333333255,33.869510650634766
222_1036,0,0.003562202405526656,road_distance_m,-0.1973123487623488,6048.975823239254,near_road_250m,-0.05899090004757579,0.0,road_density_500m_km_per_km2,-0.02292842712842713,0.0,amenity_distance_m,-0.006780952380952382,7188.988172948968,settlement_distance_m,-0.0034999999999999996,6050.971176932835
223_591,0,0.011548021457099131,road_distance_m,-0.36268644688644686,2023.404270171429,near_road_250m,-0.11210913205711218,0.0,road_density_500m_km_per_km2,-0.02953149696574354,0.0,settlement_distance_m,0.00997142857142857,2174.2939540129387,amenity_distance_m,-0.009781684981684986,6961.332122209639
240_1004,0,0.0019733135166377673,road_distance_m,-0.2553216561216561,9600.83598394323,near_road_250m,-0.08116333872001445,0.0,road_density_500m_km_per_km2,-0.025640331890331887,0.0,amenity_distance_m,-0.011523809523809523,10858.90435596886,slope_deg,-0.0035333333333333336,38.68256759643555
244_1007,0,0.0030983135166377674,road_distance_m,-0.2553883227883227,9449.172350153654,near_road_250m,-0.07794905300572873,0.0,road_density_500m_km_per_km2,-0.027140331890331895,0.0,amenity_distance_m,-0.01503214285714286,10816.87515428546,slope_deg,-0.006283333333333332,38.68256759643555
246_1003,0,0.0031733135166377665,road_distance_m,-0.25459149739149733,9894.113154400988,near_road_250m,-0.08204508475176046,0.0,road_density_500m_km_per_km2,-0.025440331890331885,0.0,amenity_distance_m,-0.013009523809523813,11261.066138174036,slope_deg,-0.0016666666666666683,36.33291244506836
263_1026,0,0.0010622024055266562,road_distance_m,-0.2483859418359418,8693.145412269696,near_road_250m,-0.083778995285671,0.0,road_density_500m_km_per_km2,-0.025306998556998556,0.0,amenity_distance_m,-0.010226190476190476,10606.730111866314,settlement_distance_m,-0.0016666666666666663,8694.612175948983
267_576,1,0.059911443068245605,road_distance_m,-0.1967955607693989,542.2582312173989,near_road_250m,-0.03404250757048758,0.0,elevation_std_m,-0.03341357253857253,5.8647308349609375,slope_deg,-0.030925790875790844,10.207858085632324,elevation_m,0.026686082564778252,1422.0
270_329,0,0.1212406462250452,road_distance_m,-0.32553491799500944,234.228831967118,elevation_std_m,-0.03474981298894343,5.762801170349121,elevation_m,0.017432005192874772,995.0,slope_deg,-0.017102702188503446,12.735011100769045,aspect_sin,0.016845798319327726,-0.974391148151427
273_611,0,0.19560666420954348,road_distance_m,-0.689203375472996,180.9262257737277,aspect_cos,-0.03330714285714284,-0.889566689201587,slope_deg,0.02545483405483409,35.16743469238281,elevation_std_m,0.016948122558648887,17.46601676940918,elevation_m,0.01423346244398871,2289.0
274_964,0,6.220240552665621e-05,road_distance_m,-0.2586772116772116,9809.60920463021,near_road_250m,-0.08407286252953826,0.0,road_density_500m_km_per_km2,-0.026345093795093793,0.0,amenity_distance_m,-0.011257142857142856,13123.77908626602,slope_deg,-0.003533333333333333,40.3876953125
279_1125,0,0.0020217983651226157,road_distance_m,-0.25116133866133855,7445.333146370768,near_road_250m,-0.07463238633906208,0.0,road_density_500m_km_per_km2,-0.02323073593073593,0.0,amenity_distance_m,-0.014669047619047621,9845.718005999472,slope_deg,-0.004950000000000001,41.2964096069336
282_578,1,0.8911859082210147,elevation_m,0.060759523809523985,1712.0,road_distance_m,0.05746099687349704,1.6318157475744657,settlement_distance_m,-0.03462647907647909,1027.4095865185066,slope_deg,-0.029409267089499758,21.15760803222656,road_density_500m_km_per_km2,0.023784343434343436,14.591949471672804
283_560,1,0.9145758816550162,elevation_m,0.08590940773772582,1631.0,amenity_distance_m,-0.012153419817539257,813.5655115358986,aspect_cos,-0.00939494569757715,0.9844275980553828,slope_deg,0.008711111111111114,25.72525978088379,settlement_distance_m,0.008427777777778256,1413.2319711926932
283_573,1,0.9735652736770385,elevation_m,0.05590627705627704,1529.0,road_distance_m,0.04300692640692627,8.25979411992368,elevation_std_m,0.018182539682539578,15.399214744567873,slope_deg,0.014458355758355856,33.17089080810547,aspect_sin,0.006555555555555426,0.5183018883738244
283_574,1,0.9512974662592311,elevation_m,0.052355050505050627,1578.0,road_distance_m,0.04232950937950908,22.82827801179628,settlement_distance_m,-0.016212844247950553,763.070515024845,road_density_500m_km_per_km2,0.015993333333333304,13.591617920576208,aspect_cos,0.015539964724438082,-0.7709614802508752
283_575,1,0.8030531437235294,elevation_std_m,-0.05567440911578814,9.262961387634276,elevation_m,0.04934018759018777,1622.0,slope_deg,-0.03688246753246749,16.981739044189453,road_distance_m,0.022562481962482117,42.52571892558721,settlement_distance_m,-0.019916379601485623,794.4865619246112
283_1089,0,6.220240552665621e-05,road_distance_m,-0.26271054501054497,7260.956527495183,near_road_250m,-0.08137286252953825,0.0,road_density_500m_km_per_km2,-0.026511760461760462,0.0,amenity_distance_m,-0.011357142857142856,9884.424780698018,slope_deg,-0.003533333333333333,43.138668060302734
287_575,1,0.9095131464231007,elevation_m,0.06842280583833293,1394.0,settlement_distance_m,-0.03592532621043243,448.2745650329868,road_distance_m,0.026985497835497974,31.402605750899653,aspect_cos,0.014728070175438646,-0.1465487027679709,road_density_500m_km_per_km2,0.013486984126984014,8.912029133620877
294_571,1,0.8960453905571559,settlement_distance_m,-0.04931123876123811,377.1843328543135,elevation_m,0.04588737373737406,1293.0,elevation_std_m,0.0335799422799421,21.375537872314453,road_distance_m,0.023384704184704064,29.357895064121927,aspect_cos,-0.018486507936507746,0.9813137615289322
296_126,0,0.1872241171099183,road_distance_m,-0.7797381742284278,178.9314652636469,road_density_500m_km_per_km2,0.04888063492063485,21.02539872846568,aspect_cos,-0.027378787878787864,-0.8755775582928161,elevation_m,-0.003867460317460353,1026.0,settlement_distance_m,0.0026437229437229204,2167.229768480283
296_640,0,0.009239980183304432,road_distance_m,-0.23163523401885466,1401.4982610994357,near_road_250m,-0.06116709052376626,0.0,road_density_500m_km_per_km2,-0.02582018537018536,0.0,elevation_std_m,-0.008688095238095241,6.303046703338623,slope_deg,-0.0038285714285714294,11.174756050109863
301_608,1,0.9589627340682573,elevation_m,0.10454691516493864,1847.0,slope_deg,0.04650793271056397,45.54458618164063,elevation_std_m,0.03995714285714269,16.81517219543457,amenity_distance_m,0.023129346622369762,533.0940983465937,road_density_500m_km_per_km2,0.019606330749353806,12.76564542249382
304_563,1,0.9842318877204423,elevation_m,0.07020396825396835,1623.0,road_distance_m,0.023040892468098262,12.83735121268572,slope_deg,0.013016666666666454,26.04067039489746,road_density_500m_km_per_km2,0.01193650793650769,22.91470587943473,aspect_cos,0.00819066076042807,0.8320503335416466
311_595,1,0.9450576460056476,elevation_m,0.08575349508372787,1441.0,road_density_500m_km_per_km2,0.03145079365079362,11.612890938559335,aspect_cos,0.021587666135034267,0.2425358183152424,slope_deg,-0.011707733707733592,29.19422149658203,settlement_distance_m,-0.007009523809523799,3085.132564523929
315_269,0,0.5998713565366959,settlement_distance_m,-0.33846760502569273,4980.267469964616,road_density_500m_km_per_km2,0.04961457431457461,30.20590440076457,amenity_distance_m,0.03640714285714308,3607.593698370152,aspect_sin,-0.03584523809523832,0.999314835476444,elevation_std_m,-0.014154761904761948,11.324614524841309
316_298,0,0.528459966236175,settlement_distance_m,-0.41770865643308075,5937.234730453958,elevation_m,-0.06936467732357521,1038.0,road_density_500m_km_per_km2,0.04567092352092367,29.28280830193171,amenity_distance_m,-0.03946031746031764,1238.1893628843934,aspect_cos,-0.019201587301587053,0.4472137875035032
317_593,1,0.9103067787639221,elevation_m,0.06854393939393943,1390.0,aspect_cos,-0.06715400013423223,0.9945054588995608,road_distance_m,0.021569246031746037,3.3694951508673983,elevation_std_m,0.014290476190475965,15.23154640197754,slope_deg,-0.007402251837358209,32.913352966308594
318_526,0,0.8061313212930865,settlement_distance_m,-0.09327540161395576,299.6840624719581,elevation_m,0.05643953823953829,962.0,near_settlement_1km,-0.02987628915202456,1.0,road_density_500m_km_per_km2,0.017489365079364827,9.742162027272984,elevation_std_m,-0.008054545454545647,12.175668716430664
325_476,1,0.9517067039631149,elevation_m,0.06522777777777788,1792.0,road_distance_m,0.04183758658008663,5.882142546380118,amenity_distance_m,-0.01664054221923761,4915.998776055839,road_density_500m_km_per_km2,0.013902857142857106,17.087299500857974,aspect_cos,-0.013844444444444437,-0.9113704835456324
330_497,1,0.9918833333333332,elevation_m,0.07649343434343436,1690.0,slope_deg,0.027073776108436864,34.93183135986328,elevation_std_m,0.016942857142857037,16.7117919921875,road_distance_m,0.011866215728715712,12.68902915463188,road_density_500m_km_per_km2,0.008237698412698391,22.19777616497897
332_495,1,0.8469123967083725,elevation_m,0.05834553610640547,1748.0,elevation_std_m,-0.05708694173321527,8.098162651062012,road_distance_m,0.0448054095967888,8.989791239244193,aspect_cos,-0.04243037518037518,0.998752346709706,road_density_500m_km_per_km2,0.03888315295815248,22.78443280733064
332_535,1,0.8859106060606061,amenity_distance_m,-0.09057004397718671,130.30659713261585,elevation_m,0.04445317460317455,1283.0,road_distance_m,0.03872620893318557,4.1868337696002245,slope_deg,0.014773160173160216,24.51827812194824,road_density_500m_km_per_km2,0.010207619047618688,16.485716186513
334_536,1,0.9778497831303065,elevation_m,0.07409839424141773,1290.0,slope_deg,0.03836928953399499,39.43379974365234,elevation_std_m,0.03043015873015853,18.97431755065918,road_density_500m_km_per_km2,0.010017124400147681,16.549222013474342,road_distance_m,0.007271428571428595,45.1558960880764
338_466,1,0.9398256235827664,aspect_cos,-0.04768730158730161,-0.9978801204158084,elevation_m,0.04600873015873008,1255.0,slope_deg,0.018893939393939463,37.985389709472656,road_distance_m,0.01002162698412723,35.16719264382417,road_density_500m_km_per_km2,0.009971471861471848,17.3381501099437
338_513,1,0.8762137821988886,elevation_m,0.07953773448773438,1156.0,elevation_std_m,-0.04833615749330045,8.730534553527832,slope_deg,-0.028742707281449564,19.906658172607425,road_density_500m_km_per_km2,0.01962698412698405,11.573969868077286,road_distance_m,0.011423976215355292,25.35586095387284
339_465,1,0.9652554252625682,elevation_m,0.05702777777777801,1205.0,road_density_500m_km_per_km2,0.02317616161616176,18.86025358736885,road_distance_m,0.021306190568690764,6.6917559904870725,aspect_cos,-0.009174917343704458,-0.9994448911318152,slope_deg,0.0012272727272728545,26.951923370361328
339_466,1,0.9797985673057102,elevation_m,0.07664682539682544,1254.0,road_density_500m_km_per_km2,0.02742183261183284,19.947416551003656,road_distance_m,0.019162824675324708,7.444059171739043,amenity_distance_m,-0.002849999999999908,3720.780573067757,aspect_cos,-0.0016005583693456948,-0.951708475507011
339_467,1,0.9925952380952381,elevation_m,0.07798696303696317,1308.0,elevation_std_m,0.026523809523809283,15.98610496520996,slope_deg,0.02150901722391052,33.869510650634766,road_distance_m,0.01031130952380932,14.847126264494998,road_density_500m_km_per_km2,0.00937746031746034,15.807743173400723
339_490,1,0.976298446113785,elevation_m,0.06401568844592087,1625.0,road_density_500m_km_per_km2,0.02315446950710076,31.077744123015176,elevation_std_m,0.016394397759103563,14.639705657958984,road_distance_m,0.016291323953823933,19.2688231696159,aspect_cos,0.007321212121211951,0.1689641857571235
339_491,1,0.9865330447330446,elevation_m,0.06107835497835501,1621.0,elevation_std_m,0.023827731092436966,20.7459659576416,slope_deg,0.021613458648119477,39.97866821289063,road_distance_m,0.014231800144300144,0.4243567856176141,road_density_500m_km_per_km2,0.011506349206348965,31.077744123015176
340_465,1,0.9350853397924822,elevation_m,0.07724126984126956,1190.0,road_distance_m,0.053866841029340695,2.254506405696139,road_density_500m_km_per_km2,0.05007907647907617,19.947416551003656,aspect_sin,-0.00560000000000016,-0.1293392493484638,slope_deg,-0.0043705627705629135,21.45036697387696
341_486,1,0.992222619047619,elevation_m,0.07443629148629172,1559.0,slope_deg,0.025347328912222133,35.28396987915039,elevation_std_m,0.01852548262548248,16.786237716674805,road_density_500m_km_per_km2,0.010679365079364955,41.54435144477494,road_distance_m,0.004932738095238198,9.455825871116724
342_465,1,0.8126013139200412,elevation_m,0.10516186868686872,1184.0,elevation_std_m,-0.09013929006816934,8.26565170288086,slope_deg,-0.03831755237100043,18.474489212036133,road_density_500m_km_per_km2,0.02939047619047619,13.06288471931503,settlement_distance_m,-0.008107539682539744,2950.214185200663
342_468,1,0.9432338399189463,elevation_m,0.10852676767676772,1282.0,road_density_500m_km_per_km2,0.05661331168831163,15.021108992923144,road_distance_m,0.017849404761904775,31.49392567914973,elevation_std_m,-0.01756349206349228,9.78787326812744,amenity_distance_m,0.014086507936508008,3372.630737204287
345_474,1,0.9655630472701899,elevation_m,0.057044227994227925,1601.0,slope_deg,0.03494393939393947,33.64849090576172,elevation_std_m,0.029257350757350697,16.759740829467773,aspect_cos,-0.02200207428230716,-0.9670744107965884,road_distance_m,0.020460515873015894,15.937009368482006
350_510,1,0.9357853517276015,elevation_m,0.06644126984127008,1141.0,aspect_cos,-0.055527809658041716,0.9984603435550072,road_density_500m_km_per_km2,0.02696865079365074,25.66136640267164,aspect_sin,0.009497619047619255,0.0554701933295426,road_distance_m,0.006533531746031995,10.093901559936135
351_482,1,0.9374376847902284,elevation_m,0.0873603641456584,1541.0,aspect_cos,-0.0412081487633813,0.9928768384352076,road_density_500m_km_per_km2,0.03879484126984145,39.49403599887261,road_distance_m,-0.012336309523809152,24.099046512930503,slope_deg,0.011735714285714183,23.099565505981445
351_510,1,0.9705715324672299,elevation_m,0.07847142857142853,1140.0,road_density_500m_km_per_km2,0.025094047619047544,26.443136754452148,settlement_distance_m,-0.010453968253968382,2926.6766787075585,aspect_sin,0.004608815958815793,-0.2355998353536071,aspect_cos,0.002822406792173937,0.9718501518142358
353_512,1,0.953669416065114,elevation_m,0.06166645021645034,1120.0,road_density_500m_km_per_km2,0.026605158730158784,25.574152547891657,elevation_std_m,-0.013154545454545419,12.899420738220217,settlement_distance_m,-0.010067676767676725,2893.7692442384828,aspect_cos,-0.008577016007248361,0.948683365934
358_530,1,0.9262548853486126,road_density_500m_km_per_km2,0.10210815295815245,18.57571832566877,elevation_m,0.08392763347763321,1105.0,road_distance_m,0.033938672438672435,33.060455862129686,elevation_std_m,-0.025799589490968833,8.157402038574219,aspect_sin,-0.012128571428571266,-0.5299992123778435
360_519,0,0.8926428142779207,elevation_m,0.11379310134310128,690.0,road_density_500m_km_per_km2,0.08598593073593075,24.78520180978981,elevation_std_m,-0.035195039682539675,9.386094093322754,aspect_sin,-0.016731962481962404,0.9908301651722764,slope_deg,-0.010456835207656057,20.61224365234375
364_545,0,0.7484782188399836,amenity_distance_m,-0.061093578643578894,159.33049294353933,settlement_distance_m,-0.03898346098346106,270.9515231921491,elevation_m,0.030398340548340452,1525.0,aspect_cos,0.025287445887445914,-0.7739570577324936,road_density_500m_km_per_km2,-0.015111428571428775,44.57048088899043
367_468,1,0.06726950727867645,road_distance_m,-0.4190456140350878,315.61536951341856,near_road_250m,-0.13468230945942014,0.0,elevation_m,0.039904880204971696,1582.0,amenity_distance_m,0.020833919944789468,1237.3425483289643,road_density_500m_km_per_km2,-0.018780068394315022,2.21416990018516
369_539,1,0.9612759655377304,elevation_m,0.04777650127650157,1049.0,road_distance_m,0.03978831168831154,5.01116726107598,elevation_std_m,0.024885714285714067,16.56636619567871,slope_deg,0.02312748917748908,34.004051208496094,amenities_within_1km,-0.014687445887445638,4.0
370_476,0,0.157538771470018,road_distance_m,-0.21676315852842204,706.8590593917738,near_road_250m,-0.06795143033854087,0.0,elevation_m,0.044536975651368535,1819.0,aspect_sin,0.04128482040834987,-0.992277912105967,amenity_distance_m,0.0278958247066943,472.097796749211
377_494,1,0.8505763748183723,settlement_distance_m,-0.09593216381727021,241.71978902171185,road_distance_m,0.02930086200349369,4.354311323539453,elevation_m,0.024930046310278953,1623.0,near_settlement_1km,-0.024004048892284247,1.0,road_density_500m_km_per_km2,-0.01422222222222247,17.863158768926372
377_504,1,0.9399769094544529,elevation_m,0.07323655462184864,1466.0,road_distance_m,0.023335912698412953,22.63676624218927,elevation_std_m,-0.022434126984126834,9.78787326812744,road_density_500m_km_per_km2,0.021269264069263993,16.687218472496387,aspect_sin,-0.012234981684981716,-0.6866236710113057
379_464,1,0.9913277777777778,elevation_m,0.05386632811632808,1258.0,elevation_std_m,0.02567468897468894,17.218278884887695,slope_deg,0.025307718522611933,36.70574569702149,road_density_500m_km_per_km2,0.008207222222222255,26.10716684999783,road_distance_m,0.008136706349206269,0.898212235818056
381_468,1,0.9963905982905983,elevation_m,0.05634105339105344,1541.0,slope_deg,0.035840258205151576,35.77946853637695,elevation_std_m,0.02437798567798577,17.155784606933594,road_distance_m,0.007908928571428664,11.625041593857588,road_density_500m_km_per_km2,0.004715555555555473,25.28613929000188
384_469,1,0.9475346335697401,elevation_m,0.07964278499278488,1548.0,road_density_500m_km_per_km2,0.0385830158730156,24.77447091397433,slope_deg,0.017724891774891893,26.323421478271484,elevation_std_m,-0.016042063492063274,12.896549224853516,amenity_distance_m,-0.01457460317460324,1275.5074204406187
384_549,0,0.07452494531889711,road_distance_m,-0.41208722894191996,577.5497384987744,near_road_250m,-0.09450991518702581,0.0,elevation_m,0.03901945451954604,1094.0,amenity_distance_m,0.012925983436852993,1195.3784669924817,aspect_cos,-0.011124285714285712,-0.8288486920942975
386_469,1,0.9940729933580997,elevation_m,0.07712777777777768,1445.0,road_density_500m_km_per_km2,0.026852857142857012,26.57878579475907,slope_deg,0.017862987012987053,26.323421478271484,road_distance_m,0.014298082010581803,11.050694381020548,amenity_distance_m,-0.004133333333333322,1428.2363080290727
386_471,1,0.9947126126126126,elevation_m,0.06486406926406951,1512.0,elevation_std_m,0.02320476190476184,14.91043186187744,road_distance_m,0.01102559523809521,19.56294126388683,road_density_500m_km_per_km2,0.010701269841269734,26.57878579475907,slope_deg,0.010179854944748379,32.52389907836914
391_522,1,0.9644786172161176,elevation_m,0.10286020091020154,647.0,slope_deg,0.035464710664077526,44.39583587646485,elevation_std_m,0.033014371514371366,23.599016189575195,aspect_cos,-0.008521501831501577,0.6055220624440306,amenity_distance_m,0.004619047619047856,1155.154351984958
398_514,1,0.9746569902319903,elevation_m,0.059589710289710496,636.0,slope_deg,0.02864230387190314,41.9578857421875,elevation_std_m,0.02147548262548249,21.978666305541992,road_density_500m_km_per_km2,0.02109722222222221,38.27296228517469,aspect_cos,-0.008851739926739932,0.7348035494412634
399_549,1,0.9145399267399273,aspect_cos,-0.07322197802197739,0.9919498040511212,elevation_m,0.047916550116550716,773.0,elevation_std_m,0.026275482625482627,18.82669448852539,road_density_500m_km_per_km2,0.009265873015873116,10.512092443759112,slope_deg,0.002360557840157429,38.75123977661133
404_506,1,0.8026797389406083,road_density_500m_km_per_km2,0.0907418831168828,17.915077331241875,elevation_std_m,-0.07083404695828366,7.023768901824951,aspect_cos,-0.04447508047508053,0.7071067811865476,slope_deg,-0.042312554112554635,14.762840270996094,elevation_m,0.03318971970058893,579.0
406_456,0,0.9268661811887878,elevation_m,0.09369913419913423,908.0,road_density_500m_km_per_km2,0.06276450216450213,41.63944532700086,slope_deg,-0.01973853874883269,21.304685592651367,road_distance_m,0.0116142857142858,38.370841272985146,elevation_std_m,-0.011265079365079367,9.944289207458496
406_513,1,0.9804149350649355,elevation_std_m,0.056005555555555864,17.222579956054688,elevation_m,0.05492027417027434,555.0,slope_deg,0.03563409356875491,34.90015411376953,aspect_sin,-0.014301731601731316,-0.8741573452168387,road_distance_m,0.012529924242424162,17.634878916665443
407_527,1,0.989468253968254,elevation_m,0.05315057720057714,1277.0,elevation_std_m,0.02522468897468888,20.22649574279785,slope_deg,0.024483908998802484,39.5526008605957,road_distance_m,0.007237500000000119,1.8770900019003964,aspect_sin,-0.001388888888888884,0.430729342904092
409_488,1,0.9823366337796573,elevation_m,0.044703589046612424,853.0,elevation_std_m,0.032225396825396935,17.60050392150879,slope_deg,0.022201082251082305,37.042362213134766,road_distance_m,0.014341829004328899,15.731260549933632,road_density_500m_km_per_km2,0.01096744186046561,29.56951493542483
409_509,1,0.9644715284715286,elevation_m,0.05748480408480405,651.0,elevation_std_m,0.04609444444444466,17.15938377380371,slope_deg,0.03323726817192907,37.85405349731445,road_density_500m_km_per_km2,0.018090079365079226,29.36466447941948,aspect_sin,-0.014163636363636378,-0.9372218586171018
410_480,1,0.91864205500382,aspect_cos,0.020385129134496305,-0.9805806618302796,road_distance_m,0.012890692640692647,15.902194121172748,elevation_std_m,-0.012679870129870263,13.704103469848633,elevation_m,0.011329004329004189,722.0,road_density_500m_km_per_km2,0.010594126984126984,26.45220072007028
410_491,1,0.9351501438806676,elevation_m,0.07069687908990252,950.0,elevation_std_m,0.023774603174603448,26.66018295288086,road_density_500m_km_per_km2,0.015801568844592273,26.959075234004747,aspect_sin,-0.009940692640692528,-0.998168494580484,amenity_distance_m,-0.008518272425249052,800.0393346064953
412_530,1,0.6059922448352685,road_distance_m,-0.37618452242202216,87.66064037676693,elevation_m,0.14241078740381075,1583.0,road_density_500m_km_per_km2,0.05880363233665553,22.06376388168185,aspect_cos,-0.03090793650793633,-0.7949512361878119,slope_deg,0.028856060606060274,38.99844741821289
413_476,1,0.9073709150326799,aspect_sin,-0.0460896825396826,-0.9079594528364262,elevation_std_m,0.04595238095238119,23.24639892578125,road_distance_m,0.02934632034632023,5.530521204253881,settlement_distance_m,-0.02481810966810971,652.2816672459345,near_settlement_1km,-0.02145765639589159,1.0
427_1149,0,6.220240552665621e-05,road_distance_m,-0.2312486402486402,3537.173969345748,near_road_250m,-0.07131074131741705,0.0,road_density_500m_km_per_km2,-0.01780699855699856,0.0,amenity_distance_m,-0.008799999999999999,23900.424572377065,elevation_std_m,-0.0015,13.261845588684082
429_1090,0,2.1798365122615804e-05,road_distance_m,-0.24927086247086241,1334.3592769983368,near_road_250m,-0.07089905300572875,0.0,road_density_500m_km_per_km2,-0.023464069264069264,0.0,amenity_distance_m,-0.012369047619047622,20347.347047463834,slope_deg,-0.0026,37.69499588012695
443_1108,0,2.1798365122615804e-05,road_distance_m,-0.2501462592962592,3161.1968772212,near_road_250m,-0.09108714824382395,0.0,road_density_500m_km_per_km2,-0.029556926406926413,0.0,amenity_distance_m,-0.015319264069264068,20899.749447136623,elevation_std_m,-0.0025666666666666667,16.529062271118164
446_347,1,0.8587774170274173,road_density_500m_km_per_km2,0.015613174603174573,9.32971360991675,road_distance_m,0.013136706349206495,24.916499869868368,aspect_cos,-0.009991952607291688,-0.9994448911318152,amenity_distance_m,0.004262471655328892,1309.23775814982,elevation_m,0.0036645743145745646,288.0
449_1054,0,0.0013955357388599895,road_distance_m,-0.11826808469308477,2254.6853188516866,near_road_250m,-0.027961534968210716,0.0,road_density_500m_km_per_km2,-0.012657792207792208,0.0,elevation_std_m,-0.004188095238095238,4.85340690612793,amenity_distance_m,-0.004066666666666666,16316.21823124629
450_1086,0,0.0006884650317892824,road_distance_m,-0.22051776001776,897.5959025689817,near_road_250m,-0.06202740798408372,0.0,road_density_500m_km_per_km2,-0.016925974025974025,0.0,amenity_distance_m,-0.007950000000000002,18749.92988302557,elevation_std_m,-0.0014999999999999998,13.581031799316406
456_342,0,0.8560244201397592,elevation_m,0.08404993982672393,410.0,aspect_sin,-0.04460268759018782,-1.0,amenity_distance_m,-0.025354761904762046,1057.9787890255843,road_distance_m,-0.02076190476190487,66.85751816806825,road_density_500m_km_per_km2,0.018009523809523476,15.677131545738172
467_337,1,0.8523422159539809,settlement_distance_m,-0.08415568320568312,227.5591807612112,elevation_std_m,0.04399978354978362,17.670509338378906,near_settlement_1km,-0.02775763793889663,1.0,slope_deg,0.025560389610389533,34.64451599121094,road_distance_m,0.02385634920634927,36.055589957416494
468_344,1,0.8399647420067392,aspect_sin,-0.05994645099645102,-1.0,settlement_distance_m,-0.042815585950692236,530.0005519746542,road_distance_m,0.038072943722943564,8.800682400583614,near_settlement_1km,-0.024972302860538198,1.0,elevation_std_m,0.02283506493506471,14.543251991271973
480_1139,0,2.1798365122615804e-05,road_distance_m,-0.1903725219225219,5382.8176284648725,near_road_250m,-0.04120756671424245,0.0,road_density_500m_km_per_km2,-0.017775974025974025,0.0,amenity_distance_m,-0.0038,18741.91494077671,settlement_distance_m,-0.003721461187214612,16629.215857547362
484_334,1,0.8618685036660038,elevation_m,0.057421428571428845,306.0,road_density_500m_km_per_km2,-0.04447590187590178,3.5132618345781794,settlement_distance_m,0.033225396825396936,1621.574654952383,elevation_std_m,0.016928571428571293,13.968217849731444,road_distance_m,0.009060173160173268,36.62390854435001
492_301,0,0.7140058062002969,elevation_std_m,-0.1558197759050347,6.07565450668335,road_density_500m_km_per_km2,0.0999440476190474,38.54184821594372,elevation_m,0.0883938766547464,1233.0,aspect_cos,-0.06355108225108208,0.7399401598691557,slope_deg,-0.04360147907647849,14.134594917297363
500_338,1,0.9874196969696969,elevation_m,0.06839314574314559,659.0,elevation_std_m,0.03480490620490628,20.18800544738769,slope_deg,0.0161610776957386,42.04359817504883,road_distance_m,0.015191829004328805,7.750316551703436,road_density_500m_km_per_km2,0.009567460317460252,9.98141475567472
500_339,1,0.9787393536695862,elevation_m,0.07504454847478093,653.0,elevation_std_m,0.0450952380952383,16.53279685974121,slope_deg,0.028474385189278695,33.197303771972656,road_distance_m,0.01416801948051949,16.40232405846152,aspect_sin,-0.01114458874458879,-0.9320047805101348
505_335,1,0.9127878081729146,elevation_m,0.06377842712842696,698.0,road_density_500m_km_per_km2,0.028031746031745852,9.98141475567472,elevation_std_m,-0.02471984126984128,10.360179901123049,amenity_distance_m,-0.016120861678004306,1222.8592207215693,road_distance_m,0.014364484126983768,20.46339287490069
505_338,1,0.8442871290738796,elevation_m,0.0932503422933657,792.0,elevation_std_m,-0.0642450440364235,9.067646980285645,slope_deg,-0.02986466636811469,19.7655086517334,road_distance_m,0.028307720057720087,26.11627541449502,aspect_sin,-0.02256910866910855,-0.7071067811865475
506_339,1,0.9609193362193363,elevation_m,0.07712842712842727,846.0,road_distance_m,0.020484055253531808,1.315416268483946,road_density_500m_km_per_km2,0.012844126984127069,10.430191939320398,elevation_std_m,-0.010723685127133398,13.668925285339355,amenities_within_1km,0.004354255319148903,1.0
508_338,1,0.9208585132890369,elevation_m,0.09009911574213902,830.0,road_density_500m_km_per_km2,0.024134584717607988,40.25492792931266,elevation_std_m,-0.016152380952380918,12.631529808044434,amenity_distance_m,-0.015478022992142182,803.7021692895066,aspect_cos,0.009669000933706817,-0.9805806618302796
508_340,1,0.9479601005906241,elevation_m,0.10799197288499629,940.0,road_density_500m_km_per_km2,0.033224103053677956,41.49082246631661,slope_deg,0.021403463203463424,24.23228454589844,amenity_distance_m,-0.01185738807150749,647.6385463564386,road_distance_m,0.011248917748917675,42.56220331192674
508_349,0,0.9561103896103897,elevation_m,0.054511976911976845,1111.0,road_distance_m,0.02886140013087679,2.75195647475648,elevation_std_m,0.011265608465608645,13.833221435546877,aspect_sin,-0.010022366522366544,-0.8882176993303913,aspect_cos,0.006933333333333236,-0.4594228102698283
509_340,1,0.9367069259874494,elevation_m,0.09614839424141763,939.0,road_density_500m_km_per_km2,0.027317124400147774,41.76284792721734,slope_deg,0.020114574314574307,26.376728057861328,amenity_distance_m,-0.014409769023888241,582.698263451421,road_distance_m,0.012809523809523826,44.09958932069082
512_326,1,0.7061318650793652,road_density_500m_km_per_km2,-0.0424613275613277,3.63736265054173,elevation_m,-0.0215724386724383,275.0,settlement_distance_m,-0.020849206349206395,3218.287871307779,aspect_cos,-0.020532428797768065,-0.997925286198596,amenity_distance_m,0.01865936920222655,1866.9098628736765
535_207,0,0.03133903872762534,road_distance_m,-0.21908046589425906,819.5234825141333,near_road_250m,-0.04596555843266897,0.0,amenity_distance_m,0.016903174603174597,1674.9063676414046,elevation_m,0.015052954648217008,526.0,road_density_500m_km_per_km2,-0.01471815395332638,0.0
535_1337,0,2.1798365122615804e-05,road_distance_m,-0.21051061716061711,1283.4117801683544,near_road_250m,-0.03757661433329008,0.0,road_density_500m_km_per_km2,-0.013775974025974025,0.0,amenity_distance_m,-0.0063,20385.60454099598,elevation_std_m,-0.0015,9.768935203552246
536_1256,0,0.006702750746074996,road_distance_m,-0.21300743145743145,829.3386965774697,near_road_250m,-0.06036709052376626,0.0,road_density_500m_km_per_km2,-0.015285281385281381,0.0,amenity_distance_m,-0.009526750700280112,23586.950400877813,settlement_distance_m,-0.005500000000000002,10112.013164605856
542_1302,0,0.002348721442045693,road_distance_m,-0.16970057720057713,749.7391473736594,near_road_250m,-0.0439488365555123,0.0,road_density_500m_km_per_km2,-0.018849050949050948,0.0,settlement_distance_m,-0.004665905631659056,12189.64911867872,amenity_distance_m,-0.004400000000000001,22284.86635936261
544_1333,0,0.004090784934109185,road_distance_m,-0.12806497113997117,654.2581870320035,near_road_250m,-0.041462256468932215,0.0,road_density_500m_km_per_km2,-0.019597463647463648,0.0,elevation_std_m,-0.0067,5.513171672821045,elevation_m,-0.0051666666666666675,4845.0
559_826,0,0.15074982140899074,road_distance_m,-0.3647453975848708,384.601834482963,near_road_250m,-0.08039168896879947,0.0,elevation_m,0.0735405944906861,1329.0,aspect_sin,0.048228787878787954,0.809300231767599,settlement_distance_m,0.0384079365079366,1802.6576139958968
561_186,0,0.1391608200536993,road_distance_m,-0.49146545922258045,247.41771838839577,road_density_500m_km_per_km2,-0.027422799422799432,3.544683516663416,elevation_m,0.02538613199665833,729.0,settlement_distance_m,-0.02285714285714288,4863.758950927246,elevation_std_m,0.020888512949039276,26.592025756835938
568_890,0,0.014805059548383799,road_distance_m,-0.30763810633810634,1359.6525993643388,near_road_250m,-0.09924825935493511,0.0,road_density_500m_km_per_km2,-0.0406515873015873,0.0,amenity_distance_m,0.008835714285714285,1583.668420853909,slope_deg,-0.0053690476190476205,34.58805465698242
577_896,0,0.008362202405526657,road_distance_m,-0.25162677877677875,2085.1034611012064,near_road_250m,-0.07556709052376626,0.0,road_density_500m_km_per_km2,-0.02739920634920635,0.0,settlement_distance_m,0.002733333333333334,5864.051567590524,slope_deg,0.0011999999999999997,26.69297218322754
590_952,0,0.031007475443708608,road_distance_m,-0.3621235407963852,3463.270734505161,near_road_250m,-0.08638720156150444,0.0,settlement_distance_m,0.017982194616977223,1477.2086393686616,elevation_std_m,0.016835714285714284,27.63563537597656,road_density_500m_km_per_km2,-0.008462999762463733,0.0
594_1271,0,2.1798365122615804e-05,road_distance_m,-0.1703092463092463,1526.1355716534342,near_road_250m,-0.0506083603650361,0.0,road_density_500m_km_per_km2,-0.021430735930735932,0.0,amenity_distance_m,-0.005519047619047619,21281.075696153355,elevation_std_m,-0.003771428571428572,7.1024250984191895
596_820,1,0.9655960317460319,elevation_m,0.0736337662337665,885.0,elevation_std_m,0.02965802230802217,18.618986129760746,slope_deg,0.023509764189363347,37.042362213134766,aspect_cos,-0.022688412698412486,0.9875802872969028,road_density_500m_km_per_km2,0.005993650793650773,8.024579905408782
597_790,0,0.026345258278249007,road_distance_m,-0.3559859315097695,709.5590203635819,near_road_250m,-0.06744497761252291,0.0,road_density_500m_km_per_km2,-0.022973172922636866,0.0,elevation_m,0.018702404841535285,1998.0,elevation_std_m,-0.015166208791208776,8.894442558288574
597_841,0,0.07560748959481844,road_distance_m,-0.3523956549603457,909.7670281272104,near_road_250m,-0.11070601295399302,0.0,road_density_500m_km_per_km2,-0.033082973548190925,0.0,settlement_distance_m,0.029996956521739157,102.25908684498262,elevation_m,0.027460007879229878,1919.0
604_932,0,0.016118726627953172,road_distance_m,-0.3609965782306759,4395.974089390811,near_road_250m,-0.08241723732284449,0.0,road_density_500m_km_per_km2,-0.020191630591630597,0.0,aspect_sin,0.012975163398692811,-0.9863938690267596,settlement_distance_m,-0.004899999999999995,3410.849472709061
627_1306,0,0.0006884650317892824,road_distance_m,-0.13081418858918864,4227.904027250174,near_road_250m,-0.03811305011972587,0.0,road_density_500m_km_per_km2,-0.020431529581529585,0.0,elevation_m,-0.005166666666666667,5617.0,amenity_distance_m,-0.004633333333333334,17830.40636838016
638_1523,0,0.0004622024055266562,road_distance_m,-0.11161292596292596,3022.2644603668664,near_road_250m,-0.02283027202825212,0.0,elevation_std_m,-0.007021428571428571,2.0061633586883545,slope_deg,-0.005833333333333333,4.332224845886231,road_density_500m_km_per_km2,-0.0038712842712842707,0.0
661_1267,0,0.004300236593560844,road_distance_m,-0.279474098124098,585.6994202068356,near_road_250m,-0.06666519266317275,0.0,amenity_distance_m,-0.004976190476190477,15376.482987353464,road_density_500m_km_per_km2,-0.004458646908646907,0.0,aspect_cos,0.0022356095198560956,0.6484665577133005
675_1528,0,0.013504915248239501,road_distance_m,-0.08069812409812409,376.13787315019727,elevation_std_m,-0.028330097680097675,0.9938080310821532,slope_deg,-0.01727438672438672,1.9403883218765257,amenity_distance_m,-0.013339449112978526,20893.117656400424,aspect_sin,0.01085714285714286,-1.0
679_1526,0,0.007255792149116399,road_distance_m,-0.12602528860028864,539.4407071597064,near_road_250m,-0.036851700599680695,0.0,elevation_std_m,-0.009299206349206345,4.422166347503662,slope_deg,-0.00876666666666667,9.661434173583984,aspect_cos,0.004911799996046571,0.995037175154562
681_1322,0,0.14916190476190486,elevation_std_m,-0.17539321789321774,2.054804801940918,slope_deg,-0.11547301587301581,5.473633289337158,elevation_m,-0.05076147186147187,4636.0,amenity_distance_m,-0.014565873015872949,12198.914915331645,road_distance_m,0.014280663780663783,40.67095555479026
685_1307,0,2.1798365122615804e-05,road_distance_m,-0.1109499750249751,1004.0892990388456,near_road_250m,-0.016023439730115482,0.0,road_density_500m_km_per_km2,-0.008911688311688312,0.0,elevation_std_m,-0.00495,4.027682304382324,slope_deg,-0.0032,8.615472793579102
688_1274,0,0.007162307171384848,road_distance_m,-0.1468800616050616,1257.2909828883137,near_road_250m,-0.04760170059968069,0.0,road_density_500m_km_per_km2,-0.019686991471238046,0.0,elevation_std_m,-0.010249999999999999,5.328701496124268,amenity_distance_m,-0.00546790890269151,13827.045362266175
721_483,1,0.9810444727891158,elevation_m,0.10375202020202046,1231.0,slope_deg,0.03499581376070737,40.84608459472656,elevation_std_m,0.033413780663780646,20.91664695739746,road_density_500m_km_per_km2,0.015288571428571651,11.275652586632903,aspect_sin,-0.003073809523809423,-0.8228969955273863
727_501,1,0.9463772442997259,elevation_m,0.08820580388603594,1478.0,elevation_std_m,0.020283962780514586,14.016745567321776,road_density_500m_km_per_km2,0.014533809523809449,17.81565186390801,road_distance_m,0.014360515873015789,35.20660373006777,aspect_sin,-0.010703377403377679,-0.8496402418768585
736_487,1,0.9942666666666666,elevation_m,0.04186010101010107,1498.0,elevation_std_m,0.023761196911196714,17.96292495727539,slope_deg,0.02041724233213582,35.77946853637695,road_distance_m,0.0053874999999999895,8.046874691118804,amenity_distance_m,0.005166666666666653,3600.4419027135664
746_490,1,0.9152675886006577,elevation_m,0.03911984126984136,1474.0,road_distance_m,0.036203116883116726,12.326421559889283,amenity_distance_m,-0.036023961352657174,4528.6412460933925,near_settlement_1km,-0.024878291316526968,1.0,aspect_cos,-0.01677857142857142,-0.9309732342191076
748_455,1,0.9891552328623757,elevation_m,0.07089988344988352,640.0,elevation_std_m,0.02808888888888883,19.97220230102539,road_density_500m_km_per_km2,0.0205873015873016,12.3381416347496,slope_deg,0.01721531974491919,37.45338439941406,aspect_sin,0.006695238095237976,-0.5749456367843926
753_473,1,0.8528638319575588,road_density_500m_km_per_km2,0.08959545454545426,37.166172001397626,elevation_m,0.06317642888512431,997.0,amenity_distance_m,-0.054798917748917986,4565.437525675325,aspect_sin,-0.03191803751803757,-0.9037379513642944,elevation_std_m,-0.030810007446029908,8.761588096618652
758_473,1,0.8890063187593875,amenity_distance_m,-0.06023959627329223,4734.598514161144,near_settlement_1km,-0.028578291316526894,1.0,elevation_std_m,0.026161904761904498,18.43573951721192,settlement_distance_m,-0.021306575963718766,833.2420150075319,road_distance_m,0.01891089466089424,9.028705888741891
760_455,1,0.9550379006458013,elevation_m,0.11707111855559615,706.0,road_density_500m_km_per_km2,0.03837936507936501,11.27133153816333,amenity_distance_m,0.012408730158730119,3384.1405415766067,elevation_std_m,-0.011322222222222234,11.713661193847656,slope_deg,0.007532323232322891,24.09501266479492
760_507,1,0.7598383398301051,settlements_within_1km,-0.06541873681873678,3.0,road_distance_m,0.059691650571650934,6.832656494718298,settlement_distance_m,-0.057821552447963054,556.8169603291104,amenity_distance_m,-0.05212170274170258,5997.124667478089,near_settlement_1km,-0.04145845004668536,1.0
760_513,1,0.6394210702414554,settlement_distance_m,-0.0732348835612947,114.93453537505329,elevation_std_m,-0.05789403393541348,8.881941795349121,amenity_distance_m,-0.054569774669775306,6137.630409850664,settlements_within_1km,-0.03940654345654382,3.0,near_settlement_1km,-0.018483053221288626,1.0
761_541,0,0.07937094725544797,road_distance_m,-0.3927962723550959,534.6422760008884,near_road_250m,-0.11802051511849529,0.0,elevation_m,0.055665815556992015,1930.0,aspect_sin,0.044999267399267386,-0.9653633195803908,road_density_500m_km_per_km2,-0.027699811299811306,0.0
774_458,1,0.9186470379370816,elevation_m,0.0640733067586009,768.0,aspect_cos,-0.036341454346686786,0.9994801228091996,road_density_500m_km_per_km2,0.031254365079364965,66.85441031963336,elevation_std_m,-0.010295238095238024,12.87547206878662,aspect_sin,0.00956428571428558,-0.0322410314553884
777_459,1,0.9715950251622747,elevation_m,0.05581849816849793,706.0,road_density_500m_km_per_km2,0.030414177489177407,66.85441031963336,elevation_std_m,0.011477777777777698,14.643921852111816,aspect_cos,0.007780984325751694,0.970142451825584,aspect_sin,0.007568339768339594,-0.2425358183152429
781_458,1,0.9429360682461753,elevation_m,0.03194389499389516,753.0,aspect_cos,-0.029260285515517626,0.990492266396342,road_density_500m_km_per_km2,0.01985198412698408,62.72109941490637,elevation_std_m,0.01715238095238103,14.974051475524902,aspect_sin,0.008975482625482756,-0.1375684201008284
784_1110,0,0.03709090495901181,road_distance_m,-0.32303667651189377,1271.8027148279891,near_road_250m,-0.09305857681525258,0.0,elevation_std_m,0.014770634920634903,29.05870246887207,road_density_500m_km_per_km2,-0.013940027605245,0.0,settlement_distance_m,0.012939813664596261,1504.7119328594274
790_456,1,0.14741959706959704,road_distance_m,-0.123107892107892,193.1681142155992,road_density_500m_km_per_km2,0.09645000000000001,48.44749434869433,elevation_std_m,-0.08909993894993895,2.298684597015381,slope_deg,-0.07520667273902573,4.936678409576416,settlement_distance_m,-0.026360317460317473,1172.997991437144
794_509,1,0.7771534310038686,settlements_within_1km,-0.06815057720057738,2.0,amenity_distance_m,-0.05844360615230182,5519.885146527605,elevation_m,0.04711976356976355,1475.0,near_settlement_1km,-0.0457592436974793,1.0,settlement_distance_m,-0.029931242516348933,820.5036342070255
797_514,1,0.7683808528726179,amenity_distance_m,-0.06621095238095231,5985.620822952964,settlement_distance_m,-0.06398584141570052,383.9768238834793,settlements_within_1km,-0.06129211344211316,2.0,road_distance_m,0.04672253080253086,10.781893387553328,near_settlement_1km,-0.03341797385620915,1.0
798_514,1,0.7183318907236556,amenity_distance_m,-0.09311852813852817,5978.930525784861,settlement_distance_m,-0.07044072618203034,392.01429772361325,settlements_within_1km,-0.061283022533022424,2.0,road_distance_m,0.051075949605949744,4.499053918862424,near_settlement_1km,-0.03959654528478074,1.0
800_474,1,0.08036040542295161,road_distance_m,-0.5357132908027643,310.1995968789418,near_road_250m,-0.10151765849799152,0.0,elevation_m,0.028332330001551942,1098.0,elevation_std_m,0.017107957393483683,22.705848693847656,aspect_cos,0.009185714285714283,0.7958285191506567
805_515,1,0.7093820982938629,settlement_distance_m,-0.07848726451367527,341.3943459592076,amenity_distance_m,-0.07568377819930516,6078.734915061321,settlements_within_1km,-0.048623498723498915,2.0,near_settlement_1km,-0.040777170215405945,1.0,elevation_m,0.021484049284049234,1201.0
806_513,1,0.8193837721755372,amenity_distance_m,-0.0939492959495285,5885.873447216426,settlement_distance_m,-0.043727973804384535,504.0068847612029,near_settlement_1km,-0.03527458761282298,1.0,road_distance_m,0.034244706339412345,6.058570817257488,aspect_sin,0.02793951833606989,0.8792919374045267
811_512,1,0.8923058585858586,amenity_distance_m,-0.05998505050505076,5438.625224882192,elevation_m,0.03586199887069441,1044.0,settlement_distance_m,-0.03181913007627302,1000.862700940354,slope_deg,0.02630317306806662,46.58525085449219,elevation_std_m,0.025763492063491933,24.51051521301269
812_517,1,0.8872351613021633,amenity_distance_m,-0.0668348878938162,5545.647655631117,elevation_m,0.04798398268398263,1176.0,road_distance_m,0.030372079864579793,0.7897831612530527,settlement_distance_m,-0.019050216450216317,1048.5526483710178,aspect_sin,-0.017243939393939423,-0.9778024140661972
814_518,1,0.8812896112255585,elevation_m,0.127593861693862,1271.0,amenity_distance_m,-0.07855515016384584,5412.685188229583,slope_deg,0.03165533757023131,41.7542724609375,road_distance_m,-0.019266378066377987,71.64637478519647,elevation_std_m,0.016706349206348947,21.25738906860352
815_507,1,0.5207085886835138,slope_deg,-0.19648550663895514,10.931544303894045,elevation_std_m,-0.16250634736497616,6.036923408508301,road_density_500m_km_per_km2,0.059429365079365026,15.732315638809782,elevation_m,0.050779581529581674,1203.0,amenity_distance_m,-0.03382621243490802,4897.88769120368
830_286,0,0.031966273534516906,road_distance_m,-0.34512437071901675,2002.51440495969,near_road_250m,-0.10486430080141133,0.0,road_density_500m_km_per_km2,-0.043928051833224235,0.0,elevation_m,0.025092887867806987,1842.0,settlement_distance_m,-0.007010496065379922,5540.034528100818
858_291,0,0.07573702214517397,road_distance_m,-0.26582765778283,4786.618513490074,near_road_250m,-0.09036376940044522,0.0,elevation_m,0.06369855711338468,1477.0,settlement_distance_m,-0.03695320721896066,7376.951980969701,aspect_sin,0.03503809523809522,-0.8814801060316131
871_353,0,0.0054376713809956324,road_distance_m,-0.3666221611721611,2882.44326439351,near_road_250m,-0.11453106567904572,0.0,road_density_500m_km_per_km2,-0.04906883116883118,0.0,amenity_distance_m,-0.01148470009522641,5468.239248493087,elevation_std_m,-0.004757142857142857,20.186782836914062
875_51,0,0.11320086580086583,elevation_std_m,-0.3816744715095778,0.8314793705940247,slope_deg,-0.29141323121323115,1.372323989868164,elevation_m,-0.13463607503607503,132.0,road_distance_m,0.011174386724386781,24.91095621277937,settlement_distance_m,0.01056349206349208,3018.4624606660027
877_266,0,0.05966926316288248,road_distance_m,-0.3214041116933817,2219.4806998086947,near_road_250m,-0.08549093531567303,0.0,elevation_m,0.05062196510635788,1217.0,road_density_500m_km_per_km2,-0.03620627694144938,0.0,aspect_sin,0.03224617425917733,-0.9624497422952114
899_269,0,0.0440421744807611,road_distance_m,-0.3218916880054811,1072.7280195412384,near_road_250m,-0.030517939385049916,0.0,aspect_sin,0.02779935064935065,0.9984603731000776,elevation_m,0.026067995163257533,1031.0,road_density_500m_km_per_km2,-0.02116577300094538,0.0
913_280,0,0.04479814117311498,road_distance_m,-0.3757856242984238,739.6074001394956,near_road_250m,-0.08198351326912051,0.0,elevation_m,0.04134990552342877,1472.0,road_density_500m_km_per_km2,-0.018187579656998645,0.0,elevation_std_m,-0.014812454212454196,11.0799560546875
917_1139,0,0.046412534295858544,road_distance_m,-0.2749832900432899,1247.2725211838974,near_road_250m,-0.07392392282190288,0.0,aspect_sin,0.029947402597402594,-0.9778024140661972,amenity_distance_m,-0.01887793188624389,12359.718516215964,settlement_distance_m,0.012371688311688299,1296.4025683634875
918_987,0,0.08896671685802121,road_distance_m,-0.4918521026592452,170.54791644286112,elevation_m,-0.036565452847805824,4749.0,amenity_distance_m,-0.016050686519382212,7649.669034991937,road_density_500m_km_per_km2,0.005166666666666653,5.877087299074433,elevation_std_m,0.004214285714285698,14.429906845092772
937_490,0,0.04821581335396519,road_distance_m,-0.299083745947539,2393.6545274431046,near_road_250m,-0.06713051622849639,0.0,road_density_500m_km_per_km2,-0.04192939493456738,0.0,elevation_m,0.03956861816344574,1711.0,elevation_std_m,-0.022451129426129424,7.302967548370361
940_1007,0,0.0018891254824497331,road_distance_m,-0.20611695526695528,760.816757277898,near_road_250m,-0.04126232861900436,0.0,road_density_500m_km_per_km2,-0.017730075480075477,0.0,amenity_distance_m,-0.004,9938.933699874531,elevation_std_m,-0.0034047619047619044,8.495460510253906
953_463,0,0.09456146949655121,road_distance_m,-0.31767266584666165,744.7789846958849,near_road_250m,-0.10167376187174208,0.0,elevation_m,0.050411600997605034,1903.0,aspect_sin,0.048383177933177944,-0.9301553580111848,road_density_500m_km_per_km2,-0.021634368423787437,0.0
955_518,0,0.0025066468499711004,road_distance_m,-0.36218559218559204,2336.041264204297,near_road_250m,-0.09767789107587117,0.0,road_density_500m_km_per_km2,-0.019541125541125533,0.0,amenity_distance_m,-0.002142857142857143,7417.988388962653,aspect_cos,0.0014856095198560952,0.7337607693486927
965_975,0,0.0007432595523372276,road_distance_m,-0.3309196359196359,945.886893841742,near_road_250m,-0.09834318689116694,0.0,road_density_500m_km_per_km2,-0.029079116013362587,0.0,amenity_distance_m,-0.009122377622377623,7662.391831885387,slope_deg,-0.0044333333333333325,36.311134338378906
969_529,0,0.06587486849894615,road_distance_m,-0.3509368253968253,863.1673216871276,near_road_250m,-0.10012500507298529,0.0,aspect_sin,0.03430772005772003,-0.8778957112378469,settlement_distance_m,0.022589148629148605,1451.077374036041,elevation_std_m,0.019886111111111084,30.17423439025879
980_1051,0,0.021512058105382356,road_distance_m,-0.1827945526695527,353.4258677913147,near_road_250m,-0.03211858371656381,0.0,amenity_distance_m,-0.009749350649350653,9824.142104870893,settlement_distance_m,-0.006396825396825401,4031.080502283925,elevation_std_m,-0.004585714285714287,6.196375370025635
982_1047,0,0.12581570675701112,road_distance_m,-0.28266457431457426,94.09196599266612,amenity_distance_m,-0.043122677081372685,9397.461671742496,elevation_std_m,-0.03143052101562738,7.1922454833984375,slope_deg,-0.027203174603174646,16.708166122436523,elevation_m,-0.025751587301587303,4274.0
991_998,0,0.4975418552036197,elevation_m,-0.09248850574712653,4092.0,elevation_std_m,-0.047179942279942155,8.130114555358887,amenity_distance_m,-0.0418205627705629,5916.961301180313,settlement_distance_m,-0.021756600733011222,231.0157299397464,road_distance_m,-0.019823809523809688,64.00064270917271
993_1052,0,0.009876560269884522,road_distance_m,-0.2184542568542568,892.7376308229972,near_road_250m,-0.04760884345682352,0.0,settlement_distance_m,-0.012166666666666668,4119.718031346576,road_density_500m_km_per_km2,-0.011463852813852817,0.0,amenity_distance_m,-0.01012595704948646,9056.600061068357
1010_457,0,0.045311209756291486,road_distance_m,-0.3897536726176684,1232.1242556466975,near_road_250m,-0.09688790328588343,0.0,road_density_500m_km_per_km2,-0.039819289058708095,0.0,elevation_m,0.038556839092843145,1930.0,elevation_std_m,0.010401587301587294,15.080851554870604
1026_880,0,0.0018324236838742406,road_distance_m,-0.329409775817403,2373.209622866653,near_road_250m,-0.06295040502470786,0.0,road_density_500m_km_per_km2,-0.016119003903250474,0.0,elevation_m,-0.002666666666666666,4172.0,amenity_distance_m,-0.0019322033898305083,3768.419848676782
1057_918,0,0.004455059548383799,road_distance_m,-0.2841806859806861,2401.439790196825,near_road_250m,-0.04561312226979801,0.0,road_density_500m_km_per_km2,-0.017241269841269842,0.0,elevation_std_m,-0.004404761904761904,8.653836250305176,settlement_distance_m,-0.0026499999999999996,3386.576265040683
1100_1252,0,0.11790822510822517,slope_deg,-0.09223001443001445,3.876335859298706,elevation_std_m,-0.08519199134199128,1.9436506032943728,road_density_500m_km_per_km2,0.08000952380952386,47.09594940205015,road_distance_m,-0.07651190476190468,89.60265742081106,amenity_distance_m,-0.03119126984126984,12733.791613165757
1123_788,0,0.015203515962593638,road_distance_m,-0.2840922244422245,744.8202810226641,near_road_250m,-0.0731683170749928,0.0,road_density_500m_km_per_km2,-0.017621118455365042,0.0,elevation_m,-0.01105873015873016,4334.0,settlements_within_1km,0.0076166666666666666,2.0
1124_781,0,0.6940805833836522,amenity_distance_m,-0.060090281698977455,7233.538022047149,settlements_within_1km,-0.021914479964479927,2.0,aspect_cos,-0.021451984126984236,-0.9547003376088528,road_distance_m,0.02044581529581535,39.3988109659912,slope_deg,0.019601226551226536,53.798187255859375
1135_1482,0,6.220240552665621e-05,road_distance_m,-0.2418724497724498,3669.250765104764,near_road_250m,-0.05035249425047435,0.0,road_density_500m_km_per_km2,-0.013373665223665223,0.0,amenity_distance_m,-0.004666666666666666,35947.26713532283,elevation_std_m,-0.002928571428571429,10.593498229980469
1138_1485,0,6.220240552665621e-05,road_distance_m,-0.12271491008991016,3536.183363054185,near_road_250m,-0.024558843456823555,0.0,road_density_500m_km_per_km2,-0.008404617604617604,0.0,elevation_std_m,-0.0069500000000000004,4.52155351638794,slope_deg,-0.0038999999999999994,10.029293060302734
1139_1010,0,0.47269277746408156,elevation_m,-0.08201205461205485,4274.0,amenity_distance_m,-0.07850513171893403,9610.142054981605,road_distance_m,0.056833275613275336,13.522230322837846,settlement_distance_m,-0.03601558441558439,4286.023412037031,elevation_std_m,-0.03232142857142872,8.524474143981934
1140_819,0,0.3162812076812078,elevation_std_m,-0.15426785697962142,4.166296482086182,slope_deg,-0.09649855699855686,5.212227821350098,elevation_m,-0.08235437876299917,4205.0,road_distance_m,0.03784098124098134,35.624744298557765,settlements_within_1km,0.028003535353535336,2.0
1167_1471,0,2.1798365122615804e-05,road_distance_m,-0.09185910200910206,989.5921733856168,near_road_250m,-0.018852011158686902,0.0,road_density_500m_km_per_km2,-0.004978354978354977,0.0,elevation_std_m,-0.00495,3.0951972007751465,slope_deg,-0.0032,5.473633289337158
1169_1408,0,0.0014724588157830664,road_distance_m,-0.08755281385281391,554.2939464524402,near_road_250m,-0.019023439730115475,0.0,elevation_std_m,-0.006188095238095238,3.675074577331543,slope_deg,-0.0059,8.235328674316406,settlement_distance_m,-0.0024166666666666672,10550.802642246885
1170_1438,0,0.13063492063492063,road_distance_m,-0.21090227272727272,184.81351668687412,road_density_500m_km_per_km2,0.07049285714285716,36.06662539169875,slope_deg,-0.03356825396825397,15.609001159667969,amenity_distance_m,-0.033236324786324795,32455.893951866765,settlement_distance_m,-0.03180921325051761,10011.284458975177
1177_1024,0,0.12958398268398272,elevation_std_m,-0.17784321789321764,1.2862040996551514,slope_deg,-0.13019704184704192,2.169212579727173,elevation_m,-0.0312811688311688,4242.0,road_distance_m,-0.014974603174603168,66.24890711315463,aspect_sin,0.01318095238095239,0.8944273331984621
